date,SPY,XLK,XLF,XLE,XLV,XLI,XLP,XLY,XLU,XLB,XLRE,XLC,TLT,GLD
2012-01-03,99.05704498291016,10.700570106506348,8.311224937438965,21.391862869262695,27.605222702026367,26.45854949951172,22.0513973236084,16.60826301574707,10.905695915222168,12.813104629516602,,,79.93417358398438,155.9199981689453
2012-01-04,99.21239471435547,10.729589462280273,8.286307334899902,21.43702507019043,27.47166633605957,26.581287384033203,22.00383758544922,16.73910903930664,10.843976974487305,12.921029090881348,,,78.9837646484375,156.7100067138672
2012-01-05,99.47654724121094,10.7627534866333,8.398445129394531,21.334653854370117,27.550228118896484,26.588956832885742,21.990257263183594,16.878389358520508,10.865582466125488,12.958244323730469,,,78.84321594238281,157.77999877929688
2012-01-06,99.22016906738281,10.766900062561035,8.34860610961914,21.208206176757812,27.597375869750977,26.53525733947754,21.84759521484375,16.90371322631836,10.8069486618042,12.939630508422852,,,79.4655990600586,157.1999969482422
2012-01-09,99.46099090576172,10.750319480895996,8.392221450805664,21.310569763183594,27.64450454711914,26.73471450805664,21.88156509399414,16.878389358520508,10.822381019592285,12.965685844421387,,,79.32508850097656,156.5
2012-01-10,100.32341003417969,10.787633895874023,8.541747093200684,21.500253677368164,27.848752975463867,27.1182861328125,21.9562931060791,16.988126754760742,10.837811470031738,13.2075834274292,,,79.1912612915039,158.63999938964844
2012-01-11,100.37776947021484,10.820799827575684,8.641432762145996,21.211214065551758,27.872318267822266,27.20266342163086,21.861188888549805,17.013452529907227,10.788429260253906,13.337838172912598,,,80.22187805175781,159.6699981689453
2012-01-12,100.61859893798828,10.874698638916016,8.67258071899414,21.012500762939453,27.958730697631836,27.44048500061035,21.854387283325195,17.06409454345703,10.773001670837402,13.523914337158203,,,80.10816955566406,160.3800048828125
2012-01-13,100.0980453491211,10.812507629394531,8.61028003692627,20.907121658325195,27.833044052124023,27.225688934326172,21.83400535583496,17.042993545532227,10.766831398010254,13.434590339660645,,,80.90463256835938,159.25999450683594
2012-01-17,100.4865493774414,10.862257957458496,8.541747093200684,21.05465316772461,28.005874633789062,27.3637638092041,21.9155330657959,17.089418411254883,10.757573127746582,13.509025573730469,,,81.27943420410156,160.5
2012-01-18,101.5975341796875,11.01979923248291,8.67258071899414,21.400897979736328,28.162975311279297,27.6092586517334,21.96308708190918,17.363759994506836,10.754487037658691,13.661609649658203,,,80.29556274414062,161.60000610351562
2012-01-19,102.13359832763672,11.0985746383667,8.753576278686523,21.488208770751953,28.162975311279297,27.900760650634766,22.00383758544922,17.515703201293945,10.664998054504395,13.672771453857422,,,79.1912612915039,161.22000122070312
2012-01-20,102.5143051147461,11.111013412475586,8.809649467468262,21.491220474243164,28.162975311279297,27.73967742919922,22.010643005371094,17.372209548950195,10.68042278289795,13.613226890563965,,,78.29439544677734,162.07000732421875
2012-01-23,102.25013732910156,11.148323059082031,8.840803146362305,21.662839889526367,28.03729820251465,27.708980560302734,21.990257263183594,17.359540939331055,10.7236328125,13.605780601501465,,,77.79910278320312,163.16000366210938
2012-01-24,102.13359832763672,11.140035629272461,8.82834243774414,21.599613189697266,28.04514503479004,27.73967742919922,21.867971420288086,17.41019058227539,10.637226104736328,13.605780601501465,,,77.93966674804688,162.00999450683594
2012-01-25,102.98819732666016,11.22710132598877,8.847031593322754,21.864566802978516,28.249385833740234,28.046524047851562,22.11932945251465,17.53681182861328,10.813118934631348,13.82162857055664,,,77.75222778320312,166.4199981689453
2012-01-26,102.45989990234375,11.152470588684082,8.772269248962402,21.566490173339844,28.123714447021484,27.992820739746094,22.037813186645508,17.507259368896484,10.850156784057617,13.817909240722656,,,78.782958984375,167.27000427246094
2012-01-27,102.4133071899414,11.152470588684082,8.803418159484863,21.521331787109375,28.139421463012695,27.969797134399414,21.888355255126953,17.49460220336914,10.71745777130127,13.836516380310059,,,79.03060913085938,168.97000122070312
2012-01-30,102.06368255615234,11.185639381408691,8.722428321838379,21.41896629333496,28.100149154663086,27.87007713317871,21.74569320678711,17.443960189819336,10.649564743041992,13.82162857055664,,,79.96094512939453,168.02999877929688
2012-01-31,102.02483367919922,11.206369400024414,8.759809494018555,21.28347396850586,28.123714447021484,27.785701751708984,21.75927734375,17.439735412597656,10.702025413513184,13.836516380310059,,,80.884521484375,169.30999755859375
2012-02-01,102.91828918457031,11.318307876586914,8.896875381469727,21.367782592773438,28.39866065979004,28.08487319946289,21.9155330657959,17.498823165893555,10.739056587219238,13.974213600158691,,,79.95801544189453,169.55999755859375
2012-02-02,103.0814208984375,11.347328186035156,8.940486907958984,21.53036880493164,28.288679122924805,28.100221633911133,21.997055053710938,17.47771453857422,10.72054386138916,13.907217979431152,,,79.92452239990234,171.0500030517578
2012-02-03,104.52649688720703,11.492433547973633,9.183467864990234,21.909717559814453,28.453655242919922,28.58350372314453,22.06498908996582,17.83647918701172,10.74831771850586,14.097020149230957,,,78.20702362060547,167.63999938964844
2012-02-06,104.45658111572266,11.49657917022705,9.139856338500977,22.171674728393555,28.296541213989258,28.51445960998535,22.0513973236084,17.798490524291992,10.702025413513184,14.018868446350098,,,78.9852294921875,167.17999267578125
2012-02-07,104.72073364257812,11.525603294372559,9.133625030517578,22.286075592041016,28.39866065979004,28.483787536621094,22.0717716217041,17.882902145385742,10.779175758361816,14.003988265991211,,,78.00575256347656,169.6999969482422
2012-02-08,105.0314712524414,11.596086502075195,9.202157020568848,22.210805892944336,28.39866065979004,28.545154571533203,22.07857322692871,17.925106048583984,10.791519165039062,14.018868446350098,,,78.06611633300781,168.5
2012-02-09,105.16356658935547,11.708024024963379,9.164773941040039,22.213815689086914,28.249385833740234,28.621875762939453,22.20085334777832,17.954654693603516,10.76065731048584,14.033754348754883,,,77.48239135742188,168.02000427246094
2012-02-10,104.38668823242188,11.620956420898438,9.077556610107422,21.991010665893555,28.131559371948242,28.361042022705078,22.153297424316406,17.857580184936523,10.739056587219238,13.788130760192871,,,78.48880767822266,167.13999938964844
2012-02-13,105.16356658935547,11.695584297180176,9.158546447753906,22.1656494140625,28.343656539916992,28.706266403198242,22.24840545654297,18.001081466674805,10.726716995239258,13.825353622436523,,,78.58940887451172,167.50999450683594
2012-02-14,105.0314712524414,11.71631145477295,9.071325302124023,22.204782485961914,28.461505889892578,28.60652732849121,22.30275535583496,17.979984283447266,10.729798316955566,13.64671802520752,,,79.00531768798828,167.1199951171875
2012-02-15,104.54203796386719,11.65412712097168,9.015253067016602,22.16864776611328,28.40650749206543,28.23063087463379,22.29595947265625,17.899789810180664,10.708197593688965,13.657886505126953,,,78.86449432373047,168.11000061035156
2012-02-16,105.69967651367188,11.82410717010498,9.158546447753906,22.45769691467285,28.56362533569336,28.491466522216797,22.438617706298828,17.975753784179688,10.822381019592285,13.899782180786133,,,78.23384094238281,168.0
2012-02-17,105.97933959960938,11.82410717010498,9.214618682861328,22.54199981689453,28.469375610351562,28.598867416381836,22.45899772644043,18.13192367553711,10.816208839416504,13.907217979431152,,,78.21372985839844,167.35000610351562
2012-02-21,106.02595520019531,11.873861312866211,9.20838737487793,22.69554901123047,28.265113830566406,28.69858741760254,22.329925537109375,18.0686092376709,10.776087760925293,13.989092826843262,,,77.34822082519531,171.02000427246094
2012-02-22,105.6841049194336,11.832398414611816,9.090012550354004,22.746726989746094,28.265113830566406,28.667898178100586,22.268789291381836,18.02219009399414,10.788429260253906,13.966769218444824,,,78.321044921875,172.94000244140625
2012-02-23,106.15027618408203,11.87800407409668,9.171006202697754,22.86113929748535,28.288679122924805,28.759958267211914,22.384279251098633,18.11081886291504,10.779175758361816,13.981653213500977,,,78.321044921875,173.02000427246094
2012-02-24,106.38335418701172,11.948484420776367,9.139856338500977,22.951457977294922,28.430068969726562,28.75227928161621,22.45899772644043,18.08971405029297,10.825468063354492,13.974213600158691,,,78.83089447021484,172.22999572753906
2012-02-27,106.56202697753906,11.969219207763672,9.20838737487793,22.879209518432617,28.485082626342773,28.77530288696289,22.45899772644043,18.19523811340332,10.822381019592285,13.97792911529541,,,79.52864074707031,171.6999969482422
2012-02-28,106.872802734375,12.056278228759766,9.233315467834473,22.803937911987305,28.595054626464844,28.736942291259766,22.533723831176758,18.29652214050293,10.769913673400879,14.022587776184082,,,79.26699829101562,173.49000549316406
2012-02-29,106.45330810546875,12.002381324768066,9.195929527282715,22.54500389099121,28.4222354888916,28.56049346923828,22.57448959350586,18.228992462158203,10.766831398010254,13.758365631103516,,,78.78397369384766,164.2899932861328
2012-03-01,107.00483703613281,12.072864532470703,9.295614242553711,22.761789321899414,28.571487426757812,28.660219192504883,22.5405216217041,18.380943298339844,10.794605255126953,13.910945892333984,,,78.04228210449219,166.61000061035156
2012-03-02,106.67855072021484,12.056278228759766,9.2644624710083,22.502853393554688,28.524354934692383,28.491466522216797,22.5609073638916,18.36827850341797,10.788429260253906,13.877453804016113,,,78.77519989013672,166.33999633789062
2012-03-05,106.24348449707031,11.952629089355469,9.227079391479492,22.35834312438965,28.461505889892578,28.292007446289062,22.66279411315918,18.351394653320312,10.813118934631348,13.65416431427002,,,78.14989471435547,165.64999389648438
2012-03-06,104.68964385986328,11.836546897888184,9.002787590026855,21.994029998779297,28.0922908782959,27.655284881591797,22.47259521484375,18.06439781188965,10.769913673400879,13.375052452087402,,,79.09795379638672,162.6999969482422
2012-03-07,105.41996765136719,11.923612594604492,9.114935874938965,22.177684783935547,28.217967987060547,27.939117431640625,22.506553649902344,18.271198272705078,10.776087760925293,13.408540725708008,,,78.61384582519531,163.6300048828125
2012-03-08,106.46878814697266,12.043842315673828,9.202157020568848,22.35834312438965,28.53221321105957,28.33803367614746,22.66279411315918,18.456912994384766,10.810030937194824,13.631834983825684,,,77.82706451416016,165.27999877929688
2012-03-09,106.88056945800781,12.097735404968262,9.276922225952148,22.337257385253906,28.650054931640625,28.39940643310547,22.737537384033203,18.56243133544922,10.85323715209961,13.635560035705566,,,77.98175811767578,166.3800048828125
2012-03-12,106.88835906982422,12.11431884765625,9.252001762390137,22.213815689086914,28.650054931640625,28.3917236328125,22.819053649902344,18.51177978515625,10.976675033569336,13.561121940612793,,,77.9682846069336,165.07000732421875
2012-03-13,108.81510162353516,12.354781150817871,9.607129096984863,22.481782913208008,29.058544158935547,28.98242950439453,22.988889694213867,18.79878044128418,11.013707160949707,13.784416198730469,,,76.59654998779297,162.3000030517578
2012-03-14,108.69859313964844,12.40038776397705,9.619590759277344,22.264999389648438,29.05068588256836,28.913373947143555,22.920955657958984,18.773462295532227,10.850156784057617,13.732315063476562,,,74.66665649414062,159.57000732421875
2012-03-15,109.32786560058594,12.433557510375977,9.787806510925293,22.301130294799805,29.097816467285156,29.258594512939453,22.961702346801758,18.836769104003906,10.840892791748047,13.832792282104492,,,74.78097534179688,161.0800018310547
2012-03-16,109.47923278808594,12.427729606628418,9.825307846069336,22.607912063598633,29.094654083251953,29.271703720092773,22.946691513061523,18.776226043701172,10.832173347473145,13.859314918518066,,,74.92893981933594,161.3000030517578
2012-03-19,109.90838623046875,12.519235610961914,9.875309944152832,22.71068000793457,29.086767196655273,29.271703720092773,22.960344314575195,18.87360191345215,10.757424354553223,13.945242881774902,,,74.03458404541016,161.58999633789062
2012-03-20,109.58845520019531,12.506756782531738,9.925310134887695,22.369138717651367,28.936756134033203,28.932592391967773,22.946691513061523,18.903240203857422,10.769883155822754,13.866788864135742,,,74.33045196533203,160.1300048828125
2012-03-21,109.40899658203125,12.502596855163574,9.881562232971191,22.10315704345703,28.920969009399414,28.91716766357422,22.9808349609375,18.928638458251953,10.748082160949707,13.866788864135742,,,75.17095947265625,160.2100067138672
2012-03-22,108.620849609375,12.473485946655273,9.750303268432617,21.604455947875977,28.82622718811035,28.593467712402344,23.001327514648438,18.882076263427734,10.772998809814453,13.642650604248047,,,75.4130859375,159.57000732421875
2012-03-23,108.9720458984375,12.473485946655273,9.831561088562012,21.840206146240234,28.913061141967773,28.639711380004883,23.055965423583984,18.903240203857422,10.776113510131836,13.788339614868164,,,76.1258544921875,161.52999877929688
2012-03-26,110.50145721435547,12.656488418579102,9.987813949584961,22.00342559814453,29.418367385864258,29.063610076904297,23.21303367614746,19.203824996948242,10.850861549377441,13.967647552490234,,,75.73583221435547,164.39999389648438
2012-03-27,110.15814208984375,12.652328491210938,9.894058227539062,21.78278350830078,29.473642349243164,28.971105575561523,23.199378967285156,19.174190521240234,10.903806686401367,13.937765121459961,,,76.2805404663086,163.24000549316406
2012-03-28,109.6119155883789,12.606575965881348,9.919063568115234,21.510765075683594,29.410480499267578,28.69365692138672,23.144739151000977,19.009077072143555,10.813488006591797,13.743512153625488,,,76.17292785644531,161.50999450683594
2012-03-29,109.42457580566406,12.581624031066895,9.819056510925293,21.510765075683594,29.473642349243164,28.70907974243164,23.137910842895508,19.004852294921875,10.857089042663574,13.762185096740723,,,76.74447631835938,161.27999877929688
2012-03-30,109.87720489501953,12.544191360473633,9.875309944152832,21.686065673828125,29.694717407226562,28.840106964111328,23.274499893188477,19.089521408081055,10.91314697265625,13.81075382232666,,,75.44672393798828,162.1199951171875
2012-04-02,110.6809310913086,12.677284240722656,9.950310707092285,21.897632598876953,29.797351837158203,29.025070190429688,23.45888900756836,19.140323638916016,10.96921157836914,14.005006790161133,,,75.86470794677734,162.94000244140625
2012-04-03,110.22836303710938,12.668965339660645,9.894058227539062,21.70721435546875,29.78157615661621,28.816978454589844,23.32913589477539,19.102222442626953,10.962983131408691,13.900411605834961,,,74.55001831054688,159.88999938964844
2012-04-04,109.13589477539062,12.519235610961914,9.737807273864746,21.429147720336914,29.623655319213867,28.60888671875,23.25401496887207,18.924415588378906,10.947409629821777,13.706153869628906,,,75.57476043701172,157.2100067138672
2012-04-05,109.08126831054688,12.54835319519043,9.71280288696289,21.308263778686523,29.615758895874023,28.493276596069336,23.25401496887207,19.055648803710938,10.866434097290039,13.627706527709961,,,76.12088012695312,158.30999755859375
2012-04-09,107.85617065429688,12.461006164550781,9.562800407409668,21.03925323486328,29.244672775268555,28.030847549438477,23.042299270629883,18.882076263427734,10.810373306274414,13.42971420288086,,,77.90071868896484,159.3699951171875
2012-04-10,106.04581451416016,12.2863187789917,9.356545448303223,20.625181198120117,28.913061141967773,27.46051788330078,22.83742332458496,18.42060089111328,10.670220375061035,13.153281211853027,,,78.78385925292969,161.10000610351562
2012-04-11,106.9041976928711,12.357023239135742,9.506546974182129,20.6312313079834,29.015708923339844,27.768800735473633,22.95351219177246,18.674619674682617,10.695135116577148,13.295231819152832,,,77.83998107910156,161.07000732421875
2012-04-12,108.30094146728516,12.510915756225586,9.681557655334473,21.08156967163086,29.17363166809082,28.36225700378418,22.967182159423828,18.911706924438477,10.729393005371094,13.65758991241455,,,77.51643371582031,162.6999969482422
2012-04-13,107.0134506225586,12.315436363220215,9.456546783447266,20.76421546936035,28.88149070739746,28.000022888183594,22.967182159423828,18.860904693603516,10.692022323608398,13.49695873260498,,,78.77035522460938,160.85000610351562
2012-04-16,106.94320678710938,12.186494827270508,9.525300025939941,20.625181198120117,28.889385223388672,28.077089309692383,23.062793731689453,18.79316520690918,10.791685104370117,13.538052558898926,,,78.65577697753906,160.4600067138672
2012-04-17,108.52725982666016,12.452686309814453,9.65030574798584,20.960681915283203,29.31574058532715,28.53951644897461,23.294994354248047,18.99214744567871,10.847745895385742,13.721095085144043,,,78.60855865478516,160.25
2012-04-18,108.16049194335938,12.361186981201172,9.587798118591309,20.91835594177246,29.236780166625977,28.416202545166016,23.294994354248047,19.02178382873535,10.829056739807129,13.68374252319336,,,78.8377685546875,159.30999755859375
2012-04-19,107.46601104736328,12.223931312561035,9.544050216674805,20.891159057617188,29.284162521362305,28.1002140045166,23.219867706298828,18.86936378479004,10.80102825164795,13.63516902923584,,,78.91193389892578,159.42999267578125
2012-04-20,107.64549255371094,12.178183555603027,9.494050025939941,20.842798233032227,29.44205665588379,28.339128494262695,23.431575775146484,18.899002075195312,10.906922340393066,13.627706527709961,,,78.9254379272461,159.5399932861328
2012-04-23,106.74031829833984,12.082521438598633,9.42529582977295,20.8216495513916,29.21310043334961,28.023149490356445,23.069616317749023,18.695785522460938,10.860200881958008,13.459599494934082,,,79.4984359741211,159.07000732421875
2012-04-24,107.14608001708984,12.057561874389648,9.531547546386719,20.975791931152344,29.31574058532715,28.393095016479492,23.07645606994629,18.632282257080078,10.934951782226562,13.459599494934082,,,78.93891906738281,159.3000030517578
2012-04-25,108.61310577392578,12.398615837097168,9.61280345916748,21.184324264526367,29.623655319213867,28.447036743164062,23.226688385009766,18.945571899414062,10.991011619567871,13.743512153625488,,,78.53441619873047,159.6199951171875
2012-04-26,109.36994934082031,12.494279861450195,9.694056510925293,21.407997131347656,29.615758895874023,28.61659049987793,23.43840789794922,19.18265724182129,11.053298950195312,13.728567123413086,,,79.00630187988281,161.02999877929688
2012-04-27,109.5494613647461,12.490118980407715,9.700302124023438,21.398927688598633,29.631563186645508,28.79384994506836,23.404260635375977,19.419740676879883,11.09067440032959,13.795809745788574,,,79.07376861572266,161.3800048828125
2012-04-30,109.14370727539062,12.402778625488281,9.644052505493164,21.531917572021484,29.615758895874023,28.52410316467285,23.34279441833496,19.309669494628906,11.106245040893555,13.698683738708496,,,79.09396362304688,161.8800048828125
2012-05-01,109.82259368896484,12.444367408752441,9.744056701660156,21.840206146240234,29.726285934448242,28.60888671875,23.404260635375977,19.436683654785156,11.162310600280762,13.780868530273438,,,78.68375396728516,161.32000732421875
2012-05-02,109.49483489990234,12.452686309814453,9.669052124023438,21.483562469482422,29.671035766601562,28.61659049987793,23.424745559692383,19.542516708374023,11.096905708312988,13.713629722595215,,,79.23792266845703,160.58999633789062
2012-05-03,108.65990447998047,12.348709106445312,9.587798118591309,21.126911163330078,29.560495376586914,28.38538360595703,23.45888900756836,19.390111923217773,11.062644958496094,13.556732177734375,,,79.21765899658203,158.97000122070312
2012-05-04,106.9041976928711,12.090832710266113,9.437795639038086,20.643314361572266,29.17363166809082,27.976898193359375,23.274499893188477,19.01331329345703,11.078215599060059,13.32885456085205,,,79.83934783935547,159.47000122070312
2012-05-07,106.98223114013672,12.057561874389648,9.494050025939941,20.582870483398438,29.236780166625977,27.899826049804688,23.308652877807617,19.004852294921875,11.056413650512695,13.340056419372559,,,79.85287475585938,159.0800018310547
2012-05-08,106.5530014038086,12.015972137451172,9.431544303894043,20.516372680664062,29.244672775268555,27.83045768737793,23.25401496887207,18.776226043701172,11.075103759765625,13.276548385620117,,,80.27867126464844,156.0
2012-05-09,105.92098999023438,12.015972137451172,9.325291633605957,20.41663932800293,29.047290802001953,27.50676918029785,23.137910842895508,18.704259872436523,11.081332206726074,13.15700912475586,,,80.33270263671875,154.47000122070312
2012-05-10,106.13945007324219,11.924468040466309,9.362792015075684,20.50428581237793,29.25258445739746,27.545307159423828,23.301809310913086,18.767763137817383,11.184107780456543,13.115921974182129,,,80.09617614746094,154.77000427246094
2012-05-11,105.81951904296875,11.93278980255127,9.256539344787598,20.35315704345703,29.22099494934082,27.491344451904297,23.24034309387207,18.72966194152832,11.190340995788574,13.078559875488281,,,80.75848388671875,153.55999755859375
2012-05-14,104.6490478515625,11.828803062438965,9.0690336227417,20.014652252197266,29.126243591308594,27.175355911254883,23.144739151000977,18.46717071533203,11.177882194519043,12.899252891540527,,,81.88713073730469,151.3300018310547
2012-05-15,104.04818725585938,11.795530319213867,9.01902961730957,19.682180404663086,28.952543258666992,27.036632537841797,23.11741828918457,18.43753433227539,11.100017547607422,12.70499324798584,,,82.21817016601562,149.74000549316406
2012-05-16,103.65023040771484,11.699872016906738,8.88778018951416,19.570344924926758,28.999919891357422,27.005802154541016,23.192554473876953,18.40790367126465,11.11559009552002,12.566771507263184,,,82.4546890258789,149.4600067138672
2012-05-17,102.11300659179688,11.533499717712402,8.706521987915039,19.446426391601562,28.731473922729492,26.427764892578125,23.028636932373047,17.92103385925293,11.053298950195312,12.290337562561035,,,83.91446685791016,152.8000030517578
2012-05-18,101.23905181884766,11.425359725952148,8.60651683807373,19.325531005859375,28.47881507873535,26.296743392944336,22.89205551147461,17.785551071166992,11.031498908996582,12.241771697998047,,,83.93478393554688,154.5500030517578
2012-05-21,102.9791488647461,11.708189964294434,8.687771797180176,19.76983642578125,28.755159378051758,26.882484436035156,22.9808349609375,18.098844528198242,11.043956756591797,12.600394248962402,,,83.75907135009766,154.64999389648438
2012-05-22,103.15859985351562,11.670755386352539,8.756525993347168,19.72147560119629,28.676210403442383,26.982675552368164,23.008148193359375,18.170820236206055,11.121820449829102,12.52194881439209,,,82.82644653320312,152.0800018310547
2012-05-23,103.21328735351562,11.68323802947998,8.7877779006958,19.79400634765625,28.54987144470215,27.129119873046875,22.946691513061523,18.268192291259766,11.062644958496094,12.671371459960938,,,83.40088653564453,151.6199951171875
2012-05-24,103.41613006591797,11.616689682006836,8.794026374816895,19.778905868530273,28.82622718811035,27.098283767700195,23.16522979736328,18.352863311767578,11.106245040893555,12.749823570251465,,,83.08319854736328,151.41000366210938
2012-05-25,103.08060455322266,11.591728210449219,8.762775421142578,19.685205459594727,28.755159378051758,26.913320541381836,23.144739151000977,18.32322883605957,11.143621444702148,12.697525978088379,,,83.39407348632812,152.67999267578125
2012-05-29,104.32909393310547,11.745623588562012,8.88778018951416,20.014652252197266,28.84990692138672,27.275550842285156,23.308652877807617,18.577251434326172,11.177882194519043,12.917932510375977,,,83.1373062133789,151.02000427246094
2012-05-30,102.81529235839844,11.670755386352539,8.681520462036133,19.401090621948242,28.684099197387695,26.820831298828125,23.11741828918457,18.285120010375977,11.109362602233887,12.686317443847656,,,85.24578857421875,151.91000366210938
2012-05-31,102.5890121459961,11.616689682006836,8.756525993347168,19.231836318969727,28.541982650756836,26.720632553100586,23.069616317749023,18.247024536132812,11.168536186218262,12.634020805358887,,,86.23249053955078,151.6199951171875
2012-06-01,100.00611877441406,11.313064575195312,8.431512832641602,18.751266479492188,28.03668212890625,25.98074722290039,22.646202087402344,17.67125129699707,11.121820449829102,12.36505126953125,,,88.27967071533203,157.5
2012-06-04,99.95931243896484,11.379609107971191,8.350259780883789,18.736154556274414,28.099838256835938,25.711000442504883,22.72132110595703,17.73474884033203,11.159194946289062,12.376255989074707,,,87.58213806152344,157.32000732421875
2012-06-05,100.7162094116211,11.4503173828125,8.487770080566406,18.89634132385254,28.25774383544922,25.788076400756836,22.694002151489258,17.832128524780273,11.19968032836914,12.495795249938965,,,86.41058349609375,157.13999938964844
2012-06-06,102.9791488647461,11.712345123291016,8.737771987915039,19.479673385620117,28.69989585876465,26.47401237487793,23.001327514648438,18.21738624572754,11.35540771484375,12.809595108032227,,,84.68376159667969,157.2100067138672
2012-06-07,103.04158782958984,11.654117584228516,8.731525421142578,19.491764068603516,28.715686798095703,26.62044906616211,23.08326530456543,18.21738624572754,11.442615509033203,12.832006454467773,,,84.81238555908203,154.5
2012-06-08,103.86094665527344,11.78305435180664,8.837778091430664,19.494787216186523,28.889385223388672,26.820831298828125,23.281322479248047,18.378265380859375,11.46752643585205,12.917932510375977,,,84.7920150756836,154.72999572753906
2012-06-11,102.54217529296875,11.616689682006836,8.675271987915039,19.22880744934082,28.6367244720459,26.47401237487793,23.17205810546875,18.098844528198242,11.458183288574219,12.67884635925293,,,85.17804718017578,155.36000061035156
2012-06-12,103.72049713134766,11.733141899108887,8.806528091430664,19.500829696655273,28.905179977416992,26.897899627685547,23.281322479248047,18.293588638305664,11.470643997192383,12.914193153381348,,,84.39925384521484,156.4600067138672
2012-06-13,103.05719757080078,11.662435531616211,8.775278091430664,19.252992630004883,28.87359046936035,26.628150939941406,23.2471866607666,18.026878356933594,11.4737548828125,12.716202735900879,,,85.23223876953125,157.1199951171875
2012-06-14,104.14966583251953,11.720664024353027,8.881525993347168,19.55523681640625,29.307844161987305,26.836244583129883,23.568161010742188,18.268192291259766,11.551621437072754,12.820801734924316,,,85.12390899658203,157.75
2012-06-15,105.21481323242188,11.845511436462402,9.005875587463379,19.929096221923828,29.41817283630371,27.071653366088867,23.606670379638672,18.44747543334961,11.608832359313965,12.969162940979004,,,85.59791564941406,157.83999633789062
2012-06-18,105.41874694824219,11.933194160461426,8.955636024475098,19.749908447265625,29.61663055419922,27.133594512939453,23.66855239868164,18.579187393188477,11.652841567993164,13.036768913269043,,,86.05845642089844,157.92999267578125
2012-06-19,106.43843841552734,12.025050163269043,9.106359481811523,20.0353946685791,29.886518478393555,27.49755096435547,23.64792823791504,18.7491397857666,11.627692222595215,13.284655570983887,,,84.93424224853516,157.16000366210938
2012-06-20,106.2658462524414,12.045927047729492,9.125201225280762,19.956432342529297,29.807138442993164,27.35042381286621,23.524152755737305,18.727895736694336,11.514527320861816,13.209539413452148,,,85.35416412353516,155.97000122070312
2012-06-21,103.88138580322266,11.762001037597656,8.924234390258789,19.139467239379883,29.394363403320312,26.81610870361328,23.249094009399414,18.32002830505371,11.395072937011719,12.777610778808594,,,85.807861328125,152.02000427246094
2012-06-22,104.68148040771484,11.891436576843262,9.005875587463379,19.267024993896484,29.70395278930664,26.909042358398438,23.317859649658203,18.400747299194336,11.398215293884277,12.84521770477295,,,84.66343688964844,152.63999938964844
2012-06-25,103.00288391113281,11.649269104003906,8.817471504211426,18.835756301879883,29.338796615600586,26.41344451904297,23.173460006713867,18.116098403930664,11.376212120056152,12.683712005615234,,,85.89591217041016,153.75999450683594
2012-06-26,103.52058410644531,11.695198059082031,8.861432075500488,19.03924560546875,29.42612075805664,26.45990562438965,23.228466033935547,18.341270446777344,11.391932487487793,12.72502613067627,,,85.55731964111328,152.6199951171875
2012-06-27,104.45401000976562,11.766175270080566,8.968196868896484,19.434062957763672,29.743648529052734,26.715436935424805,23.365991592407227,18.315780639648438,11.520814895629883,12.863997459411621,,,85.6927719116211,152.8300018310547
2012-06-28,104.1558837890625,11.670145034790039,8.961917877197266,19.567689895629883,29.608692169189453,26.69222068786621,23.469141006469727,18.213808059692383,11.561680793762207,12.86775016784668,,,85.90267181396484,151.0500030517578
2012-06-29,106.75218963623047,11.995819091796875,9.194284439086914,20.15687370300293,30.172273635864258,27.62144660949707,23.909231185913086,18.60043716430664,11.627692222595215,13.254606246948242,,,84.78531646728516,155.19000244140625
2012-07-02,107.07376098632812,12.062626838684082,9.250807762145996,20.165983200073242,30.267545700073242,27.381389617919922,24.0467586517334,18.65566635131836,11.699991226196289,13.187006950378418,,,85.66007232666016,155.08999633789062
2012-07-03,107.77974700927734,12.158661842346191,9.30105209350586,20.64887809753418,30.259593963623047,27.667905807495117,24.15677833557129,18.638669967651367,11.671699523925781,13.374794960021973,,,85.00179290771484,157.4600067138672
2012-07-05,107.29338836669922,12.158661842346191,9.162882804870605,20.378578186035156,30.069101333618164,27.636938095092773,24.067398071289062,18.68541145324707,11.60254192352295,13.356019020080566,,,85.43617248535156,155.67999267578125
2012-07-06,106.27369689941406,11.979124069213867,9.087519645690918,20.132572174072266,29.870635986328125,27.265233993530273,24.03989028930664,18.59618377685547,11.577397346496582,13.202032089233398,,,86.2301254272461,153.7100067138672
2012-07-09,106.14036560058594,11.954069137573242,9.074960708618164,20.041467666625977,30.029409408569336,27.249752044677734,24.01238250732422,18.494218826293945,11.539677619934082,13.119392395019531,,,86.99024200439453,154.0399932861328
2012-07-10,105.21481323242188,11.820453643798828,9.005875587463379,19.728652954101562,29.886518478393555,26.80837631225586,24.03989028930664,18.383750915527344,11.55853271484375,12.924087524414062,,,87.16675567626953,152.14999389648438
2012-07-11,105.23049926757812,11.766175270080566,9.081238746643066,19.99591064453125,29.862693786621094,26.591543197631836,24.00550651550293,18.277536392211914,11.618261337280273,12.882774353027344,,,87.27532958984375,152.99000549316406
2012-07-12,104.72066497802734,11.649269104003906,8.987035751342773,19.929096221923828,29.934152603149414,26.490880966186523,24.026132583618164,18.23505401611328,11.633977890014648,12.818924903869629,,,87.89285278320312,152.58999633789062
2012-07-13,106.47765350341797,11.803754806518555,9.238247871398926,20.27835464477539,30.267545700073242,27.00196075439453,24.294309616088867,18.532459259033203,11.737713813781738,13.048028945922852,,,87.662109375,154.13999938964844
2012-07-16,106.22663879394531,11.791230201721191,9.219405174255371,20.345170974731445,30.32311248779297,26.81610870361328,24.170534133911133,18.413490295410156,11.731420516967773,12.99920654296875,,,88.06930541992188,154.2100067138672
2012-07-17,106.95611572265625,11.837158203125,9.269645690917969,20.60028648376465,30.712074279785156,26.932266235351562,24.2736873626709,18.59618377685547,11.756572723388672,13.164467811584473,,,87.3770980834961,153.47000122070312
2012-07-18,107.74832153320312,12.041751861572266,9.225687980651855,20.77946662902832,30.75970458984375,27.435598373413086,24.280559539794922,18.69390869140625,11.794295310974121,13.243342399597168,,,87.42462921142578,153.0500030517578
2012-07-19,108.03068542480469,12.146135330200195,9.169164657592773,20.8432559967041,30.75970458984375,27.567237854003906,24.246177673339844,18.81711769104004,11.816300392150879,13.386066436767578,,,87.20065307617188,153.3800048828125
2012-07-20,107.04240417480469,12.008347511291504,9.030998229980469,20.8918399810791,30.362791061401367,27.226520538330078,24.09489631652832,18.58768653869629,11.841445922851562,13.303436279296875,,,88.26614379882812,153.6699981689453
2012-07-23,105.95994567871094,11.891436576843262,8.955636024475098,20.69139289855957,30.005599975585938,27.08713150024414,23.888601303100586,18.315780639648438,11.762860298156738,13.093108177185059,,,88.7615737915039,153.02999877929688
2012-07-24,105.05005645751953,11.770353317260742,8.930514335632324,20.36035919189453,29.672199249267578,26.785137176513672,23.812955856323242,18.19256591796875,11.659128189086914,12.890286445617676,,,89.46051788330078,153.52000427246094
2012-07-25,105.0736312866211,11.7244234085083,8.961917877197266,20.375547409057617,29.81509017944336,26.878061294555664,23.81983184814453,18.15433692932129,11.652841567993164,12.890286445617676,,,89.69129943847656,155.6699981689453
2012-07-26,106.80706024169922,11.903962135314941,9.100085258483887,20.95562171936035,30.10083770751953,27.288469314575195,24.2117919921875,18.44747543334961,11.835161209106445,12.950382232666016,,,88.87014770507812,156.77000427246094
2012-07-27,108.77579498291016,12.162835121154785,9.269645690917969,21.326141357421875,30.82320213317871,27.884729385375977,24.486848831176758,18.812862396240234,11.973471641540527,13.187006950378418,,,87.19386291503906,157.5399932861328
2012-07-30,108.77579498291016,12.167012214660645,9.250807762145996,21.386877059936523,30.66443634033203,27.807294845581055,24.610624313354492,18.740633010864258,12.01748275756836,13.175734519958496,,,87.84538269042969,157.42999267578125
2012-07-31,108.01500701904297,12.217117309570312,9.2068452835083,21.153032302856445,30.47392463684082,27.7298526763916,24.500600814819336,18.49847412109375,11.92003345489502,13.08559513092041,,,88.02179718017578,156.49000549316406
2012-08-01,107.92086029052734,12.175360679626465,9.162882804870605,21.25628662109375,30.489810943603516,27.54400634765625,24.37682342529297,18.421995162963867,11.828874588012695,13.089349746704102,,,87.58177947998047,155.13999938964844
2012-08-02,107.17572784423828,12.096027374267578,9.09380054473877,20.900949478149414,30.196102142333984,27.404626846313477,24.177412033081055,18.468719482421875,11.762860298156738,12.935358047485352,,,88.07825469970703,154.1300048828125
2012-08-03,109.30137634277344,12.334025382995605,9.307330131530762,21.392959594726562,30.553316116333008,28.00089454650879,24.583114624023438,18.834104537963867,11.901175498962402,13.190756797790527,,,86.65685272216797,155.5500030517578
2012-08-06,109.51314544677734,12.421708106994629,9.345016479492188,21.450654983520508,30.56125831604004,28.00089454650879,24.569364547729492,18.90208625793457,11.872878074645996,13.31094741821289,,,86.69086456298828,156.3000030517578
2012-08-07,110.06217193603516,12.50521469116211,9.38269329071045,21.7725830078125,30.489810943603516,28.28738784790039,24.438716888427734,19.08052635192871,11.750290870666504,13.464943885803223,,,85.57553100585938,156.27999877929688
2012-08-08,110.19557189941406,12.509393692016602,9.38269329071045,21.79080581665039,30.60093879699707,28.24868392944336,24.610624313354492,18.9870548248291,11.766003608703613,13.479965209960938,,,85.11991882324219,156.47999572753906
2012-08-09,110.28966522216797,12.551143646240234,9.376413345336914,21.939617156982422,30.585058212280273,28.271900177001953,24.507474899291992,18.974302291870117,11.766003608703613,13.555085182189941,,,85.05867004394531,156.99000549316406
2012-08-10,110.47005462646484,12.580374717712402,9.38269329071045,21.979106903076172,30.712074279785156,28.40354347229004,24.500600814819336,18.957313537597656,11.800580978393555,13.543817520141602,,,85.48715209960938,157.17999267578125
2012-08-13,110.41517639160156,12.617949485778809,9.3889741897583,21.897104263305664,30.6326847076416,28.341596603393555,24.493722915649414,18.965808868408203,11.788006782531738,13.468696594238281,,,85.34429931640625,155.99000549316406
2012-08-14,110.43083190917969,12.592899322509766,9.376413345336914,21.85762596130371,30.712074279785156,28.302885055541992,24.58999252319336,19.012554168701172,11.775433540344238,13.40860366821289,,,84.18817138671875,155.1300048828125
2012-08-15,110.55632781982422,12.597074508666992,9.407815933227539,21.854585647583008,30.783506393432617,28.364831924438477,24.603748321533203,19.072031021118164,11.718853950500488,13.431138038635254,,,83.00482940673828,155.6300048828125
2012-08-16,111.37208557128906,12.768266677856445,9.470617294311523,22.0489501953125,30.704133987426758,28.651336669921875,24.665637969970703,19.229230880737305,11.69056224822998,13.630204200744629,,,82.29750061035156,156.55999755859375
2012-08-17,111.5210952758789,12.839245796203613,9.5020170211792,22.039838790893555,30.545377731323242,28.790740966796875,24.68625831604004,19.30145835876465,11.659128189086914,13.61142349243164,,,82.69877624511719,156.72000122070312
2012-08-20,111.52898406982422,12.85176944732666,9.527134895324707,21.963916778564453,30.608882904052734,28.72878646850586,24.68625831604004,19.220727920532227,11.68112564086914,13.58513069152832,,,82.86878204345703,157.25999450683594
2012-08-21,111.1916732788086,12.768266677856445,9.558540344238281,21.894067764282227,30.50568962097168,28.666833877563477,24.534982681274414,19.19524383544922,11.596259117126465,13.603910446166992,,,83.23605346679688,158.8300018310547
2012-08-22,111.23876953125,12.789138793945312,9.545978546142578,21.97606658935547,30.52950096130371,28.527454376220703,24.45933723449707,19.250471115112305,11.577397346496582,13.71658992767334,,,84.60980987548828,160.5399932861328
2012-08-23,110.32888793945312,12.684758186340332,9.451775550842285,21.733097076416016,30.489810943603516,28.29513931274414,24.266801834106445,19.118764877319336,11.457945823669434,13.487478256225586,,,84.96345520019531,161.88999938964844
2012-08-24,110.99560546875,12.764090538024902,9.5020170211792,21.860654830932617,30.751752853393555,28.426780700683594,24.479969024658203,19.275959014892578,11.511385917663574,13.461186408996582,,,84.88188171386719,161.97000122070312
2012-08-27,111.01910400390625,12.776613235473633,9.495732307434082,21.869770050048828,30.783506393432617,28.341596603393555,24.514360427856445,19.24622344970703,11.536528587341309,13.382312774658203,,,85.37832641601562,161.36000061035156
2012-08-28,110.90928649902344,12.747387886047363,9.483177185058594,21.884950637817383,30.735898971557617,28.233186721801758,24.528104782104492,19.284460067749023,11.514527320861816,13.352269172668457,,,85.58235931396484,161.63999938964844
2012-08-29,110.99560546875,12.772442817687988,9.5020170211792,21.739179611206055,30.83907127380371,28.22545051574707,24.473093032836914,19.377931594848633,11.495664596557617,13.382312774658203,,,85.20829772949219,160.58999633789062
2012-08-30,110.19557189941406,12.630477905273438,9.451775550842285,21.508359909057617,30.735898971557617,27.985395431518555,24.37682342529297,19.271713256835938,11.43908405303955,13.262120246887207,,,85.65034484863281,160.52000427246094
2012-08-31,110.72106170654297,12.73068618774414,9.52086067199707,21.72399139404297,30.831140518188477,28.155759811401367,24.383695602416992,19.352436065673828,11.426507949829102,13.389822006225586,,,86.86091613769531,164.22000122070312
2012-09-04,110.61904907226562,12.73068618774414,9.52086067199707,21.556955337524414,30.894641876220703,27.86149787902832,24.528104782104492,19.305707931518555,11.470514297485352,13.217049598693848,,,86.77366638183594,164.47999572753906
2012-09-05,110.52499389648438,12.718161582946777,9.52086067199707,21.474950790405273,30.90258026123047,27.784061431884766,24.486848831176758,19.335445404052734,11.420219421386719,13.277141571044922,,,86.3647689819336,164.30999755859375
2012-09-06,112.76824188232422,13.002082824707031,9.746942520141602,21.927473068237305,31.394744873046875,28.411296844482422,24.7894229888916,19.768798828125,11.549107551574707,13.61142349243164,,,84.92668914794922,164.88999938964844
2012-09-07,113.20748138427734,12.981208801269531,9.847429275512695,22.307111740112305,31.378849029541016,28.651336669921875,24.58999252319336,19.875009536743164,11.511385917663574,13.878091812133789,,,84.5313949584961,168.44000244140625
2012-09-10,112.56429290771484,12.84342098236084,9.765787124633789,22.209917068481445,31.267723083496094,28.465503692626953,24.562484741210938,19.845277786254883,11.498807907104492,13.855554580688477,,,84.7358627319336,167.2899932861328
2012-09-11,112.87808227539062,12.876821517944336,9.847429275512695,22.446813583374023,31.28360366821289,28.620365142822266,24.486848831176758,19.83677864074707,11.470514297485352,13.904382705688477,,,84.20427703857422,167.89999389648438
2012-09-12,113.25457763671875,12.947802543640137,9.885110855102539,22.583477020263672,31.29947853088379,28.736526489257812,24.356191635131836,19.934492111206055,11.404505729675293,13.885604858398438,,,83.1546859741211,167.9199981689453
2012-09-13,114.98018646240234,13.123169898986816,10.142605781555176,22.950958251953125,31.617000579833984,29.061767578125,24.7894229888916,20.18941307067871,11.56482219696045,14.227388381958008,,,82.82752227783203,171.30999755859375
2012-09-14,115.48999786376953,13.185802459716797,10.224246978759766,23.25466537475586,31.489988327026367,29.239856719970703,24.603748321533203,20.2701416015625,11.486233711242676,14.40391731262207,,,80.6261978149414,171.8000030517578
2012-09-17,115.09783172607422,13.198328971862793,10.130043029785156,23.078516006469727,31.672578811645508,29.100473403930664,24.672513961791992,20.193666458129883,11.413932800292969,14.182312965393066,,,81.5939712524414,170.39999389648438
2012-09-18,115.00370025634766,13.206677436828613,10.079803466796875,22.91451644897461,31.775758743286133,29.10820770263672,24.810039520263672,20.095947265625,11.379356384277344,14.144760131835938,,,82.00289916992188,171.72000122070312
2012-09-19,115.06646728515625,13.21920394897461,10.073519706726074,22.692811965942383,31.807497024536133,29.17790412902832,24.878807067871094,20.30413055419922,11.391932487487793,14.223631858825684,,,82.54133605957031,171.74000549316406
2012-09-20,115.07426452636719,13.1941556930542,10.016999244689941,22.7565860748291,31.942485809326172,28.899145126342773,25.01633071899414,20.27863311767578,11.43908405303955,14.201101303100586,,,82.74584197998047,171.47000122070312
2012-09-21,115.02619934082031,13.210922241210938,9.982943534851074,22.782217025756836,32.06132125854492,28.813405990600586,24.902070999145508,20.26413917541504,11.445756912231445,14.139559745788574,,,82.84114837646484,171.9600067138672
2012-09-24,114.85272216796875,13.127071380615234,9.989250183105469,22.666290283203125,32.149070739746094,28.813405990600586,24.985166549682617,20.208709716796875,11.553760528564453,14.098031044006348,,,83.48868560791016,171.0500030517578
2012-09-25,113.63046264648438,12.942594528198242,9.837896347045898,22.4191837310791,32.12514114379883,28.431516647338867,24.812047958374023,19.969968795776367,11.528349876403809,13.871495246887207,,,84.3133544921875,170.77000427246094
2012-09-26,112.99172973632812,12.850358963012695,9.774833679199219,22.205644607543945,31.957624435424805,28.32240104675293,24.812047958374023,19.833532333374023,11.553760528564453,13.80352783203125,,,85.21975708007812,169.80999755859375
2012-09-27,114.05626678466797,13.018061637878418,9.86312484741211,22.507658004760742,32.14108657836914,28.587385177612305,24.89514923095703,20.033910751342773,11.506113052368164,13.973428726196289,,,84.61319732666016,172.33999633789062
2012-09-28,113.52796936035156,12.925822257995605,9.831594467163086,22.400882720947266,32.0054817199707,28.47047996520996,24.812047958374023,19.948638916015625,11.5601167678833,13.894145965576172,,,84.66090393066406,171.88999938964844
2012-10-01,113.82762145996094,12.896476745605469,9.875736236572266,22.513763427734375,32.196937561035156,28.602981567382812,24.9713191986084,19.935853958129883,11.506113052368164,13.93945026397705,,,84.97509002685547,172.2899932861328
2012-10-02,113.94589233398438,12.91324520111084,9.894655227661133,22.55341148376465,32.34053421020508,28.55620765686035,24.99209976196289,19.897483825683594,11.566465377807617,13.86394214630127,,,84.85897827148438,172.10000610351562
2012-10-03,114.41111755371094,12.980328559875488,9.982943534851074,22.27580451965332,32.61175537109375,28.704294204711914,25.06827163696289,20.055234909057617,11.623650550842285,13.799749374389648,,,84.88629150390625,172.41000366210938
2012-10-04,115.23120880126953,13.018061637878418,10.134295463562012,22.49849510192871,32.81120300292969,28.86796760559082,25.185991287231445,20.238554000854492,11.690360069274902,13.977210998535156,,,83.82768249511719,173.61000061035156
2012-10-05,115.2391128540039,12.950980186462402,10.1279878616333,22.446643829345703,32.84310531616211,28.961498260498047,25.28293800354004,20.29825210571289,11.671303749084473,14.045169830322266,,,82.74177551269531,172.6199951171875
2012-10-08,114.84486389160156,12.816817283630371,10.121685981750488,22.483253479003906,32.819190979003906,28.89134979248047,25.206768035888672,20.259872436523438,11.690360069274902,14.018736839294434,,,83.43841552734375,172.0500030517578
2012-10-09,113.70931243896484,12.653302192687988,10.05862045288086,22.513763427734375,32.42031478881836,28.55620765686035,24.964405059814453,19.935853958129883,11.668124198913574,13.886589050292969,,,83.28813171386719,170.99000549316406
2012-10-10,112.98383331298828,12.602992057800293,10.052315711975098,22.092769622802734,32.18096923828125,28.291231155395508,24.86051368713379,19.812219619750977,11.649067878723145,13.735570907592773,,,83.87548065185547,170.83999633789062
2012-10-11,113.04692077636719,12.552680015563965,10.109071731567383,22.25749969482422,32.20490646362305,28.376951217651367,24.80511474609375,19.722681045532227,11.661775588989258,13.792204856872559,,,84.45600128173828,171.32000732421875
2012-10-12,112.67631530761719,12.544296264648438,9.970329284667969,22.13547706604004,32.157047271728516,28.408143997192383,24.82589340209961,19.71841812133789,11.595062255859375,13.731791496276855,,,84.66778564453125,170.05999755859375
2012-10-15,113.61465454101562,12.607187271118164,10.083843231201172,22.24834632873535,32.619747161865234,28.602981567382812,24.99209976196289,19.91453742980957,11.642712593078613,13.848843574523926,,,84.47650146484375,168.35000610351562
2012-10-16,114.76598358154297,12.779082298278809,10.1469087600708,22.60222625732422,32.970760345458984,28.906925201416016,25.054418563842773,20.093599319458008,11.687186241149902,14.181085586547852,,,83.30862426757812,169.4199981689453
2012-10-17,115.28640747070312,12.712002754211426,10.279343605041504,22.885929107666016,32.970760345458984,29.078399658203125,25.165210723876953,20.208709716796875,11.830137252807617,14.298130989074707,,,82.5368423461914,169.5399932861328
2012-10-18,114.98675537109375,12.565261840820312,10.298263549804688,22.882884979248047,32.97873306274414,29.164121627807617,25.026714324951172,20.221511840820312,11.884143829345703,14.301907539367676,,,82.03145599365234,168.7899932861328
2012-10-19,113.07061767578125,12.280162811279297,10.159520149230957,22.522907257080078,32.38840103149414,28.673112869262695,24.72894287109375,19.859106063842773,11.788838386535645,14.00363540649414,,,83.14471435546875,166.97000122070312
2012-10-22,113.08634185791016,12.364018440246582,10.159520149230957,22.410037994384766,32.412322998046875,28.595182418823242,24.742795944213867,19.7951602935791,11.757073402404785,14.067818641662598,,,82.61197662353516,167.5800018310547
2012-10-23,111.51717376708984,12.22984790802002,9.989250183105469,21.888381958007812,31.98154640197754,28.306819915771484,24.410404205322266,19.637414932250977,11.649067878723145,13.644956588745117,,,83.79353332519531,165.42999267578125
2012-10-24,111.20169830322266,12.158574104309082,9.989250183105469,21.7205867767334,32.03740692138672,28.127553939819336,24.410404205322266,19.5606746673584,11.563295364379883,13.637405395507812,,,82.9671630859375,164.86000061035156
2012-10-25,111.52501678466797,12.133416175842285,10.01447582244873,21.92498016357422,32.29265213012695,28.2834415435791,24.5627498626709,19.513774871826172,11.62047004699707,13.60720443725586,,,82.543701171875,166.02000427246094
2012-10-26,111.46192932128906,12.15438461303711,9.964027404785156,21.95244026184082,32.16502380371094,28.306819915771484,24.479646682739258,19.577722549438477,11.62047004699707,13.633624076843262,,,83.75944519042969,165.92999267578125
2012-10-31,111.46192932128906,12.104074478149414,10.027090072631836,21.946331024169922,31.93368911743164,28.439313888549805,24.507347106933594,19.641679763793945,11.722131729125977,13.603421211242676,,,84.25111389160156,166.8300018310547
2012-11-01,112.62899780273438,12.301128387451172,10.153213500976562,22.040908813476562,32.196937561035156,28.94590187072754,24.521196365356445,19.867639541625977,11.598238945007324,13.867712020874023,,,83.56129455566406,166.07000732421875
2012-11-02,111.62751007080078,12.141805648803711,10.090149879455566,21.677879333496094,32.021446228027344,28.704294204711914,24.375774383544922,19.854846954345703,11.518817901611328,13.618524551391602,,,83.49983978271484,162.60000610351562
2012-11-05,111.85618591308594,12.208888053894043,10.071234703063965,21.84261131286621,32.03740692138672,28.860170364379883,24.334228515625,19.906009674072266,11.331393241882324,13.712913513183594,,,83.97107696533203,163.22999572753906
2012-11-06,112.73149871826172,12.263391494750977,10.184748649597168,22.193443298339844,32.06930160522461,29.171913146972656,24.514270782470703,20.01259994506836,11.337745666503906,13.856391906738281,,,83.17887878417969,166.3000030517578
2012-11-07,110.17657470703125,11.957328796386719,9.844207763671875,21.613821029663086,31.534805297851562,28.486074447631836,24.223430633544922,19.778112411499023,11.09949016571045,13.637405395507812,,,84.68824005126953,166.49000549316406
2012-11-08,108.85184478759766,11.785432815551758,9.762221336364746,21.223337173461914,31.159873962402344,28.189912796020508,23.96027946472168,19.458349227905273,11.080430030822754,13.45240306854248,,,85.94488525390625,167.99000549316406
2012-11-09,108.94646453857422,11.839938163757324,9.774833679199219,21.21723175048828,31.24760627746582,28.267841339111328,23.96027946472168,19.364543914794922,11.01371955871582,13.425971031188965,,,86.04054260253906,167.82000732421875
2012-11-12,109.03321075439453,11.82316780090332,9.793757438659668,21.259944915771484,31.40717124938965,28.345787048339844,23.96027946472168,19.381608963012695,10.921595573425293,13.425971031188965,,,86.18391418457031,167.4499969482422
2012-11-13,108.65470123291016,11.764470100402832,9.724382400512695,21.171470642089844,31.287513732910156,28.267841339111328,23.946428298950195,19.437028884887695,10.96289348602295,13.40331745147705,,,86.47077178955078,167.10000610351562
2012-11-14,107.18795013427734,11.647079467773438,9.554110527038574,20.91521453857422,30.912565231323242,27.605384826660156,23.683277130126953,19.147117614746094,10.886652946472168,13.176783561706543,,,86.55274963378906,167.13999938964844
2012-11-15,107.00660705566406,11.579998016357422,9.573034286499023,20.942672729492188,30.824832916259766,27.605384826660156,23.67635154724121,19.134326934814453,10.823115348815918,13.131473541259766,,,86.38199615478516,166.08999633789062
2012-11-16,107.53497314453125,11.596766471862793,9.636096000671387,21.025043487548828,31.056175231933594,27.683313369750977,23.82871437072754,19.262235641479492,10.915242195129395,13.1616849899292,,,86.30684661865234,165.8800048828125
2012-11-19,109.71137237548828,11.915403366088867,9.818979263305664,21.510095596313477,31.38323974609375,28.205503463745117,24.216503143310547,19.675777435302734,10.924773216247559,13.535465240478516,,,85.82189178466797,167.8699951171875
2012-11-20,109.7586441040039,11.865093231201172,9.869429588317871,21.424680709838867,31.55875015258789,28.228879928588867,24.30652618408203,19.77383804321289,10.90571117401123,13.546791076660156,,,84.96141815185547,167.38999938964844
2012-11-21,109.96369934082031,11.902824401855469,9.869429588317871,21.540590286254883,31.534805297851562,28.267841339111328,24.341148376464844,19.842063903808594,10.858057975769043,13.569445610046387,,,84.9135971069336,167.55999755859375
2012-11-23,111.46192932128906,12.095687866210938,9.989250183105469,21.845659255981445,31.925703048706055,28.634159088134766,24.701242446899414,20.10639762878418,10.8294677734375,13.743125915527344,,,84.83163452148438,169.61000061035156
2012-11-26,111.22533416748047,12.150192260742188,9.951411247253418,21.632123947143555,31.782127380371094,28.65753936767578,24.521196365356445,20.01259994506836,10.96606731414795,13.754449844360352,,,85.23455810546875,169.42999267578125
2012-11-27,110.65762329101562,12.095687866210938,9.86312484741211,21.452129364013672,31.590652465820312,28.595182418823242,24.50041961669922,19.931591033935547,10.994656562805176,13.694036483764648,,,85.56922912597656,168.7100067138672
2012-11-28,111.54867553710938,12.166963577270508,9.900964736938477,21.647367477416992,31.83796501159668,28.8367862701416,24.735870361328125,20.19166374206543,11.03913402557373,13.750673294067383,,,85.44631958007812,166.5500030517578
2012-11-29,112.0690689086914,12.225655555725098,9.951411247253418,21.69619369506836,32.06132125854492,29.000446319580078,24.867454528808594,20.247093200683594,11.102670669555664,13.845064163208008,,,85.4599609375,167.17999267578125
2012-11-30,112.09276580810547,12.213078498840332,9.938798904418945,21.677879333496094,32.1012077331543,28.938114166259766,24.957469940185547,20.26413917541504,11.220206260681152,13.856391906738281,,,85.2277603149414,166.0500030517578
2012-12-03,111.54080963134766,12.196310043334961,9.900964736938477,21.558908462524414,32.0294189453125,28.62635612487793,24.86051368713379,20.15755844116211,11.150318145751953,13.599644660949707,,,85.30646514892578,166.1300048828125
2012-12-04,111.3830795288086,12.175348281860352,9.875736236572266,21.479585647583008,32.1012077331543,28.735456466674805,24.812047958374023,20.07229232788086,11.09313678741455,13.626080513000488,,,85.7991714477539,164.4199981689453
2012-12-05,111.58025360107422,12.053763389587402,9.995555877685547,21.629064559936523,32.20490646362305,29.0394229888916,24.853591918945312,20.01259994506836,11.261502265930176,13.46373176574707,,,85.7581558227539,164.1199951171875
2012-12-06,111.95867919921875,12.12503433227539,10.027090072631836,21.699234008789062,32.188968658447266,29.03162956237793,24.881305694580078,20.140501022338867,11.255149841308594,13.497709274291992,,,85.94286346435547,164.5
2012-12-07,112.29780578613281,12.06214427947998,10.109071731567383,21.830413818359375,32.29265213012695,29.21868896484375,25.054418563842773,20.217241287231445,11.264680862426758,13.610974311828613,,,85.14900970458984,165.16000366210938
2012-12-10,112.34513092041016,12.0914945602417,10.083843231201172,21.80600357055664,32.42828369140625,29.36676597595215,25.026714324951172,20.102128982543945,11.267861366271973,13.6978120803833,,,85.52545166015625,165.8000030517578
2012-12-11,113.11001586914062,12.255003929138184,10.134295463562012,21.934139251708984,32.77132797241211,29.429115295410156,25.040557861328125,20.16608238220215,11.29327392578125,13.8073091506958,,,84.87532043457031,165.64999389648438
2012-12-12,113.16521453857422,12.23404598236084,10.178438186645508,22.013444900512695,32.72344207763672,29.475881576538086,24.985166549682617,20.19166374206543,11.274211883544922,13.77332878112793,,,83.88993835449219,165.77000427246094
2012-12-13,112.47126770019531,12.145994186401367,10.1279878616333,21.80905532836914,32.444244384765625,29.382354736328125,24.943620681762695,20.05949592590332,11.229736328125,13.735570907592773,,,83.9515151977539,164.3699951171875
2012-12-14,112.05335998535156,12.028608322143555,10.090149879455566,21.726686477661133,32.316593170166016,29.320009231567383,24.902070999145508,19.974225997924805,11.185262680053711,13.837512969970703,,,84.58110809326172,164.1300048828125
2012-12-17,113.37024688720703,12.175348281860352,10.298263549804688,21.92498016357422,32.571868896484375,29.592790603637695,24.957469940185547,20.33234977722168,11.356805801391602,13.977210998535156,,,83.31511688232422,164.44000244140625
2012-12-18,114.63195037841797,12.355628967285156,10.449614524841309,22.327669143676758,32.82716369628906,29.974679946899414,24.950546264648438,20.571117401123047,11.436223030090332,14.14333438873291,,,82.46658325195312,162.0800018310547
2012-12-19,113.78028106689453,12.292743682861328,10.386551856994629,22.175134658813477,32.476158142089844,29.810993194580078,24.701242446899414,20.42615509033203,11.35045051574707,14.082919120788574,,,82.74034881591797,161.69000244140625
2012-12-20,114.43478393554688,12.313701629638672,10.531596183776855,22.324621200561523,32.52402114868164,29.96688461303711,24.839740753173828,20.468778610229492,11.385392189025879,14.218844413757324,,,82.75399780273438,159.72999572753906
2012-12-21,113.39603424072266,12.207440376281738,10.407217979431152,22.098026275634766,32.25051498413086,29.778461456298828,24.62826919555664,20.286861419677734,11.343631744384766,14.093148231506348,,,83.65727996826172,160.3300018310547
2012-12-24,113.04658508300781,12.173707962036133,10.388179779052734,21.929384231567383,32.12217712402344,29.692106246948242,24.551237106323242,20.304014205932617,11.29544734954834,14.165521621704102,,,83.50669860839844,160.6199951171875
2012-12-26,112.57012939453125,12.106244087219238,10.388179779052734,21.831268310546875,32.00990676879883,29.590044021606445,24.341154098510742,20.093767166137695,11.199067115783691,14.25312328338623,,,83.80712890625,160.77999877929688
2012-12-27,112.41925811767578,12.093589782714844,10.350105285644531,21.79140853881836,31.961774826049805,29.542938232421875,24.3831729888916,20.1195125579834,11.179787635803223,14.203611373901367,,,84.08831024169922,161.16000366210938
2012-12-28,111.20421600341797,11.958651542663574,10.267609596252441,21.41119956970215,31.648975372314453,29.221052169799805,24.12408447265625,19.95646095275879,11.067349433898926,14.024585723876953,,,84.5683364868164,160.5399932861328
2012-12-31,113.09423065185547,12.165274620056152,10.40086841583252,21.898723602294922,31.9858341217041,29.754901885986328,24.439199447631836,20.355510711669922,11.218340873718262,14.298830032348633,,,83.10755920410156,162.02000427246094
2013-01-02,115.99288177490234,12.570080757141113,10.705472946166992,22.383176803588867,32.61945724487305,30.469335556030273,25.069429397583008,20.780298233032227,11.42394733428955,14.656874656677246,,,81.99655151367188,163.1699981689453
2013-01-03,115.73082733154297,12.489959716796875,10.692780494689941,22.37704849243164,32.6595573425293,30.485050201416016,25.00640106201172,20.831785202026367,11.42394733428955,14.550227165222168,,,80.88555908203125,161.1999969482422
2013-01-04,116.23904418945312,12.439363479614258,10.819697380065918,22.62540626525879,32.80392837524414,30.712717056274414,25.07644271850586,20.909027099609375,11.481773376464844,14.729243278503418,,,81.20094299316406,160.44000244140625
2013-01-07,115.92142486572266,12.422494888305664,10.794313430786133,22.450639724731445,32.9081916809082,30.579259872436523,24.908361434936523,20.857532501220703,11.36933708190918,14.698775291442871,,,81.23526000976562,159.42999267578125
2013-01-08,115.58784484863281,12.376112937927246,10.762582778930664,22.37704849243164,32.91621017456055,30.34372901916504,24.838336944580078,20.797462463378906,11.333992004394531,14.721628189086914,,,81.77020263671875,160.55999755859375
2013-01-09,115.88175201416016,12.397192001342773,10.749894142150879,22.340253829956055,33.27714157104492,30.649904251098633,24.894363403320312,20.831785202026367,11.311505317687988,14.816852569580078,,,81.69479370117188,160.49000549316406
2013-01-10,116.80291748046875,12.460444450378418,10.883156776428223,22.542627334594727,33.50974655151367,30.79908561706543,25.041412353515625,20.951929092407227,11.359695434570312,14.88160514831543,,,81.46847534179688,161.97999572753906
2013-01-11,116.79502868652344,12.477314949035645,10.857773780822754,22.570215225219727,33.50173568725586,30.689170837402344,25.153459548950195,20.969091415405273,11.372546195983887,14.858745574951172,,,82.19542694091797,161.05999755859375
2013-01-14,116.71556091308594,12.397192001342773,10.826045036315918,22.573287963867188,33.53379821777344,30.80693817138672,25.23049545288086,21.02058982849121,11.350059509277344,14.86255931854248,,,81.96910858154297,161.5399932861328
2013-01-15,116.79502868652344,12.31707763671875,10.870466232299805,22.674467086791992,33.49369812011719,30.893293380737305,25.30751609802246,21.1750431060791,11.382183074951172,14.877796173095703,,,82.34635162353516,162.55999755859375
2013-01-16,116.77909088134766,12.359245300292969,10.876810073852539,22.775653839111328,33.42151641845703,30.767683029174805,25.27251434326172,21.127849578857422,11.327570915222168,14.771146774291992,,,82.51776885986328,162.64999389648438
2013-01-17,117.53353118896484,12.409842491149902,10.870466232299805,22.919769287109375,33.7182731628418,31.09740447998047,25.440568923950195,21.350975036621094,11.372546195983887,14.88541030883789,,,81.69479370117188,163.35000610351562
2013-01-18,117.79558563232422,12.39297866821289,10.883156776428223,23.14666175842285,33.83054733276367,31.34864616394043,25.545621871948242,21.376720428466797,11.462494850158691,14.984452247619629,,,82.32576751708984,163.08999633789062
2013-01-22,118.430908203125,12.426712036132812,10.984689712524414,23.367431640625,33.92680740356445,31.47425079345703,25.55261993408203,21.432497024536133,11.558878898620605,15.129194259643555,,,82.48348999023438,163.6699981689453
2013-01-23,118.62156677246094,12.5574312210083,10.97834587097168,23.28771209716797,33.88670349121094,31.482107162475586,25.545621871948242,21.449661254882812,11.529961585998535,15.045385360717773,,,82.36003875732422,163.2100067138672
2013-01-24,118.65328216552734,12.342376708984375,11.0354585647583,23.355159759521484,34.10325622558594,31.670522689819336,25.615633010864258,21.612707138061523,11.5813627243042,15.091095924377441,,,82.07197570800781,161.4199981689453
2013-01-25,119.32039642333984,12.355026245117188,11.086223602294922,23.575923919677734,34.36793518066406,31.772598266601562,25.741687774658203,21.840124130249023,11.639191627502441,15.14441967010498,,,80.94725036621094,160.64999389648438
2013-01-28,119.17742919921875,12.397192001342773,11.041802406311035,23.536060333251953,34.24763488769531,31.796154022216797,25.762691497802734,21.737140655517578,11.63276481628418,14.999683380126953,,,80.6523666381836,160.2899932861328
2013-01-29,119.64596557617188,12.414061546325684,11.086223602294922,23.916269302368164,34.6165657043457,31.86679458618164,25.90274429321289,21.65132713317871,11.713079452514648,15.083478927612305,,,80.20654296875,160.99000549316406
2013-01-30,119.17742919921875,12.376112937927246,11.0354585647583,23.796693801879883,34.51230239868164,31.576316833496094,25.853723526000977,21.612707138061523,11.722716331481934,14.999683380126953,,,80.06941986083984,162.19000244140625
2013-01-31,118.88361358642578,12.397192001342773,11.029109001159668,23.716978073120117,34.416046142578125,31.466400146484375,25.81871223449707,21.509727478027344,11.751629829406738,14.86255931854248,,,80.4603271484375,161.1999969482422
2013-02-01,120.10658264160156,12.536344528198242,11.175067901611328,23.93773651123047,34.688758850097656,31.772598266601562,26.028793334960938,21.634164810180664,11.78375244140625,15.045385360717773,,,79.41555786132812,161.4499969482422
2013-02-04,118.7564926147461,12.371895790100098,11.048149108886719,23.710838317871094,34.303768157958984,31.497812271118164,25.78369903564453,21.368133544921875,11.703438758850098,14.900652885437012,,,80.43280029296875,162.0
2013-02-05,119.95570373535156,12.51526165008545,11.156026840209961,23.916269302368164,34.68073272705078,31.788291931152344,26.091815948486328,21.595544815063477,11.735568046569824,14.976825714111328,,,79.71798706054688,161.9600067138672
2013-02-06,120.0429916381836,12.5110445022583,11.175067901611328,23.931612014770508,34.67271423339844,31.796154022216797,26.1268367767334,21.64274024963379,11.770903587341309,14.992061614990234,,,80.37092590332031,162.38999938964844
2013-02-07,119.88422393798828,12.5110445022583,11.143339157104492,23.870281219482422,34.54438018798828,31.75688934326172,26.266878128051758,21.595544815063477,11.786968231201172,14.912077903747559,,,80.19226837158203,161.83999633789062
2013-02-08,120.55131530761719,12.620680809020996,11.168720245361328,24.0941219329834,34.801029205322266,31.882509231567383,26.24587059020996,21.76289176940918,11.786968231201172,14.999683380126953,,,80.5015640258789,161.57000732421875
2013-02-11,120.52747344970703,12.645983695983887,11.219487190246582,23.974533081054688,34.72886657714844,31.858945846557617,26.24587059020996,21.68994903564453,11.815882682800293,14.980636596679688,,,80.43966674804688,159.6999969482422
2013-02-12,120.72595977783203,12.603816986083984,11.308329582214355,24.03891944885254,34.688758850097656,32.00026321411133,26.217864990234375,21.7757568359375,11.867284774780273,14.98825454711914,,,80.24034881591797,159.88999938964844
2013-02-13,120.82923126220703,12.599597930908203,11.282944679260254,24.12479019165039,34.664695739746094,32.17298889160156,26.24587059020996,21.82296371459961,11.867284774780273,15.041582107543945,,,79.58734130859375,159.0500030517578
2013-02-14,120.9404067993164,12.565862655639648,11.321022033691406,24.33327865600586,34.736881256103516,32.2201042175293,26.30190086364746,21.831544876098633,11.770903587341309,14.992061614990234,,,80.30913543701172,158.35000610351562
2013-02-15,120.79747009277344,12.5574312210083,11.270255088806152,24.054258346557617,34.817081451416016,32.23579406738281,26.33690643310547,21.85728645324707,11.79660701751709,14.98825454711914,,,80.07543182373047,155.75999450683594
2013-02-19,121.70279693603516,12.641765594482422,11.378133773803711,24.33327865600586,35.03363800048828,32.4713134765625,26.603015899658203,21.938810348510742,11.899409294128418,14.923502922058105,,,79.67671966552734,155.3300018310547
2013-02-20,120.18594360351562,12.468876838684082,11.206798553466797,23.82428550720215,34.809059143066406,32.047359466552734,26.553987503051758,21.604135513305664,11.876923561096191,14.504515647888184,,,79.91736602783203,151.44000244140625
2013-02-21,119.45533752441406,12.36767578125,11.117951393127441,23.65871810913086,34.648651123046875,31.811847686767578,26.63802146911621,21.423921585083008,11.825516700744629,14.371204376220703,,,80.38468170166016,152.6199951171875
2013-02-22,120.62275695800781,12.519481658935547,11.257561683654785,23.907073974609375,34.801029205322266,32.063087463378906,26.792078018188477,21.544065475463867,11.94438362121582,14.561655044555664,,,80.43966674804688,152.97000122070312
2013-02-25,118.32768249511719,12.342376708984375,10.952960014343262,23.281579971313477,34.416046142578125,31.403596878051758,26.42795181274414,21.209375381469727,11.83836841583252,14.226459503173828,,,82.02054595947266,154.33999633789062
2013-02-26,119.13772583007812,12.414061546325684,11.010075569152832,23.511533737182617,34.504276275634766,31.59202766418457,26.490966796875,21.419628143310547,11.87370777130127,14.378820419311523,,,81.54634857177734,156.22000122070312
2013-02-27,120.63861846923828,12.519481658935547,11.181410789489746,23.870281219482422,34.881256103515625,32.18868637084961,26.687036514282227,21.745729446411133,11.982935905456543,14.634014129638672,,,81.30570983886719,154.57000732421875
2013-02-28,120.40043640136719,12.494178771972656,11.162376403808594,23.821226119995117,34.84917449951172,32.165138244628906,26.67304229736328,21.852998733520508,12.024701118469238,14.660683631896973,,,81.45692443847656,153.0
2013-03-01,120.79747009277344,12.51526165008545,11.194101333618164,23.851884841918945,35.11384201049805,32.11017608642578,26.764062881469727,21.904481887817383,12.047187805175781,14.668298721313477,,,81.90055847167969,152.44000244140625
2013-03-04,121.44074249267578,12.553215980529785,11.289292335510254,23.799760818481445,35.30633544921875,32.047359466552734,26.967153549194336,22.097566604614258,12.169267654418945,14.68734359741211,,,81.46662139892578,152.3000030517578
2013-03-05,122.52865600585938,12.726099967956543,11.384480476379395,23.95306396484375,35.61111831665039,32.50271987915039,27.058189392089844,22.32069206237793,12.233522415161133,14.786377906799316,,,81.23238372802734,152.3800048828125
2013-03-06,122.69548034667969,12.717667579650879,11.460634231567383,23.980663299560547,35.683292388916016,32.50271987915039,26.995155334472656,22.303525924682617,12.227089881896973,14.915888786315918,,,80.495361328125,153.22999572753906
2013-03-07,122.9178695678711,12.747180938720703,11.54312515258789,24.103303909301758,35.659236907958984,32.52627944946289,26.995155334472656,22.342140197753906,12.172478675842285,14.957780838012695,,,79.87543487548828,152.69000244140625
2013-03-08,123.44197845458984,12.77248477935791,11.574853897094727,24.219823837280273,35.72339630126953,32.832454681396484,27.044178009033203,22.578136444091797,12.198176383972168,15.079669952392578,,,79.0419921875,152.7100067138672
2013-03-11,123.91046142578125,12.802000999450684,11.663698196411133,24.23208999633789,35.90788269042969,32.94237518310547,27.072189331054688,22.6339168548584,12.227089881896973,15.16346549987793,,,79.11772918701172,152.99000549316406
2013-03-12,123.6325454711914,12.755620002746582,11.600235939025879,24.259687423706055,36.06828689575195,32.75395584106445,27.044178009033203,22.569562911987305,12.194969177246094,15.174894332885742,,,79.689453125,154.19000244140625
2013-03-13,123.80730438232422,12.747180938720703,11.63196849822998,24.204492568969727,36.07630157470703,32.91097640991211,27.114206314086914,22.69399070739746,12.249585151672363,15.13680362701416,,,79.60677337646484,153.66000366210938
2013-03-14,124.46642303466797,12.839951515197754,11.708118438720703,24.53564453125,36.10839080810547,33.06797409057617,27.20522689819336,22.719728469848633,12.275279998779297,15.228218078613281,,,79.36572265625,153.67999267578125
2013-03-15,124.30207824707031,12.786602973937988,11.747597694396973,24.51624298095703,36.031044006347656,33.09321975708008,27.086305618286133,22.63279914855957,12.355973243713379,15.241222381591797,,,79.7376708984375,154.0
2013-03-18,123.61607360839844,12.790839195251465,11.632984161376953,24.319120407104492,35.797462463378906,32.88821029663086,27.00185775756836,22.460655212402344,12.287918090820312,15.134125709533691,,,80.3438491821289,155.3800048828125
2013-03-19,123.32890319824219,12.773900985717773,11.569314956665039,24.051176071166992,35.82160186767578,32.856666564941406,27.22704315185547,22.301422119140625,12.320323944091797,15.069113731384277,,,80.88797760009766,156.0800018310547
2013-03-20,124.19048309326172,12.83741283416748,11.645718574523926,24.186687469482422,36.119659423828125,32.89608383178711,27.487428665161133,22.55963897705078,12.411055564880371,15.183854103088379,,,79.98565673828125,155.3699951171875
2013-03-21,123.1295394897461,12.693456649780273,11.505640029907227,24.063495635986328,35.91826248168945,32.564918518066406,27.402976989746094,22.37027931213379,12.34949016571045,14.923774719238281,,,80.75714874267578,156.25
2013-03-22,124.1186752319336,12.773900985717773,11.575681686401367,24.254446029663086,36.19215774536133,32.81724166870117,27.656326293945312,22.64571189880371,12.368936538696289,14.942901611328125,,,80.81909942626953,155.5500030517578
2013-03-25,123.60015106201172,12.744261741638184,11.543843269348145,24.162050247192383,36.08744430541992,32.52550506591797,27.635215759277344,22.606977462768555,12.343008995056152,14.828160285949707,,,80.74335479736328,155.24000549316406
2013-03-26,124.5892562866211,12.824710845947266,11.620248794555664,24.41767692565918,36.506317138671875,32.69108963012695,27.895601272583008,22.7188720703125,12.459667205810547,14.931427001953125,,,80.83978271484375,154.72000122070312
2013-03-27,124.5892562866211,12.790839195251465,11.562949180603027,24.497764587402344,36.69157409667969,32.69108963012695,27.87448501586914,22.72748565673828,12.51799488067627,14.927604675292969,,,81.52857208251953,155.36000061035156
2013-03-28,124.9721450805664,12.816240310668945,11.594779968261719,24.426923751831055,37.0137939453125,32.9276237487793,27.987085342407227,22.809249877929688,12.670294761657715,14.984971046447754,,,81.11527252197266,154.4499969482422
2013-04-01,124.47754669189453,12.731558799743652,11.537474632263184,24.377653121948242,37.11045455932617,32.52550506591797,27.97299575805664,22.637107849121094,12.641130447387695,14.854933738708496,,,81.7262191772461,154.6699981689453
2013-04-02,125.09184265136719,12.782374382019043,11.607514381408691,24.23905372619629,37.6501579284668,32.42298889160156,28.275602340698242,22.82646369934082,12.683260917663574,14.709596633911133,,,81.3949203491211,152.42999267578125
2013-04-03,123.823486328125,12.680753707885742,11.416498184204102,23.786296844482422,37.424591064453125,32.225868225097656,27.965970993041992,22.615591049194336,12.647614479064941,14.587204933166504,,,82.12661743164062,150.72999572753906
2013-04-04,124.32601165771484,12.684988021850586,11.518378257751465,23.7554988861084,37.5937614440918,32.3677978515625,28.11374282836914,22.74468994140625,12.767513275146484,14.713423728942871,,,83.10688018798828,150.2899932861328
2013-04-05,123.76763916015625,12.587606430053711,11.480170249938965,23.807861328125,37.38434600830078,32.304725646972656,27.9096622467041,22.63279914855957,12.822600364685059,14.652228355407715,,,84.78434753417969,152.80999755859375
2013-04-08,124.60523223876953,12.642643928527832,11.594779968261719,23.968013763427734,37.41654968261719,32.49397277832031,28.226341247558594,22.891019821166992,12.919806480407715,14.698124885559082,,,84.13541412353516,152.16000366210938
2013-04-09,125.03600311279297,12.731558799743652,11.626618385314941,24.17129135131836,37.537376403808594,32.59646987915039,28.198196411132812,22.83076286315918,12.88093090057373,14.870233535766602,,,83.9283447265625,153.33999633789062
2013-04-10,126.56749725341797,12.955962181091309,11.785796165466309,24.3006534576416,38.16569519042969,33.03014373779297,28.409299850463867,23.097593307495117,12.984621047973633,14.97350025177002,,,82.77548217773438,150.75
2013-04-11,126.98230743408203,12.913623809814453,11.81126880645752,24.40536117553711,38.536231994628906,33.11686706542969,28.543018341064453,23.291257858276367,13.013789176940918,15.038514137268066,,,82.93428802490234,151.0500030517578
2013-04-12,126.67119598388672,12.858579635620117,11.760331153869629,24.023454666137695,38.608734130859375,32.9276237487793,28.648576736450195,23.416057586669922,13.068880081176758,14.81668758392334,,,84.16996765136719,143.9499969482422
2013-04-15,123.73576354980469,12.646880149841309,11.512009620666504,23.044034957885742,37.90790939331055,31.926244735717773,28.191158294677734,22.800643920898438,12.88093090057373,14.269765853881836,,,84.9016342163086,131.30999755859375
2013-04-16,125.56241607666016,12.80353832244873,11.690289497375488,23.327388763427734,38.455692291259766,32.359928131103516,28.718942642211914,23.127717971801758,13.036470413208008,14.529837608337402,,,84.2044677734375,132.8000030517578
2013-04-17,123.72776794433594,12.541033744812012,11.473803520202637,22.816120147705078,38.278465270996094,31.82374382019043,28.47263526916504,22.891019821166992,12.961944580078125,14.315659523010254,,,84.76364135742188,132.8699951171875
2013-04-18,122.95401763916016,12.409780502319336,11.352828025817871,23.010156631469727,37.811256408691406,31.681814193725586,28.416351318359375,22.641408920288086,13.004071235656738,14.273589134216309,,,84.97066497802734,134.3000030517578
2013-04-19,124.02295684814453,12.426714897155762,11.512009620666504,22.963960647583008,38.342899322509766,31.839508056640625,28.859689712524414,22.912534713745117,13.198492050170898,14.441871643066406,,,84.79119110107422,135.47000122070312
2013-04-22,124.57333374023438,12.524100303649902,11.524742126464844,23.210350036621094,38.576499938964844,31.878929138183594,28.930068969726562,23.011516571044922,13.182289123535156,14.579559326171875,,,84.85336303710938,137.89999389648438
2013-04-23,125.85760498046875,12.659585952758789,11.734862327575684,23.47830581665039,38.818153381347656,32.107608795166016,29.155250549316406,23.24390983581543,13.214704513549805,14.705769538879395,,,84.55650329589844,136.8800048828125
2013-04-24,125.93733978271484,12.680753707885742,11.804903030395508,23.792465209960938,38.14958572387695,32.43877029418945,28.690786361694336,23.261127471923828,13.256826400756836,14.927604675292969,,,84.77052307128906,138.3699951171875
2013-04-25,126.44783020019531,12.72309398651123,11.874938011169434,23.810935974121094,38.302616119384766,32.60435485839844,28.782285690307617,23.459096908569336,13.260066032409668,15.092061042785645,,,84.40465545654297,141.6300048828125
2013-04-26,126.22450256347656,12.71886157989502,11.824003219604492,23.770904541015625,38.294578552246094,32.509727478027344,28.77524757385254,23.35580825805664,13.27950668334961,14.877881050109863,,,85.17778015136719,140.91000366210938
2013-04-29,127.07003784179688,12.900919914245605,11.874938011169434,24.011138916015625,38.4153938293457,32.675323486328125,28.86672592163086,23.437578201293945,13.389684677124023,15.103536605834961,,,84.86714172363281,142.3000030517578
2013-04-30,127.37316131591797,13.040640830993652,11.906776428222656,24.10660743713379,38.125431060791016,32.683197021484375,28.810428619384766,23.502132415771484,13.425332069396973,15.126481056213379,,,84.91546630859375,142.77000427246094
2013-05-01,126.2563705444336,12.926325798034668,11.773067474365234,23.73086166381836,37.72264862060547,32.257415771484375,28.782285690307617,23.3773250579834,13.292472839355469,14.858752250671387,,,85.78783416748047,141.11000061035156
2013-05-02,127.42902374267578,13.091452598571777,11.874938011169434,24.04193687438965,38.14153289794922,32.659549713134766,28.887832641601562,23.60541534423828,13.276267051696777,14.965846061706543,,,85.67715454101562,141.9199981689453
2013-05-03,128.7212677001953,13.214237213134766,12.002285957336426,24.476194381713867,38.3992919921875,33.21936798095703,29.014509201049805,23.902366638183594,13.25034236907959,15.229750633239746,,,83.6571273803711,142.08999633789062
2013-05-06,129.0482940673828,13.277742385864258,12.129631042480469,24.642518997192383,38.14958572387695,33.432281494140625,28.803403854370117,23.979833602905273,13.065640449523926,15.271818161010742,,,83.44960021972656,142.14999389648438
2013-05-07,129.70237731933594,13.269278526306152,12.193302154541016,24.83346939086914,38.270408630371094,33.73978042602539,29.021543502807617,24.18210792541504,13.192014694213867,15.417155265808105,,,83.12447357177734,140.3800048828125
2013-05-08,130.29263305664062,13.375128746032715,12.295181274414062,24.873516082763672,38.383182525634766,33.952693939208984,29.056743621826172,24.199325561523438,13.075356483459473,15.551020622253418,,,83.25593566894531,142.4600067138672
2013-05-09,129.92568969726562,13.337018966674805,12.206036567687988,24.851953506469727,38.4315185546875,33.952693939208984,28.852645874023438,24.242355346679688,12.877687454223633,15.53189754486084,,,83.04145050048828,140.80999755859375
2013-05-10,130.34848022460938,13.375128746032715,12.256978034973145,24.72260284423828,38.81010437011719,34.05518341064453,28.965248107910156,24.431713104248047,12.906848907470703,15.516599655151367,,,82.1490478515625,139.60000610351562
2013-05-13,130.45220947265625,13.341251373291016,12.295181274414062,24.719514846801758,39.132320404052734,33.921138763427734,29.014509201049805,24.436019897460938,12.838799476623535,15.405683517456055,,,81.51952362060547,138.42999267578125
2013-05-14,131.80029296875,13.383594512939453,12.505300521850586,25.070629119873047,39.52702713012695,34.33903503417969,29.35934066772461,24.685640335083008,12.926297187805176,15.596917152404785,,,80.63410186767578,137.80999755859375
2013-05-15,132.51019287109375,13.425934791564941,12.61990737915039,24.999778747558594,39.7364501953125,34.48097229003906,29.647855758666992,24.81904411315918,13.04943561553955,15.684885025024414,,,81.17364501953125,134.6300048828125
2013-05-16,131.88795471191406,13.49791145324707,12.537138938903809,24.8765869140625,39.32563781738281,34.307491302490234,29.4719295501709,24.53070068359375,12.942495346069336,15.612213134765625,,,82.01757049560547,134.08999633789062
2013-05-17,133.16432189941406,13.633399963378906,12.702683448791504,25.292387008666992,39.55119705200195,34.82790756225586,29.514156341552734,24.767396926879883,13.065640449523926,15.780496597290039,,,80.97992706298828,131.07000732421875
2013-05-20,133.15631103515625,13.633399963378906,12.728157043457031,25.649662017822266,39.27730178833008,34.93041229248047,29.211551666259766,24.694238662719727,13.000826835632324,15.795801162719727,,,80.88311004638672,135.1199951171875
2013-05-21,133.34774780273438,13.591059684753418,12.759990692138672,25.597301483154297,39.704246520996094,34.97771453857422,29.239700317382812,24.806135177612305,13.026747703552246,15.776676177978516,,,81.51952362060547,132.8800048828125
2013-05-22,132.35867309570312,13.442869186401367,12.626277923583984,25.30162239074707,39.704246520996094,34.67021942138672,29.190448760986328,24.56943702697754,12.806396484375,15.562493324279785,,,80.30890655517578,131.94000244140625
2013-05-23,131.9757537841797,13.438633918762207,12.549870491027832,25.313940048217773,39.688133239746094,34.575599670410156,29.07080841064453,24.517789840698242,12.71890640258789,15.57013988494873,,,80.68940734863281,134.61000061035156
2013-05-24,131.86410522460938,13.417465209960938,12.562604904174805,25.166105270385742,39.56727981567383,34.46520233154297,29.34527015686035,24.44462776184082,12.582801818847656,15.516599655151367,,,80.8000717163086,133.75999450683594
2013-05-28,132.65374755859375,13.480975151062012,12.689948081970215,25.430988311767578,39.970062255859375,34.64655685424805,29.394533157348633,24.681337356567383,12.436983108520508,15.658112525939941,,,78.75238800048828,133.49000549316406
2013-05-29,131.79229736328125,13.447104454040527,12.689948081970215,25.375545501708984,39.341766357421875,34.44941711425781,28.831546783447266,24.427413940429688,12.252281188964844,15.60838794708252,,,79.6379165649414,134.8300018310547
2013-05-30,132.27886962890625,13.531783103942871,12.842766761779785,25.317026138305664,39.62369155883789,34.654457092285156,28.718942642211914,24.427413940429688,12.284677505493164,15.658112525939941,,,79.4441909790039,136.6999969482422
2013-05-31,130.38038635253906,13.404763221740723,12.632646560668945,24.793434143066406,38.753726959228516,34.323272705078125,28.184123992919922,24.151987075805664,12.210147857666016,15.413333892822266,,,79.17436981201172,133.9199981689453
2013-06-03,131.09828186035156,13.472506523132324,12.645380020141602,25.033674240112305,38.96315002441406,34.488853454589844,28.49374771118164,24.259572982788086,12.236068725585938,15.489824295043945,,,79.59392547607422,136.50999450683594
2013-06-04,130.4681396484375,13.413230895996094,12.530770301818848,24.836549758911133,38.72150421142578,34.299617767333984,28.500795364379883,24.17349624633789,12.193944931030273,15.470694541931152,,,78.85888671875,135.22999572753906
2013-06-05,128.64144897460938,13.28197956085205,12.327020645141602,24.547040939331055,38.15764236450195,33.67671203613281,28.155960083007812,23.77326011657715,12.08700942993164,15.126481056213379,,,79.94761657714844,135.52000427246094
2013-06-06,129.80606079101562,13.31161880493164,12.49893569946289,24.73183822631836,38.71345520019531,33.88959503173828,28.275602340698242,24.022869110107422,12.229593276977539,15.22592830657959,,,79.89900970458984,136.52999877929688
2013-06-07,131.45726013183594,13.434401512145996,12.715418815612793,25.042909622192383,39.06787109375,34.528289794921875,28.627456665039062,24.461843490600586,12.304118156433105,15.367438316345215,,,78.47055053710938,133.27999877929688
2013-06-10,131.45726013183594,13.464041709899902,12.721787452697754,24.972078323364258,39.124263763427734,34.42577362060547,28.627456665039062,24.388675689697266,12.300884246826172,15.440101623535156,,,78.0960922241211,133.94000244140625
2013-06-11,130.1012420654297,13.324321746826172,12.51166820526123,24.593238830566406,38.96315002441406,34.11037063598633,28.557096481323242,24.147676467895508,12.219871520996094,15.22592830657959,,,79.02527618408203,133.25
2013-06-12,129.0244140625,13.235404014587402,12.37795639038086,24.442319869995117,38.568450927734375,33.87382507324219,28.416351318359375,23.880855560302734,12.099970817565918,15.149431228637695,,,77.89495849609375,134.25
2013-06-13,130.98666381835938,13.387829780578613,12.613544464111328,24.851953506469727,39.16455078125,34.370582580566406,28.711904525756836,24.328428268432617,12.297643661499023,15.428627967834473,,,79.11543273925781,133.74000549316406
2013-06-14,130.1649932861328,13.286211967468262,12.447997093200684,24.61171531677246,39.100101470947266,34.14192581176758,28.64153480529785,24.25096893310547,12.313847541809082,15.317718505859375,,,78.92822265625,134.42999267578125
2013-06-17,131.17007446289062,13.408995628356934,12.56897258758545,24.96590805053711,39.18870162963867,34.40999984741211,28.89488410949707,24.384376525878906,12.352729797363281,15.447747230529785,,,78.51211547851562,133.77000427246094
2013-06-18,132.2070770263672,13.514852523803711,12.65174674987793,25.107587814331055,39.51897048950195,34.81214904785156,29.000442504882812,24.633991241455078,12.436983108520508,15.516599655151367,,,78.5537338256836,132.1300048828125
2013-06-19,130.38038635253906,13.35818862915039,12.479833602905273,24.8765869140625,38.890655517578125,34.283843994140625,28.423383712768555,24.354249954223633,12.151819229125977,15.39803409576416,,,77.7424087524414,130.58999633789062
2013-06-20,127.14981079101562,13.061811447143555,12.212409973144531,24.149723052978516,37.891807556152344,33.50322723388672,27.564836502075195,23.717317581176758,11.808329582214355,15.000268936157227,,,76.46646881103516,123.5999984741211
2013-06-21,127.55802154541016,12.983085632324219,12.223275184631348,24.19119644165039,38.265647888183594,33.523826599121094,27.928922653198242,23.763084411621094,11.96252155303955,14.949392318725586,,,75.16976165771484,125.05000305175781
2013-06-24,125.9461441040039,12.825638771057129,12.005919456481934,23.832210540771484,37.94198226928711,32.961143493652344,27.81558609008789,23.547216415405273,11.952704429626465,14.710458755493164,,,75.48180389404297,123.93000030517578
2013-06-25,127.15702819824219,12.932022094726562,12.229666709899902,24.138587951660156,38.136199951171875,33.33363723754883,27.858089447021484,23.758764266967773,12.109847068786621,14.79909896850586,,,74.80912017822266,123.47000122070312
2013-06-26,128.41604614257812,13.00861930847168,12.3511323928833,24.28713035583496,38.68640899658203,33.65857696533203,28.148502349853516,24.056665420532227,12.263714790344238,14.868467330932617,,,75.29454040527344,118.27999877929688
2013-06-27,129.16978454589844,13.072446823120117,12.510955810546875,24.333560943603516,38.82396697998047,33.9914436340332,28.275991439819336,24.26390266418457,12.289904594421387,14.860760688781738,,,76.06427764892578,115.94000244140625
2013-06-28,128.64051818847656,13.017133712768555,12.434240341186523,24.231433868408203,38.52458953857422,33.79330825805664,28.098918914794922,24.350252151489258,12.319375038146973,14.779825210571289,,,76.58435821533203,119.11000061035156
2013-07-01,129.3943328857422,13.08521556854248,12.472599029541016,24.40473175048828,38.6297607421875,34.13408660888672,28.304325103759766,24.518625259399414,12.165502548217773,14.864609718322754,,,76.73869323730469,121.12999725341797
2013-07-02,129.27403259277344,13.10649299621582,12.485383987426758,24.457345962524414,38.54887390136719,33.769535064697266,28.339733123779297,24.561805725097656,12.16222858428955,14.818367958068848,,,76.69002532958984,120.05000305175781
2013-07-03,129.33021545410156,13.183087348937988,12.447027206420898,24.441864013671875,38.492210388183594,33.78538131713867,28.2830753326416,24.67405891418457,12.1163911819458,14.822216033935547,,,76.46061706542969,120.73999786376953
2013-07-05,130.7254638671875,13.268198013305664,12.67077922821045,24.745155334472656,39.01816940307617,34.31637954711914,28.35390281677246,24.94173812866211,12.080381393432617,14.92242431640625,,,73.85431671142578,118.08999633789062
2013-07-08,131.4712677001953,13.259686470031738,12.766676902770996,24.906070709228516,39.23665237426758,34.411476135253906,28.63722038269043,25.174880981445312,12.253897666931152,15.007206916809082,,,74.57012939453125,119.51000213623047
2013-07-09,132.41744995117188,13.310749053955078,12.87535285949707,25.159833908081055,39.349937438964844,34.89491271972656,28.8497257232666,25.274181365966797,12.342287063598633,15.238443374633789,,,74.64662170410156,120.62000274658203
2013-07-10,132.4656524658203,13.353303909301758,12.798640251159668,25.005098342895508,39.608863830566406,34.88698959350586,28.885143280029297,25.300079345703125,12.411036491394043,15.234589576721191,,,74.06277465820312,120.94999694824219
2013-07-11,134.2698974609375,13.578839302062988,12.920101165771484,25.20625114440918,40.11865234375,35.44175720214844,29.338457107543945,25.662736892700195,12.61074447631836,15.48123550415039,,,74.93158721923828,124.23999786376953
2013-07-12,134.32598876953125,13.587347030639648,13.009603500366211,25.34861183166504,40.36140060424805,35.22776794433594,29.345542907714844,25.78363037109375,12.65002727508545,15.427288055419922,,,74.86903381347656,124.12999725341797
2013-07-15,134.83924865722656,13.62564468383789,13.067145347595215,25.326950073242188,40.4018669128418,35.35456848144531,29.388046264648438,25.718873977661133,12.856279373168945,15.465825080871582,,,75.26522064208984,124.18000030517578
2013-07-16,134.3340301513672,13.634156227111816,13.015996932983398,25.172212600708008,40.16720199584961,35.164371490478516,29.28180503845215,25.580713272094727,12.787525177001953,15.35020923614502,,,75.52234649658203,124.88999938964844
2013-07-17,134.67881774902344,13.646920204162598,13.073535919189453,25.28362464904785,40.27238082885742,35.26740646362305,29.338457107543945,25.59366798400879,12.780976295471191,15.492803573608398,,,75.66130065917969,123.31999969482422
2013-07-18,135.41650390625,13.612879753112793,13.24614429473877,25.552873611450195,40.385684967041016,35.624053955078125,29.437623977661133,25.740449905395508,12.892288208007812,15.50051212310791,,,74.71615600585938,124.01000213623047
2013-07-19,135.65716552734375,13.38309097290039,13.252533912658691,25.90874671936035,40.91972732543945,35.98859786987305,29.607624053955078,25.718873977661133,12.895565032958984,15.600712776184082,,,75.89767456054688,125.11000061035156
2013-07-22,135.92173767089844,13.421390533447266,13.342035293579102,25.825199127197266,41.12202453613281,36.01237487792969,29.543869018554688,25.701602935791016,12.882466316223145,15.616125106811523,,,76.00885009765625,128.83999633789062
2013-07-23,135.63311767578125,13.366067886352539,13.29089641571045,25.8685302734375,40.97637176513672,35.98859786987305,29.487197875976562,25.667062759399414,12.915207862854004,15.662384033203125,,,75.6891860961914,129.7100067138672
2013-07-24,135.1359405517578,13.45543384552002,13.19499683380127,25.580713272094727,40.91163635253906,35.711219787597656,29.29596519470215,25.580713272094727,12.718774795532227,15.515925407409668,,,74.7300033569336,127.4800033569336
2013-07-25,135.46470642089844,13.463943481445312,13.20778751373291,25.750930786132812,41.11392593383789,35.727073669433594,29.451784133911133,25.61525535583496,12.83663272857666,15.662384033203125,,,74.70220184326172,128.6699981689453
2013-07-26,135.60906982421875,13.502242088317871,13.19499683380127,25.685932159423828,41.38095474243164,35.608177185058594,29.4163818359375,25.69729232788086,12.882466316223145,15.604565620422363,,,75.16093444824219,128.77999877929688
2013-07-29,135.19203186035156,13.480961799621582,13.099105834960938,25.472402572631836,41.25958251953125,35.51308059692383,29.352630615234375,25.563444137573242,12.905381202697754,15.693205833435059,,,74.61187744140625,128.47000122070312
2013-07-30,135.19203186035156,13.549051284790039,13.092716217041016,25.422883987426758,41.26765823364258,35.66366958618164,29.324302673339844,25.49868392944336,12.947945594787598,15.654672622680664,,,74.58406066894531,128.1199951171875
2013-07-31,135.2882537841797,13.502242088317871,13.099105834960938,25.50643539428711,41.28384780883789,35.79046630859375,29.31721305847168,25.632518768310547,12.85300350189209,15.600712776184082,,,74.85508728027344,127.95999908447266
2013-08-01,136.85198974609375,13.646920204162598,13.310073852539062,25.92113494873047,41.54279708862305,36.40071105957031,29.558046340942383,26.029726028442383,12.961038589477539,15.716334342956543,,,73.41278839111328,126.61000061035156
2013-08-02,137.08450317382812,13.70649528503418,13.303679466247559,25.806623458862305,41.558990478515625,36.472049713134766,29.572208404541016,26.215375900268555,12.944666862487793,15.804971694946289,,,74.2210693359375,126.36000061035156
2013-08-05,136.8840789794922,13.736283302307129,13.278104782104492,25.744741439819336,41.50232696533203,36.32939147949219,29.593448638916016,26.15924644470215,12.85954475402832,15.762580871582031,,,73.64962005615234,125.69999694824219
2013-08-06,136.10623168945312,13.663944244384766,13.156637191772461,25.58690643310547,41.308128356933594,36.0599250793457,29.558046340942383,26.051311492919922,12.794074058532715,15.616125106811523,,,73.86568450927734,123.97000122070312
2013-08-07,135.66517639160156,13.629902839660645,13.067145347595215,25.49715805053711,41.34048843383789,36.004451751708984,29.4163818359375,25.822492599487305,12.85300350189209,15.623833656311035,,,74.41619110107422,124.1500015258789
2013-08-08,136.1623077392578,13.672455787658691,13.099105834960938,25.63641357421875,41.34048843383789,36.17087936401367,29.572208404541016,25.99518585205078,12.90211009979248,15.855074882507324,,,74.61817169189453,126.86000061035156
2013-08-09,135.76942443847656,13.604369163513184,13.05435562133789,25.559049606323242,41.19484329223633,36.052024841308594,29.44470977783203,25.93906593322754,12.813716888427734,15.947562217712402,,,74.73664093017578,126.86000061035156
2013-08-12,135.60906982421875,13.693731307983398,13.00321102142334,25.450748443603516,41.02492904663086,36.09954833984375,29.359708786010742,25.904518127441406,12.744970321655273,15.924437522888184,,,74.22798919677734,129.1300048828125
2013-08-13,136.00994873046875,13.787347793579102,13.067145347595215,25.49715805053711,41.17865753173828,36.25806427001953,29.38097381591797,25.904518127441406,12.676215171813965,15.982250213623047,,,73.15496826171875,127.73999786376953
2013-08-14,135.31234741210938,13.77458381652832,13.015996932983398,25.379562377929688,40.85499954223633,36.004451751708984,29.17554473876953,25.619571685791016,12.594374656677246,15.947562217712402,,,73.26646423339844,129.0
2013-08-15,133.4198760986328,13.553303718566895,12.82420825958252,25.24030303955078,40.16720199584961,35.60026550292969,28.70806121826172,25.170560836791992,12.433951377868652,15.831954956054688,,,72.27702331542969,131.69000244140625
2013-08-16,132.9788055419922,13.54054069519043,12.798640251159668,25.13818359375,39.9810905456543,35.6478157043457,28.538063049316406,25.07988929748535,12.289904594421387,15.708621978759766,,,72.02616119384766,132.5800018310547
2013-08-19,132.12879943847656,13.497984886169434,12.63242244720459,24.738954544067383,40.053916931152344,35.45761489868164,28.41057586669922,24.971956253051758,12.185144424438477,15.585295677185059,,,71.39906311035156,132.00999450683594
2013-08-20,132.77830505371094,13.51926040649414,12.753884315490723,24.89059829711914,40.16720199584961,35.5210075378418,28.417654037475586,25.22669219970703,12.299732208251953,15.673940658569336,,,71.9495620727539,132.4499969482422
2013-08-21,131.9604034423828,13.489476203918457,12.664388656616211,24.754436492919922,39.92444610595703,35.275333404541016,28.198070526123047,25.010820388793945,12.158957481384277,15.554460525512695,,,71.16217803955078,132.07000732421875
2013-08-22,133.16317749023438,13.549051284790039,12.811422348022461,25.122703552246094,40.18337631225586,35.75875473022461,28.31848907470703,25.26123046875,12.227705001831055,15.739455223083496,,,71.88684844970703,132.80999755859375
2013-08-23,133.6123046875,13.646920204162598,12.82420825958252,25.30220603942871,40.288570404052734,35.76669692993164,28.481395721435547,25.26554298400879,12.329194068908691,15.866639137268066,,,72.667236328125,134.89999389648438
2013-08-26,133.11512756347656,13.583096504211426,12.741100311279297,25.258867263793945,40.34522247314453,35.687442779541016,28.148502349853516,25.21373748779297,12.237526893615723,15.866639137268066,,,73.0295639038086,135.4499969482422
2013-08-27,130.97402954101562,13.344793319702148,12.434240341186523,25.101037979125977,39.689788818359375,34.96624755859375,27.999746322631836,24.803577423095703,12.230978012084961,15.589150428771973,,,73.9493179321289,136.75
2013-08-28,131.4391326904297,13.353303909301758,12.453417778015137,25.518827438354492,39.859710693359375,34.99794006347656,27.787240982055664,24.937423706054688,12.27353572845459,15.558318138122559,,,73.35004425048828,136.7100067138672
2013-08-29,131.6476593017578,13.425642013549805,12.485383987426758,25.252674102783203,39.9810905456543,35.100975036621094,27.90057373046875,25.05831527709961,12.20151424407959,15.608415603637695,,,73.93533325195312,135.8699951171875
2013-08-30,131.2306671142578,13.36181640625,12.427850723266602,25.24339485168457,39.82734680175781,34.9028205871582,27.985578536987305,24.902873992919922,12.211335182189941,15.581445693969727,,,73.85172271728516,134.6199951171875
2013-09-03,131.82411193847656,13.374580383300781,12.530136108398438,25.4290828704834,40.086280822753906,35.124752044677734,27.964324951171875,25.07988929748535,12.070560455322266,15.673940658569336,,,72.81007385253906,136.4199981689453
2013-09-04,132.9146728515625,13.502242088317871,12.626030921936035,25.56524658203125,40.54751968383789,35.48138427734375,28.14141273498535,25.3432559967041,12.070560455322266,15.82038688659668,,,72.6494140625,134.66000366210938
2013-09-05,133.0830535888672,13.51075267791748,12.657991409301758,25.651887893676758,40.60415267944336,35.56856918334961,28.098918914794922,25.35188865661621,12.021451950073242,15.847366333007812,,,71.63639831542969,132.1999969482422
2013-09-06,133.14724731445312,13.51926040649414,12.657991409301758,25.648794174194336,40.620323181152344,35.552711486816406,28.169755935668945,25.321670532226562,12.106572151184082,15.828097343444824,,,71.99275207519531,134.14999389648438
2013-09-09,134.4222412109375,13.680967330932617,12.805031776428223,25.936595916748047,40.871177673339844,35.99652099609375,28.368074417114258,25.546173095703125,12.149131774902344,16.067039489746094,,,72.02765655517578,133.91000366210938
2013-09-10,135.41650390625,13.766074180603027,12.95846176147461,25.945884704589844,41.13011932373047,36.51959991455078,28.396400451660156,25.79227066040039,12.244078636169434,16.209636688232422,,,71.52462768554688,131.74000549316406
2013-09-11,135.8416290283203,13.702244758605957,12.971244812011719,26.14394760131836,41.405235290527344,36.670166015625,28.601818084716797,25.98223114013672,12.122943878173828,16.309837341308594,,,72.160400390625,131.6999969482422
2013-09-12,135.48069763183594,13.715007781982422,12.87535285949707,25.989212036132812,41.34048843383789,36.51959991455078,28.60890007019043,25.921783447265625,12.090200424194336,16.1402645111084,,,72.06259155273438,127.66999816894531
2013-09-13,135.78541564941406,13.727773666381836,12.91370964050293,25.979921340942383,41.43760299682617,36.62260437011719,28.842649459838867,25.99518585205078,12.181867599487305,16.248170852661133,,,72.34201049804688,127.81999969482422
2013-09-16,136.57131958007812,13.70649528503418,13.05435562133789,25.973735809326172,41.8098030090332,37.09813690185547,29.104717254638672,26.111757278442383,12.214612007141113,16.429306030273438,,,71.86000061035156,126.44999694824219
2013-09-17,137.18072509765625,13.77458381652832,13.118288040161133,26.091331481933594,41.834083557128906,37.25663375854492,29.20388412475586,26.262866973876953,12.286628723144531,16.38306427001953,,,72.45382690429688,126.5
2013-09-18,138.7685089111328,13.94904899597168,13.233356475830078,26.407005310058594,42.0930290222168,37.72422409057617,29.550968170166016,26.565082550048828,12.653302192687988,16.7607421875,,,73.3480453491211,132.00999450683594
2013-09-19,138.53590393066406,13.957562446594238,13.182209014892578,26.341999053955078,41.955482482910156,37.851036071777344,29.4163818359375,26.556447982788086,12.594374656677246,16.70294189453125,,,72.91495513916016,131.75
2013-09-20,137.56735229492188,13.85836124420166,13.112256050109863,26.1284236907959,41.87664031982422,37.388458251953125,29.21037483215332,26.396236419677734,12.404324531555176,16.507720947265625,,,73.2991714477539,127.95999908447266
2013-09-23,136.93081665039062,13.901119232177734,12.926132202148438,26.000946044921875,41.584144592285156,37.26902770996094,29.082080841064453,26.192724227905273,12.553055763244629,16.3837833404541,,,73.83712005615234,127.55000305175781
2013-09-24,136.60845947265625,13.84125804901123,12.842695236206055,26.025829315185547,41.37289047241211,37.404380798339844,28.946643829345703,26.262001037597656,12.5464506149292,16.376041412353516,,,74.6335220336914,127.66000366210938
2013-09-25,136.213623046875,13.819880485534668,12.913296699523926,26.019609451293945,41.04790496826172,37.237178802490234,28.704303741455078,26.101781845092773,12.46051025390625,16.41864585876465,,,74.78721618652344,128.7899932861328
2013-09-26,136.73744201660156,13.87119197845459,12.913296699523926,26.06623077392578,41.19415283203125,37.404380798339844,28.853986740112305,26.348604202270508,12.44398307800293,16.527095794677734,,,74.26322174072266,127.79000091552734
2013-09-27,136.10888671875,13.785673141479492,12.868366241455078,25.976070404052734,41.19415283203125,37.16551971435547,28.675779342651367,26.352937698364258,12.364660263061523,16.329559326171875,,,74.44485473632812,128.97000122070312
2013-09-30,135.38363647460938,13.700156211853027,12.778512954711914,25.7770938873291,41.104766845703125,36.95056915283203,28.369281768798828,26.25334358215332,12.3514404296875,16.271461486816406,,,74.33309173583984,128.17999267578125
2013-10-01,136.45538330078125,13.819880485534668,12.868366241455078,25.941883087158203,41.62477493286133,37.18143844604492,28.54034423828125,26.465517044067383,12.387799263000488,16.34117889404297,,,74.10757446289062,124.58999633789062
2013-10-02,136.32647705078125,13.8241548538208,12.861944198608398,26.000946044921875,41.527278900146484,37.006290435791016,28.476200103759766,26.45685577392578,12.401017189025879,16.3837833404541,,,74.21961975097656,127.05999755859375
2013-10-03,135.06936645507812,13.704429626464844,12.765673637390137,25.773984909057617,41.161651611328125,36.60023880004883,28.333637237548828,26.158079147338867,12.255592346191406,16.244342803955078,,,74.1005859375,127.18000030517578
2013-10-04,136.09274291992188,13.760017395019531,12.868366241455078,26.035137176513672,41.61664962768555,36.8390998840332,28.376405715942383,26.404897689819336,12.278728485107422,16.480613708496094,,,74.04450225830078,126.52999877929688
2013-10-07,134.91627502441406,13.700156211853027,12.720745086669922,25.820619583129883,41.15351867675781,36.58433151245117,28.28373908996582,26.03250503540039,12.21923542022705,16.279207229614258,,,74.34569549560547,127.63999938964844
2013-10-08,133.344970703125,13.482077598571777,12.560297012329102,25.543916702270508,40.56038284301758,36.1702880859375,28.28373908996582,25.621145248413086,12.305168151855469,16.019697189331055,,,74.36672973632812,127.4000015258789
2013-10-09,133.441650390625,13.533390045166016,12.605225563049316,25.453746795654297,40.48727035522461,36.15437698364258,28.305130004882812,25.504236221313477,12.354745864868164,16.04294204711914,,,73.77134704589844,126.11000061035156
2013-10-10,136.31842041015625,13.760017395019531,12.96463680267334,25.926328659057617,41.42978286743164,37.085906982421875,28.83260154724121,26.09745216369629,12.539837837219238,16.3837833404541,,,73.89042663574219,124.2699966430664
2013-10-11,137.1967315673828,13.875467300415039,13.035239219665527,26.206153869628906,41.62477493286133,37.26106643676758,28.918136596679688,26.322628021240234,12.599328994750977,16.480613708496094,,,73.8694076538086,122.5999984741211
2013-10-14,137.7446746826172,13.922503471374512,13.099416732788086,26.383359909057617,41.92539978027344,37.404380798339844,29.039310455322266,26.430877685546875,12.52991771697998,16.538715362548828,,,73.27404022216797,122.83000183105469
2013-10-15,136.74546813964844,13.836979866027832,13.003146171569824,26.2869815826416,41.657283782958984,37.03018569946289,28.775569915771484,26.17972755432129,12.354745864868164,16.43801498413086,,,73.22496795654297,123.7300033569336
2013-10-16,138.65521240234375,13.969536781311035,13.279128074645996,26.68183135986328,42.51042175292969,37.2769775390625,29.203258514404297,26.504486083984375,12.46712589263916,16.60455322265625,,,74.14262390136719,123.54000091552734
2013-10-17,139.58189392089844,13.9738130569458,13.394655227661133,26.737789154052734,42.86790466308594,37.563629150390625,29.531137466430664,26.6993408203125,12.668737411499023,16.821455001831055,,,74.81500244140625,127.41999816894531
2013-10-18,140.5247344970703,14.213266372680664,13.420329093933105,27.030044555664062,42.697288513183594,37.96967315673828,29.57390785217285,26.8638858795166,12.701788902282715,16.87181282043457,,,74.97608947753906,126.8499984741211
2013-10-21,140.5327911376953,14.290233612060547,13.394655227661133,26.908790588378906,42.47791290283203,38.0651969909668,29.509754180908203,26.933162689208984,12.675347328186035,16.867935180664062,,,74.73796844482422,126.9800033569336
2013-10-22,141.34661865234375,14.285954475402832,13.420329093933105,27.058027267456055,42.87604522705078,38.31999206542969,29.880403518676758,27.115036010742188,12.837300300598145,17.111948013305664,,,75.57150268554688,129.33999633789062
2013-10-23,140.66969299316406,14.21754264831543,13.3112211227417,26.635194778442383,42.79478073120117,38.335899353027344,29.93743896484375,26.941831588745117,12.847216606140137,16.99962615966797,,,75.86567687988281,128.69000244140625
2013-10-24,141.1370849609375,14.251751899719238,13.33047103881836,26.76265525817871,42.79478073120117,38.622535705566406,29.880403518676758,27.210296630859375,12.820779800415039,17.0848388671875,,,75.57150268554688,129.89999389648438
2013-10-25,141.78179931640625,14.324438095092773,13.388237953186035,26.924325942993164,42.85165786743164,38.82156753540039,29.951677322387695,27.4138126373291,12.956293106079102,17.135190963745117,,,75.8516616821289,130.4600067138672
2013-10-28,142.0074005126953,14.371474266052246,13.356146812438965,26.946096420288086,42.99791717529297,38.76584243774414,30.343727111816406,27.361846923828125,12.929849624633789,17.049976348876953,,,75.59249114990234,130.55999755859375
2013-10-29,142.764892578125,14.46554946899414,13.394655227661133,27.135738372802734,43.28229904174805,38.87730407714844,30.607452392578125,27.522058486938477,12.946372032165527,17.0848388671875,,,75.6905746459961,129.77000427246094
2013-10-30,142.0557098388672,14.435611724853516,13.34331226348877,26.952322006225586,43.046661376953125,38.7021484375,30.343727111816406,27.38782501220703,12.86374282836914,16.980260848999023,,,75.23529052734375,129.60000610351562
2013-10-31,141.65284729003906,14.388578414916992,13.202108383178711,26.859039306640625,42.87604522705078,38.710105895996094,30.18690299987793,27.457103729248047,12.817465782165527,16.953144073486328,,,75.39639282226562,127.73999786376953
2013-11-01,141.99130249023438,14.392857551574707,13.234198570251465,26.76265525817871,43.1604118347168,38.98877716064453,30.300952911376953,27.522058486938477,12.910013198852539,16.91441535949707,,,74.58026885986328,126.94999694824219
2013-11-04,142.49085998535156,14.448445320129395,13.240617752075195,27.095340728759766,43.19290542602539,39.13207244873047,30.32947540283203,27.617324829101562,12.936458587646484,16.9841365814209,,,74.6504898071289,126.80999755859375
2013-11-05,142.0395965576172,14.40996265411377,13.170021057128906,26.84971809387207,43.046661376953125,39.092281341552734,30.38650131225586,27.617324829101562,12.84390926361084,16.910541534423828,,,73.75858306884766,126.55999755859375
2013-11-06,142.764892578125,14.555343627929688,13.234198570251465,26.930551528930664,42.94917678833008,39.20374298095703,30.71437644958496,27.548038482666016,13.019084930419922,17.026737213134766,,,73.79366302490234,127.19999694824219
2013-11-07,140.95985412597656,14.367199897766113,13.086583137512207,26.513940811157227,42.567283630371094,38.789737701416016,30.26531410217285,26.97646713256836,12.896794319152832,16.802095413208008,,,74.41874694824219,126.16000366210938
2013-11-08,142.86155700683594,14.495476722717285,13.388237953186035,26.908790588378906,43.19290542602539,39.315216064453125,30.415010452270508,27.4051456451416,12.873662948608398,17.115829467773438,,,72.62779998779297,124.27999877929688
2013-11-11,142.88572692871094,14.512579917907715,13.394655227661133,26.95853042602539,43.29854965209961,39.283355712890625,30.322338104248047,27.448453903198242,12.870352745056152,17.108076095581055,,,72.35389709472656,123.87000274658203
2013-11-12,142.59559631347656,14.551067352294922,13.266290664672852,26.70980453491211,43.274192810058594,39.29928970336914,30.372238159179688,27.400815963745117,12.76128101348877,17.053850173950195,,,72.69097137451172,122.44999694824219
2013-11-13,143.73988342285156,14.67507266998291,13.381820678710938,26.9429988861084,43.51792907714844,39.53016662597656,30.628833770751953,27.833829879760742,12.82408332824707,17.146808624267578,,,72.95789337158203,122.8499984741211
2013-11-14,144.45706176757812,14.636588096618652,13.497345924377441,27.104656219482422,43.883541107177734,39.68144226074219,30.849811553955078,28.028684616088867,12.936458587646484,17.29012680053711,,,73.40737915039062,124.2699966430664
2013-11-15,145.08555603027344,14.666512489318848,13.561528205871582,27.253894805908203,44.13542556762695,39.816810607910156,30.88544273376465,28.12394142150879,13.012478828430176,17.40243911743164,,,73.55482482910156,124.31999969482422
2013-11-18,144.57785034179688,14.610933303833008,13.555106163024902,27.045581817626953,43.940425872802734,39.88050079345703,30.79277992248535,27.903114318847656,12.995951652526855,17.293996810913086,,,73.9973373413086,122.9000015258789
2013-11-19,144.263671875,14.55961799621582,13.574359893798828,27.09222412109375,43.989173889160156,39.593868255615234,30.678735733032227,27.781862258911133,12.900099754333496,17.23976707458496,,,73.43548583984375,122.94999694824219
2013-11-20,143.81236267089844,14.512579917907715,13.535855293273926,27.026933670043945,44.119163513183594,39.418701171875,30.550439834594727,27.638978958129883,12.757977485656738,17.100330352783203,,,72.18534088134766,120.12000274658203
2013-11-21,144.9727783203125,14.636588096618652,13.72839641571045,27.28498649597168,44.29792404174805,39.737178802490234,30.607452392578125,27.92475700378418,12.787724494934082,17.23976707458496,,,72.30474090576172,119.94000244140625
2013-11-22,145.6979522705078,14.606657028198242,13.792581558227539,27.43111801147461,44.891056060791016,40.08748245239258,30.764280319213867,28.080638885498047,12.777812004089355,17.3288516998291,,,72.97896575927734,119.91999816894531
2013-11-25,145.5529327392578,14.606657028198242,13.8118314743042,27.182388305664062,45.0698127746582,39.999916076660156,30.71437644958496,28.106618881225586,12.728229522705078,17.22040367126465,,,73.18966674804688,120.45999908447266
2013-11-26,145.59323120117188,14.657965660095215,13.798995971679688,27.113977432250977,44.93981170654297,40.079532623291016,30.685867309570312,28.271167755126953,12.602633476257324,17.17779541015625,,,73.463623046875,119.81999969482422
2013-11-27,145.9477996826172,14.773418426513672,13.837505340576172,26.930551528930664,44.923553466796875,40.238765716552734,30.707250595092773,28.37942123413086,12.576192855834961,17.18940544128418,,,73.33715057373047,119.45999908447266
2013-11-29,145.8511199951172,14.833279609680176,13.786161422729492,26.874589920043945,44.89919662475586,40.127296447753906,30.6573543548584,28.4053955078125,12.569584846496582,17.173921585083008,,,73.35823822021484,120.69999694824219
2013-12-02,145.47230529785156,14.78624439239502,13.779744148254395,26.893234252929688,44.91543960571289,39.96010208129883,30.493404388427734,28.271167755126953,12.516703605651855,17.131311416625977,,,72.78766632080078,117.58000183105469
2013-12-03,144.84384155273438,14.820449829101562,13.638541221618652,26.95853042602539,44.52543640136719,39.61775588989258,30.64309310913086,28.0026912689209,12.579498291015625,16.92991065979004,,,73.05533599853516,117.95999908447266
2013-12-04,144.8277130126953,14.833279609680176,13.67062759399414,26.871482849121094,44.37106704711914,39.458518981933594,30.57181739807129,27.937759399414062,12.635682106018066,17.01125144958496,,,72.35798645019531,119.95999908447266
2013-12-05,144.19113159179688,14.78624439239502,13.542264938354492,26.78131866455078,44.28980255126953,39.47444152832031,30.29383659362793,27.968059539794922,12.533230781555176,16.91441535949707,,,72.1536865234375,118.30000305175781
2013-12-06,145.802734375,14.888863563537598,13.72839641571045,26.86526107788086,44.86668014526367,40.079532623291016,30.707250595092773,28.201879501342773,12.705092430114746,17.146808624267578,,,72.49886322021484,118.55000305175781
2013-12-09,146.17340087890625,14.935900688171387,13.786161422729492,26.902563095092773,44.95606231689453,40.18303298950195,30.81416130065918,28.180234909057617,12.62907600402832,17.23589515686035,,,72.66790771484375,119.72000122070312
2013-12-10,145.6497039794922,14.905967712402344,13.73481273651123,26.821741104125977,44.77729797363281,40.095455169677734,30.550439834594727,28.197555541992188,12.503479957580566,17.286245346069336,,,73.18916320800781,121.81999969482422
2013-12-11,144.01380920410156,14.76913833618164,13.548685073852539,26.442432403564453,44.00542068481445,39.46648406982422,30.60032844543457,27.937759399414062,12.401017189025879,16.99187660217285,,,72.62561798095703,120.86000061035156
2013-12-12,143.53839111328125,14.670791625976562,13.548685073852539,26.554357528686523,43.68855667114258,39.50629425048828,30.17978858947754,27.85114860534668,12.417546272277832,16.957015991210938,,,72.35089874267578,118.29000091552734
2013-12-13,143.5223388671875,14.623757362365723,13.561528205871582,26.46729850769043,43.721046447753906,39.62569808959961,30.129892349243164,27.920433044433594,12.397714614868164,17.038362503051758,,,72.7031021118164,119.37999725341797
2013-12-16,144.41677856445312,14.76913833618164,13.64495849609375,26.697378158569336,43.80229949951172,39.999916076660156,30.122756958007812,28.102291107177734,12.463817596435547,17.108076095581055,,,72.43544006347656,119.69000244140625
2013-12-17,143.95750427246094,14.764861106872559,13.555106163024902,26.545032501220703,43.59103775024414,39.983985900878906,29.98019790649414,28.028684616088867,12.440681457519531,17.22040367126465,,,72.75951385498047,118.6500015258789
2013-12-18,146.41514587402344,14.880314826965332,13.869595527648926,26.946096420288086,44.671688079833984,40.65279769897461,30.479158401489258,28.444366455078125,12.605937004089355,17.429555892944336,,,72.3931655883789,117.61000061035156
2013-12-19,146.2459259033203,14.905967712402344,13.850343704223633,27.023822784423828,44.57419204711914,40.692588806152344,30.422136306762695,28.427051544189453,12.513388633728027,17.45667266845703,,,72.32270050048828,114.81999969482422
2013-12-20,147.09664916992188,15.022422790527344,13.934816360473633,27.071619033813477,44.79853820800781,41.01987838745117,30.560033798217773,28.545297622680664,12.6373291015625,17.512022018432617,,,73.43571472167969,115.94000244140625
2013-12-23,147.8824920654297,15.220086097717285,13.99929428100586,27.099729537963867,44.96985626220703,41.17992401123047,30.531307220458984,28.67137908935547,12.5872163772583,17.597768783569336,,,73.0201416015625,115.56999969482422
2013-12-24,148.20660400390625,15.263053894042969,14.025092124938965,27.24964141845703,44.888282775878906,41.37199020385742,30.57439422607422,28.73223876953125,12.6373291015625,17.788742065429688,,,72.43544006347656,116.0999984741211
2013-12-26,148.9600372314453,15.301728248596191,14.057333946228027,27.44330406188965,45.222782135009766,41.66007995605469,30.696500778198242,28.945268630981445,12.58054256439209,17.886180877685547,,,72.1562728881836,116.73999786376953
2013-12-27,148.95193481445312,15.288834571838379,14.050885200500488,27.57762908935547,45.18198013305664,41.61205291748047,30.768314361572266,28.81049346923828,12.630647659301758,17.94075584411621,,,71.95132446289062,117.12000274658203
2013-12-30,148.9276580810547,15.258761405944824,14.025092124938965,27.380844116210938,45.25542068481445,41.57202911376953,30.84731674194336,28.940916061401367,12.660713195800781,17.952442169189453,,,72.44608306884766,115.38999938964844
2013-12-31,149.63247680664062,15.35759162902832,14.09602165222168,27.646339416503906,45.230953216552734,41.820125579833984,30.86886215209961,29.053953170776367,12.68409538269043,18.01481056213379,,,71.98663330078125,116.12000274658203
2014-01-02,148.19850158691406,15.207193374633789,14.018644332885742,27.252784729003906,44.97802734375,41.23594665527344,30.488210678100586,28.919179916381836,12.490345001220703,17.870601654052734,,,72.20576477050781,118.0
2014-01-03,148.17417907714844,15.134142875671387,14.115373611450195,27.152820587158203,45.0840950012207,41.347984313964844,30.430755615234375,28.84092140197754,12.450255393981934,17.82772445678711,,,72.20576477050781,119.29000091552734
2014-01-06,147.74478149414062,15.108366966247559,14.128263473510742,27.190305709838867,44.89643478393555,41.10791015625,30.315837860107422,28.662681579589844,12.470305442810059,17.730283737182617,,,72.5096664428711,119.5
2014-01-07,148.65211486816406,15.245868682861328,14.134712219238281,27.396469116210938,45.36964797973633,41.363975524902344,30.48101806640625,28.836576461791992,12.58054256439209,17.699106216430664,,,72.69341278076172,118.81999969482422
2014-01-08,148.6846160888672,15.245868682861328,14.179853439331055,27.2059268951416,45.769412994384766,41.29195022583008,30.251201629638672,28.758331298828125,12.513725280761719,17.804336547851562,,,72.49552154541016,118.12000274658203
2014-01-09,148.78179931640625,15.147034645080566,14.231438636779785,27.12159538269043,46.112060546875,41.49203109741211,30.409210205078125,28.75397300720215,12.5872163772583,17.73417854309082,,,72.91950988769531,118.45999908447266
2014-01-10,149.1868896484375,15.177112579345703,14.205647468566895,27.143455505371094,46.29154968261719,41.5560417175293,30.45229721069336,28.84092140197754,12.767613410949707,17.788742065429688,,,73.788818359375,120.26000213623047
2014-01-13,147.20193481445312,15.01383113861084,13.99284839630127,26.603086471557617,45.91625213623047,41.0518913269043,30.279932022094727,28.262720108032227,12.6373291015625,17.54709243774414,,,74.15631103515625,121.0199966430664
2014-01-14,148.8060760498047,15.267350196838379,14.108922958374023,26.949796676635742,46.49552917480469,41.48402786254883,30.437946319580078,28.50617027282715,12.654031753540039,17.792644500732422,,,73.81708526611328,119.88999938964844
2014-01-15,149.60818481445312,15.452127456665039,14.27657413482666,26.8717041015625,46.454715728759766,41.780094146728516,30.445114135742188,28.57573127746582,12.630647659301758,17.901779174804688,,,73.73937225341797,119.66000366210938
2014-01-16,149.4137725830078,15.447824478149414,14.186299324035645,26.909191131591797,46.56894302368164,41.67607879638672,30.45229721069336,28.423572540283203,12.717503547668457,17.944650650024414,,,74.2340087890625,119.79000091552734
2014-01-17,148.78179931640625,15.361885070800781,14.141166687011719,26.86545753479004,46.519989013671875,41.46800231933594,30.215282440185547,28.29749870300293,12.71416187286377,17.901779174804688,,,74.54497528076172,120.93000030517578
2014-01-21,149.21925354003906,15.439229965209961,14.154061317443848,27.087238311767578,46.78921127319336,41.508026123046875,30.33020782470703,28.27141571044922,12.854466438293457,18.010908126831055,,,74.60152435302734,119.69999694824219
2014-01-22,149.31654357910156,15.422042846679688,14.160502433776855,27.21217155456543,46.83002853393555,41.63606643676758,30.33020782470703,28.34531593322754,12.86783218383789,17.83551788330078,,,74.41780090332031,119.19000244140625
2014-01-23,148.0930938720703,15.391959190368652,13.928365707397461,26.902950286865234,46.5036735534668,41.139915466308594,30.064462661743164,28.14533233642578,12.831082344055176,17.570472717285156,,,75.47074890136719,121.79000091552734
2014-01-24,144.9334259033203,15.095467567443848,13.61240291595459,26.340709686279297,45.41041564941406,39.85954284667969,29.79154396057129,27.606246948242188,12.6874361038208,17.09886932373047,,,75.95842742919922,122.29000091552734
2014-01-27,144.22047424316406,14.953666687011719,13.52857494354248,26.246992111206055,45.04328918457031,39.899566650390625,29.669448852539062,27.497568130493164,12.717503547668457,17.02870750427246,,,75.4284439086914,120.95999908447266
2014-01-28,145.07928466796875,14.863428115844727,13.709124565124512,26.446914672851562,45.64702224731445,40.275672912597656,29.89926528930664,27.68885040283203,12.764269828796387,17.12615203857422,,,75.6121597290039,120.94999694824219
2014-01-29,143.68577575683594,14.747411727905273,13.547917366027832,26.300100326538086,45.230953216552734,39.84354782104492,29.374969482421875,27.24541664123535,12.757589340209961,17.19630241394043,,,76.23403930664062,122.47000122070312
2014-01-30,145.20889282226562,14.92788314819336,13.741366386413574,26.384441375732422,46.0549430847168,40.235660552978516,29.41806983947754,27.701900482177734,12.95467758178711,17.278156280517578,,,76.01496887207031,119.7699966430664
2014-01-31,144.3582305908203,14.962263107299805,13.580160140991211,26.043973922729492,45.655189514160156,40.03559112548828,29.274425506591797,27.310623168945312,13.061577796936035,17.165119171142578,,,76.52381134033203,120.08999633789062
2014-02-03,141.1093292236328,14.648582458496094,13.238398551940918,25.578567504882812,44.757755279541016,38.923282623291016,28.642391204833984,26.593305587768555,12.958025932312012,16.763669967651367,,,77.4561996459961,121.31999969482422
2014-02-04,142.09783935546875,14.704438209533691,13.367362976074219,25.840951919555664,45.19830322265625,39.17134094238281,28.793222427368164,26.91935920715332,12.88119125366211,16.911785125732422,,,76.6343765258789,120.98999786376953
2014-02-05,141.91954040527344,14.717334747314453,13.35446548461914,25.58793830871582,44.945396423339844,39.15534210205078,28.814762115478516,26.954133987426758,12.8243989944458,16.9312686920166,,,75.92583465576172,121.29000091552734
2014-02-06,143.7910614013672,14.88061809539795,13.560810089111328,25.96900749206543,45.19830322265625,39.69950485229492,29.123605728149414,27.523651123046875,12.917939186096191,17.184616088867188,,,75.59992218017578,121.23999786376953
2014-02-07,145.57345581054688,15.082579612731934,13.728468894958496,26.250123977661133,45.97338104248047,40.38768768310547,29.396526336669922,27.862756729125977,12.98808765411377,17.422367095947266,,,75.66365814208984,122.16999816894531
2014-02-10,145.84085083007812,15.112659454345703,13.741366386413574,26.122060775756836,46.356815338134766,40.13161087036133,29.511438369750977,27.845365524291992,13.08496379852295,17.508119583129883,,,75.87623596191406,122.91999816894531
2014-02-11,147.43692016601562,15.297429084777832,13.883222579956055,26.462522506713867,46.985015869140625,40.57975769042969,29.85618019104004,28.049692153930664,13.208564758300781,17.710792541503906,,,75.43697357177734,124.36000061035156
2014-02-12,147.5098114013672,15.35759162902832,13.883222579956055,26.400054931640625,46.985015869140625,40.811824798583984,29.726892471313477,28.075775146484375,13.225266456604004,17.679611206054688,,,75.0472412109375,124.43000030517578
2014-02-13,148.27137756347656,15.469315528869629,13.934816360473633,26.524982452392578,47.319522857666016,40.843833923339844,29.87772560119629,28.1627197265625,13.368911743164062,17.831619262695312,,,75.47237396240234,125.48999786376953
2014-02-14,149.0896453857422,15.49939250946045,13.95416259765625,26.8717041015625,47.49085235595703,41.10791015625,30.05010223388672,28.332273483276367,13.455768585205078,17.97583770751953,,,75.5148696899414,127.1500015258789
2014-02-18,149.26795959472656,15.507981300354004,13.979955673217773,26.99352264404297,47.93141555786133,41.07591247558594,29.87772560119629,28.367053985595703,13.502533912658691,17.987531661987305,,,75.68489074707031,127.4000015258789
2014-02-19,148.2794952392578,15.4564208984375,13.78650188446045,27.027873992919922,47.63771438598633,40.69178009033203,29.81308364868164,28.13664436340332,13.425700187683105,17.862804412841797,,,75.3661117553711,126.2699966430664
2014-02-20,149.15447998046875,15.507981300354004,13.825189590454102,27.2059268951416,48.07011413574219,41.07591247558594,29.942371368408203,28.288793563842773,13.529256820678711,18.049884796142578,,,75.1818618774414,127.5999984741211
2014-02-21,148.98434448242188,15.447824478149414,13.850985527038574,26.990400314331055,47.98036575317383,41.123931884765625,29.87772560119629,28.34531593322754,13.545961380004883,18.00311279296875,,,75.57865905761719,127.58000183105469
2014-02-24,149.81072998046875,15.507981300354004,13.95416259765625,27.396469116210938,48.3393440246582,41.43599319458008,29.985456466674805,28.462696075439453,13.512551307678223,17.94075584411621,,,75.38734436035156,128.99000549316406
2014-02-25,149.75399780273438,15.465017318725586,13.870328903198242,27.38396453857422,48.21697235107422,41.299964904785156,30.100387573242188,28.662681579589844,13.495855331420898,18.007015228271484,,,76.06048583984375,129.2100067138672
2014-02-26,149.76211547851562,15.477904319763184,13.850985527038574,27.21217155456543,48.21697235107422,41.33998107910156,30.0716552734375,28.823535919189453,13.452424049377441,18.143423080444336,,,76.46427917480469,128.11000061035156
2014-02-27,150.54798889160156,15.602519035339355,13.921921730041504,27.240280151367188,48.494346618652344,41.58004379272461,30.20810317993164,28.940916061401367,13.419017791748047,18.287633895874023,,,76.8823471069336,128.1999969482422
2014-02-28,150.9287567138672,15.619702339172363,13.99284839630127,27.37772560119629,48.494346618652344,41.66007995605469,30.41637420654297,29.058298110961914,13.512551307678223,18.350006103515625,,,76.92485046386719,127.62000274658203
2014-03-03,149.86749267578125,15.452127456665039,13.883222579956055,27.202800750732422,48.135372161865234,41.380001068115234,30.251201629638672,28.784412384033203,13.37893295288086,18.3071346282959,,,77.43834686279297,130.2899932861328
2014-03-04,151.9739227294922,15.654080390930176,14.166948318481445,27.49953269958496,49.04914855957031,41.98017120361328,30.660579681396484,29.145252227783203,13.475810050964355,18.595552444458008,,,76.2735366821289,128.67999267578125
2014-03-05,152.1116943359375,15.675573348999023,14.315264701843262,27.243408203125,48.92676544189453,42.03618621826172,30.560033798217773,29.266977310180664,13.385611534118652,18.6384220123291,,,76.43690490722656,128.88999938964844
2014-03-06,152.4600372314453,15.697056770324707,14.360404014587402,27.440187454223633,48.6248893737793,42.276241302490234,30.552846908569336,29.34088134765625,13.318805694580078,18.708580017089844,,,75.6840591430664,130.1699981689453
2014-03-07,152.5247802734375,15.649785041809082,14.424888610839844,27.4932804107666,48.50251007080078,42.41229248046875,30.6390380859375,29.297409057617188,13.358887672424316,18.626733779907227,,,75.20816040039062,129.08999633789062
2014-03-10,152.44384765625,15.62401008605957,14.431337356567383,27.537029266357422,48.70647430419922,42.22824478149414,30.667760848999023,29.219158172607422,13.325483322143555,18.61114501953125,,,75.314697265625,129.1300048828125
2014-03-11,151.69033813476562,15.589627265930176,14.334609031677246,27.224668502807617,48.60857391357422,41.924137115478516,30.653390884399414,29.049610137939453,13.288735389709473,18.42015838623047,,,75.51362609863281,129.86000061035156
2014-03-12,151.73086547851562,15.615403175354004,14.308815956115723,27.22779083251953,48.600406646728516,41.8441276550293,30.718042373657227,29.00613784790039,13.455768585205078,18.41236686706543,,,76.0391616821289,131.75999450683594
2014-03-13,150.0294952392578,15.40485668182373,14.147611618041992,26.956043243408203,47.93956756591797,41.251956939697266,30.567214965820312,28.653993606567383,13.596065521240234,18.279842376708984,,,77.06190490722656,132.2100067138672
2014-03-14,149.60818481445312,15.310320854187012,14.057333946228027,26.981029510498047,47.678497314453125,41.09189987182617,30.58158302307129,28.627899169921875,13.659541130065918,18.279842376708984,,,77.07611846923828,133.10000610351562
2014-03-17,150.961181640625,15.490796089172363,14.205647468566895,27.124706268310547,48.143531799316406,41.596046447753906,30.7611141204834,28.81917953491211,13.749732971191406,18.427955627441406,,,76.5008316040039,131.63999938964844
2014-03-18,152.03872680664062,15.692758560180664,14.27657413482666,27.352724075317383,48.65752029418945,41.820125579833984,30.825769424438477,28.945268630981445,13.729694366455078,18.53318977355957,,,76.77783966064453,130.6199951171875
2014-03-19,151.22857666015625,15.628301620483398,14.270129203796387,27.146575927734375,48.510677337646484,41.388004302978516,30.588756561279297,28.75397300720215,13.512551307678223,18.36948585510254,,,76.18122100830078,128.08999633789062
2014-03-20,152.1116943359375,15.748621940612793,14.495816230773926,27.252784729003906,48.510677337646484,41.508026123046875,30.696500778198242,28.827880859375,13.542616844177246,18.615041732788086,,,76.0462417602539,127.86000061035156
2014-03-21,151.5216064453125,15.66965103149414,14.497758865356445,27.32717514038086,47.63060760498047,41.51204299926758,30.679170608520508,28.643842697143555,13.645359992980957,18.536781311035156,,,76.87015533447266,128.47000122070312
2014-03-24,150.89505004882812,15.656697273254395,14.491283416748047,27.270673751831055,47.098453521728516,41.375423431396484,30.650291442871094,28.35601043701172,13.682411193847656,18.39199447631836,,,77.41702270507812,126.18000030517578
2014-03-25,151.61123657226562,15.751642227172852,14.478344917297363,27.515506744384766,47.51597595214844,41.753173828125,30.874074935913086,28.185924530029297,13.739670753479004,18.493730545043945,,,77.12586975097656,126.41000366210938
2014-03-26,150.52072143554688,15.561758041381836,14.329484939575195,27.38680648803711,47.532352447509766,41.327205657958984,30.801876068115234,27.959152221679688,13.682411193847656,18.227636337280273,,,77.72953033447266,125.41000366210938
2014-03-27,150.20339965820312,15.505646705627441,14.251812934875488,27.609664916992188,47.42591857910156,41.270938873291016,30.780223846435547,27.823951721191406,13.793567657470703,18.1767635345459,,,78.12020874023438,124.58999633789062
2014-03-28,150.9439239501953,15.566073417663574,14.31005859375,27.9549503326416,47.245819091796875,41.57633972167969,30.859638214111328,28.03329086303711,13.813777923583984,18.301986694335938,,,77.67984008789062,124.55999755859375
2014-03-31,152.18080139160156,15.686902046203613,14.458925247192383,27.9549503326416,47.88438034057617,42.058570861816406,31.083406448364258,28.22517967224121,13.965352058410645,18.50156021118164,,,77.48808288574219,123.61000061035156
2014-04-01,153.1898651123047,15.872472763061523,14.484816551208496,28.12131690979004,48.187313079833984,42.35594940185547,31.032873153686523,28.617679595947266,13.867663383483887,18.60329818725586,,,76.82585906982422,123.38999938964844
2014-04-02,153.70257568359375,15.881096839904785,14.51717758178711,28.221752166748047,48.40015411376953,42.65333557128906,31.0689697265625,28.809568405151367,13.84746265411377,18.740266799926758,,,76.3843765258789,124.31999969482422
2014-04-03,153.49913024902344,15.803427696228027,14.491283416748047,28.40380859375,48.293724060058594,42.717613220214844,31.10506820678711,28.670013427734375,13.89124870300293,18.76374626159668,,,76.71902465820312,123.91999816894531
2014-04-04,151.68438720703125,15.50133991241455,14.348897933959961,28.300228118896484,47.49142837524414,42.227352142333984,31.004005432128906,28.194643020629883,13.965352058410645,18.525041580200195,,,77.23173522949219,125.56999969482422
2014-04-07,150.0081024169922,15.38050651550293,14.128843307495117,27.826257705688477,47.01658630371094,41.62456512451172,31.032873153686523,27.645143508911133,13.941776275634766,18.255029678344727,,,77.6945571899414,124.91000366210938
2014-04-08,150.62657165527344,15.518601417541504,14.148261070251465,28.10561180114746,46.631805419921875,41.62456512451172,31.191675186157227,27.92425537109375,14.140509605407715,18.325468063354492,,,77.87973022460938,126.08999633789062
2014-04-09,152.2459259033203,15.725750923156738,14.27122974395752,28.23431396484375,47.63060760498047,42.1550178527832,31.3288516998291,28.22517967224121,14.110194206237793,18.60329818725586,,,77.49520111083984,126.31999969482422
2014-04-10,149.04783630371094,15.363243103027344,13.941153526306152,27.841951370239258,46.0423583984375,41.319156646728516,31.018442153930664,27.52303695678711,14.056303024291992,18.231552124023438,,,78.21440124511719,127.01000213623047
2014-04-11,147.70510864257812,15.190621376037598,13.772868156433105,27.763469696044922,45.60847091674805,40.90926742553711,30.859638214111328,27.14362144470215,14.042827606201172,18.012413024902344,,,78.84815216064453,126.93000030517578
2014-04-14,148.86883544921875,15.34166431427002,13.882901191711426,28.143285751342773,45.862247467041016,41.142333984375,31.10506820678711,27.357316970825195,14.127036094665527,18.157201766967773,,,78.64161682128906,127.8499984741211
2014-04-15,149.89418029785156,15.419342994689941,14.012341499328613,28.519943237304688,46.353458404541016,41.431678771972656,31.18447494506836,27.392202377319336,14.322403907775879,18.26677131652832,,,79.13301086425781,125.48999786376953
2014-04-16,151.4647216796875,15.570384979248047,14.122368812561035,28.86208152770996,46.582672119140625,42.06662368774414,31.487646102905273,27.775976181030273,14.426826477050781,18.536781311035156,,,79.232666015625,125.54000091552734
2014-04-17,151.67625427246094,15.548810958862305,14.148261070251465,29.125751495361328,46.57450485229492,42.396141052246094,31.49486541748047,27.810871124267578,14.248299598693848,18.595483779907227,,,78.36390686035156,124.75
2014-04-21,152.20521545410156,15.609230041503906,14.135316848754883,29.323501586914062,47.13119888305664,42.516693115234375,31.50930404663086,27.885007858276367,14.23145866394043,18.599388122558594,,,78.29987335205078,124.23999786376953
2014-04-22,152.89694213867188,15.673957824707031,14.232396125793457,29.27642059326172,47.6469612121582,42.540802001953125,31.49486541748047,28.12486457824707,14.251665115356445,18.665912628173828,,,78.56331634521484,123.77999877929688
2014-04-23,152.53890991210938,15.505646705627441,14.264758110046387,29.430234909057617,47.40956497192383,42.7015495300293,31.4443416595459,27.994035720825195,14.258403778076172,18.669822692871094,,,79.01190185546875,123.76000213623047
2014-04-24,152.84812927246094,15.626487731933594,14.258291244506836,29.43964195251465,47.335872650146484,42.62117004394531,31.56705665588379,28.146682739257812,14.356086730957031,18.587656021118164,,,79.16146850585938,124.55999755859375
2014-04-25,151.5948944091797,15.427979469299316,14.141791343688965,29.26386260986328,46.983848571777344,42.2032470703125,31.610370635986328,27.666955947875977,14.521139144897461,18.454607009887695,,,79.27540588378906,125.43000030517578
2014-04-28,152.0750732421875,15.574705123901367,14.057647705078125,29.31407928466797,47.2621955871582,42.227352142333984,31.971290588378906,27.597169876098633,14.591872215270996,18.376344680786133,,,78.89085388183594,124.87999725341797
2014-04-29,152.7830047607422,15.682595252990723,14.193565368652344,29.449054718017578,47.54053497314453,42.339866638183594,31.83414077758789,27.723642349243164,14.531242370605469,18.505470275878906,,,78.78402709960938,124.86000061035156
2014-04-30,153.23873901367188,15.730062484741211,14.212981224060059,29.423948287963867,47.58146667480469,42.62117004394531,31.935222625732422,27.841398239135742,14.554825782775879,18.6541748046875,,,79.11161804199219,124.22000122070312
2014-05-01,153.25497436523438,15.747323989868164,14.238868713378906,29.3580265045166,47.68790054321289,42.516693115234375,31.90633201599121,27.95043182373047,14.615455627441406,18.536781311035156,,,79.96033477783203,123.80000305175781
2014-05-02,153.03526306152344,15.704164505004883,14.232396125793457,29.41766929626465,47.27857208251953,42.452392578125,31.90633201599121,28.02020263671875,14.315670013427734,18.60721206665039,,,80.45281219482422,125.05999755859375
2014-05-05,153.32823181152344,15.78615951538086,14.174150466918945,29.555776596069336,47.589664459228516,42.540802001953125,31.83414077758789,28.04636573791504,14.443666458129883,18.708961486816406,,,79.96748352050781,126.22000122070312
2014-05-06,151.99363708496094,15.609230041503906,13.973512649536133,29.59971809387207,47.17213439941406,42.21932601928711,31.63202476501465,27.645143508911133,14.3729248046875,18.615039825439453,,,80.28868103027344,125.9800033569336
2014-05-07,152.88876342773438,15.617855072021484,14.16120433807373,29.85711669921875,47.3031120300293,42.58097839355469,31.935222625732422,27.610258102416992,14.6053466796875,18.759830474853516,,,80.00318908691406,124.16999816894531
2014-05-08,152.72601318359375,15.661017417907715,14.200041770935059,29.430234909057617,47.049346923828125,42.57296371459961,31.978519439697266,27.688751220703125,14.44703483581543,18.685476303100586,,,79.6604995727539,124.16999816894531
2014-05-09,152.953857421875,15.67827320098877,14.193565368652344,29.401979446411133,47.335872650146484,42.605098724365234,32.13010787963867,27.841398239135742,14.234824180603027,18.685476303100586,,,79.40357208251953,124.0999984741211
2014-05-12,154.44308471679688,15.88973331451416,14.335948944091797,29.60913848876953,47.81888961791992,43.240028381347656,32.15899658203125,28.190290451049805,14.103458404541016,18.92418098449707,,,79.08232879638672,124.94000244140625
2014-05-13,154.58139038085938,15.898374557495117,14.323014259338379,29.719011306762695,47.892578125,43.31238555908203,32.22395324707031,28.111780166625977,14.13714599609375,18.939838409423828,,,79.76759338378906,124.5999984741211
2014-05-14,153.84902954101562,15.824996948242188,14.219451904296875,29.731555938720703,47.92532730102539,42.99089050292969,32.05070877075195,27.79778480529785,14.207876205444336,18.943748474121094,,,80.63127136230469,125.80999755859375
2014-05-15,152.49813842773438,15.730062484741211,14.057647705078125,29.39255714416504,47.44231033325195,42.613136291503906,31.769189834594727,27.597169876098633,14.150619506835938,18.67765235900879,,,81.27371215820312,124.7699966430664
2014-05-16,153.02711486816406,15.82932186126709,14.077065467834473,29.317224502563477,47.60603713989258,42.66939926147461,31.96407699584961,27.802148818969727,14.194403648376465,18.744178771972656,,,81.04524993896484,124.5
2014-05-19,153.588623046875,15.932890892028809,14.148261070251465,29.408245086669922,47.900753021240234,42.83818054199219,31.899110794067383,27.92862892150879,13.975459098815918,18.822439193725586,,,80.44572448730469,124.58000183105469
2014-05-20,152.6202850341797,15.842266082763672,14.064117431640625,29.323501586914062,47.59785079956055,42.267547607421875,31.783628463745117,27.67568016052246,13.975459098815918,18.720703125,,,80.62413787841797,124.69000244140625
2014-05-21,153.9059600830078,15.950155258178711,14.154738426208496,29.64052391052246,47.9990119934082,42.68546676635742,31.96407699584961,28.011484146118164,13.985567092895508,18.806785583496094,,,80.13165283203125,124.38999938964844
2014-05-22,154.28024291992188,15.980361938476562,14.219451904296875,29.612287521362305,48.285518646240234,42.76585006713867,31.913557052612305,28.159761428833008,14.100090026855469,18.84984016418457,,,80.0174331665039,124.66999816894531
2014-05-23,154.89878845214844,16.114145278930664,14.264758110046387,29.552648544311523,48.31009292602539,43.03910446166992,31.96407699584961,28.382183074951172,14.06640625,19.010272979736328,,,80.44572448730469,124.51000213623047
2014-05-27,155.85089111328125,16.25223731994629,14.38772964477539,29.634248733520508,48.57206726074219,43.26416015625,32.05070877075195,28.530460357666016,14.177563667297363,19.010272979736328,,,80.91680908203125,121.8499984741211
2014-05-28,155.73692321777344,16.209083557128906,14.361844062805176,29.684476852416992,48.43289566040039,43.296295166015625,32.00739288330078,28.49993133544922,14.2617769241333,19.018102645874023,,,81.91614532470703,121.19999694824219
2014-05-29,156.54258728027344,16.304027557373047,14.394208908081055,29.938730239868164,48.81768798828125,43.473114013671875,32.26005554199219,28.617679595947266,14.3021879196167,19.2098445892334,,,81.48070526123047,120.94000244140625
2014-05-30,156.79478454589844,16.3212890625,14.42656135559082,29.916759490966797,48.94866180419922,43.44096374511719,32.512691497802734,28.643842697143555,14.396510124206543,19.2059326171875,,,81.44506072998047,120.43000030517578
2014-06-02,156.97386169433594,16.29539680480957,14.465400695800781,29.879085540771484,49.01416778564453,43.625831604003906,32.43329620361328,28.739782333374023,14.393139839172363,19.284194946289062,,,80.8395767211914,119.69999694824219
2014-06-03,156.8924560546875,16.26950454711914,14.484816551208496,29.982667922973633,49.10420227050781,43.57760238647461,32.31779479980469,28.687450408935547,14.44703483581543,19.241151809692383,,,79.84483337402344,120.01000213623047
2014-06-04,157.20982360839844,16.29969596862793,14.523648262023926,29.96697235107422,49.2433967590332,43.569576263427734,32.43329620361328,28.827009201049805,14.440300941467285,19.272457122802734,,,79.82335662841797,119.76000213623047
2014-06-05,158.23516845703125,16.407602310180664,14.659566879272461,30.13960075378418,49.30069351196289,44.01161575317383,32.563232421875,29.01453971862793,14.56156063079834,19.362459182739258,,,79.85914611816406,120.66000366210938
2014-06-06,158.99197387695312,16.4809627532959,14.7566499710083,30.3875789642334,49.25157928466797,44.453651428222656,32.64984893798828,29.18462371826172,14.511035919189453,19.45638084411621,,,79.85914611816406,120.61000061035156
2014-06-09,159.15475463867188,16.53274917602539,14.82137393951416,30.434673309326172,48.99779510498047,44.6786994934082,32.59931182861328,29.19335174560547,14.41335678100586,19.40550422668457,,,79.74466705322266,120.6500015258789
2014-06-10,159.17098999023438,16.541383743286133,14.814906120300293,30.38445472717285,49.16152572631836,44.57420349121094,32.59931182861328,29.13665199279785,14.37967300415039,19.432897567749023,,,79.45122528076172,121.38999938964844
2014-06-11,158.61766052246094,16.50253677368164,14.717819213867188,30.500579833984375,49.10420227050781,44.24468994140625,32.512691497802734,29.04942512512207,14.197773933410645,19.32332992553711,,,79.59439849853516,121.41000366210938
2014-06-12,157.4945831298828,16.360126495361328,14.627208709716797,30.60102653503418,48.85861587524414,43.64994430541992,32.281707763671875,28.678735733032227,14.241559982299805,19.15897560119629,,,80.3028564453125,122.63999938964844
2014-06-13,157.97479248046875,16.45507049560547,14.63368034362793,30.8929500579834,48.81768798828125,43.802635192871094,32.274478912353516,28.69181251525879,14.33250617980957,19.233327865600586,,,80.25994110107422,122.95999908447266
2014-06-16,158.1049346923828,16.45507049560547,14.562484741210938,31.078140258789062,48.91592025756836,43.7544059753418,32.397212982177734,28.757240295410156,14.430190086364746,19.190275192260742,,,80.46034240722656,122.41999816894531
2014-06-17,158.54440307617188,16.493906021118164,14.711350440979004,31.056163787841797,48.8913688659668,43.87497329711914,32.397212982177734,28.870616912841797,14.409978866577148,19.22941017150879,,,79.82335662841797,122.27999877929688
2014-06-18,159.70809936523438,16.58021354675293,14.795477867126465,31.291587829589844,49.28432083129883,44.12413024902344,32.77979278564453,29.088668823242188,14.736716270446777,19.436817169189453,,,80.43885040283203,122.66999816894531
2014-06-19,159.88711547851562,16.550012588500977,14.776070594787598,31.51445960998535,49.448062896728516,44.23664474487305,32.967464447021484,29.018901824951172,14.857979774475098,19.39768409729004,,,79.40827941894531,126.94000244140625
2014-06-20,160.21170043945312,16.513591766357422,14.834545135498047,31.827905654907227,49.863861083984375,44.42235565185547,32.866451263427734,28.910398483276367,14.767611503601074,19.516014099121094,,,80.00945281982422,126.5
2014-06-23,160.1626434326172,16.561283111572266,14.86703109741211,31.941431045532227,49.67485809326172,44.163970947265625,32.68474197387695,28.945402145385742,14.71665096282959,19.543535232543945,,,79.75895690917969,126.8499984741211
2014-06-24,159.19781494140625,16.474571228027344,14.76956558227539,31.26974105834961,49.707733154296875,43.71992874145508,32.56844711303711,28.875408172607422,14.76081657409668,19.358755111694336,,,80.56765747070312,126.9800033569336
2014-06-25,159.91738891601562,16.53960418701172,14.78256607055664,31.506248474121094,50.250099182128906,43.76029586791992,32.517574310302734,29.12040138244629,14.81517219543457,19.512086868286133,,,80.77520751953125,126.98999786376953
2014-06-26,159.80288696289062,16.522260665893555,14.730584144592285,31.540939331054688,50.31583786010742,43.728004455566406,32.40129852294922,29.14227294921875,14.859341621398926,19.508159637451172,,,81.16159057617188,126.7300033569336
2014-06-27,160.11358642578125,16.621978759765625,14.789056777954102,31.540939331054688,50.18435287475586,43.83296203613281,32.45942687988281,29.2122745513916,14.917083740234375,19.44918441772461,,,81.03996276855469,126.66000366210938
2014-06-30,160.03187561035156,16.62631607055664,14.776068687438965,31.566165924072266,49.98712921142578,43.647274017333984,32.43035125732422,29.199146270751953,15.035993576049805,19.516014099121094,,,81.24030303955078,128.0399932861328
2014-07-01,161.1029815673828,16.795391082763672,14.86703109741211,31.585079193115234,50.619876861572266,43.91371154785156,32.5030403137207,29.509784698486328,14.886513710021973,19.563196182250977,,,80.5601806640625,127.69999694824219
2014-07-02,161.26646423339844,16.812732696533203,14.854042053222656,31.53778076171875,51.0061149597168,43.84103012084961,32.59025955200195,29.553525924682617,14.59775161743164,19.586782455444336,,,79.69921112060547,127.69999694824219
2014-07-03,162.0596160888672,16.88644027709961,14.971004486083984,31.657617568969727,51.211544036865234,44.20436096191406,32.77195739746094,29.781044006347656,14.438087463378906,19.712587356567383,,,79.41219329833984,127.16000366210938
2014-07-07,161.49542236328125,16.903779983520508,14.90601921081543,31.414798736572266,50.8253173828125,43.88947677612305,32.82283020019531,29.597274780273438,14.506026268005371,19.547468185424805,,,79.99337005615234,127.0199966430664
2014-07-08,160.45701599121094,16.752042770385742,14.776068687438965,31.364347457885742,50.34870910644531,43.59075164794922,32.75742721557617,29.30852508544922,14.604549407958984,19.49636459350586,,,80.89024353027344,127.06999969482422
2014-07-09,161.17652893066406,16.83441734313965,14.815049171447754,31.57245635986328,50.562347412109375,43.66340637207031,32.90278625488281,29.662904739379883,14.5637845993042,19.563196182250977,,,80.95482635498047,127.83999633789062
2014-07-10,160.53875732421875,16.786725997924805,14.71757984161377,31.26974105834961,50.52949523925781,43.405052185058594,32.85190200805664,29.387290954589844,14.662303924560547,19.476703643798828,,,80.976318359375,128.5399932861328
2014-07-11,160.75958251953125,16.873428344726562,14.743573188781738,31.03008270263672,50.63631820678711,43.65533447265625,32.895511627197266,29.48353385925293,14.550193786621094,19.512086868286133,,,81.4928970336914,128.77999877929688
2014-07-14,161.56903076171875,16.994827270507812,14.834545135498047,31.298120498657227,50.80066680908203,43.90562057495117,33.01181411743164,29.566659927368164,14.383732795715332,19.50029945373535,,,81.14134216308594,125.72000122070312
2014-07-15,161.26646423339844,16.9644775390625,14.938508033752441,31.16252326965332,50.365135192871094,43.92985534667969,32.721073150634766,29.46603012084961,14.458475112915039,19.46097755432129,,,80.976318359375,124.52999877929688
2014-07-16,161.86337280273438,17.120553970336914,14.912524223327637,31.635534286499023,50.20079040527344,44.11552810668945,32.728355407714844,29.540395736694336,14.506026268005371,19.594642639160156,,,81.40676879882812,124.97000122070312
2014-07-17,160.02369689941406,16.899446487426758,14.71757984161377,31.124679565429688,49.65020751953125,43.429264068603516,32.52484130859375,29.26040267944336,14.373536109924316,19.512086868286133,,,82.432861328125,127.08999633789062
2014-07-18,161.65896606445312,17.103206634521484,14.886533737182617,31.216135025024414,50.4637451171875,43.79257583618164,32.85190200805664,29.531658172607422,14.519618034362793,19.633962631225586,,,82.16736602783203,126.12999725341797
2014-07-21,161.35641479492188,17.081533432006836,14.847546577453613,31.263429641723633,50.2583122253418,43.76836395263672,32.69927215576172,29.396039962768555,14.506026268005371,19.57892417907715,,,82.57632446289062,126.33999633789062
2014-07-22,162.0596160888672,17.224592208862305,14.893020629882812,31.48731803894043,50.693824768066406,43.92985534667969,32.641136169433594,29.518543243408203,14.475449562072754,19.606443405151367,,,82.74853515625,125.73999786376953
2014-07-23,162.4193878173828,17.25495147705078,14.925524711608887,31.689151763916016,51.10470962524414,43.75222396850586,32.59751510620117,29.496660232543945,14.48904037475586,19.689001083374023,,,82.6408920288086,125.62000274658203
2014-07-24,162.4275360107422,17.2419490814209,14.958005905151367,31.717527389526367,50.99788284301758,43.542301177978516,32.68474197387695,29.56228256225586,14.53320026397705,19.665407180786133,,,82.0239028930664,124.3499984741211
2014-07-25,161.6671600341797,17.220264434814453,14.873533248901367,31.484169006347656,50.80888748168945,43.429264068603516,32.55390930175781,29.234161376953125,14.41769790649414,19.700803756713867,,,82.99246978759766,125.79000091552734
2014-07-28,161.7325439453125,17.250612258911133,14.88003158569336,31.40849494934082,50.85819625854492,43.211273193359375,32.38676071166992,29.29102897644043,14.618133544921875,19.751907348632812,,,82.87767791748047,125.58000183105469
2014-07-29,161.03750610351562,17.215932846069336,14.802057266235352,31.32963752746582,50.89927673339844,42.67033767700195,32.241390228271484,29.20790672302246,14.482253074645996,19.610370635986328,,,83.1790771484375,125.19999694824219
2014-07-30,161.06211853027344,17.2332706451416,14.86703109741211,31.143596649169922,51.10470962524414,42.7107048034668,31.899784088134766,29.369779586791992,14.237648963928223,19.508159637451172,,,82.0239028930664,124.83000183105469
2014-07-31,157.88137817382812,16.90811538696289,14.56163501739502,30.4719181060791,50.0528678894043,41.8468017578125,31.354673385620117,28.8272705078125,14.013433456420898,19.126794815063477,,,81.7799301147461,123.38999938964844
2014-08-01,157.39894104003906,16.817079544067383,14.438182830810547,30.22593879699707,50.093963623046875,41.806419372558594,31.594518661499023,28.722270965576172,14.067789077758789,19.14252471923828,,,82.41297149658203,124.37999725341797
2014-08-04,158.53555297851562,16.938465118408203,14.555137634277344,30.733644485473633,50.3076171875,41.95175552368164,31.696277618408203,29.002267837524414,13.993056297302246,19.370553970336914,,,82.1971664428711,123.98999786376953
2014-08-05,156.99835205078125,16.778053283691406,14.40569019317627,30.061965942382812,49.82276916503906,41.701454162597656,31.558183670043945,28.801027297973633,13.82319450378418,19.1700439453125,,,82.4632797241211,123.87000274658203
2014-08-06,157.04739379882812,16.726032257080078,14.464170455932617,30.150251388549805,49.79813003540039,41.491539001464844,31.827104568481445,28.739768981933594,13.646533966064453,19.31158447265625,,,82.51368713378906,125.66999816894531
2014-08-07,156.19703674316406,16.65665626525879,14.39919376373291,29.961044311523438,49.157161712646484,41.53190994262695,31.56545639038086,28.591026306152344,13.802815437316895,19.14252471923828,,,83.28343963623047,126.18000030517578
2014-08-08,158.00404357910156,16.76504898071289,14.542147636413574,30.462453842163086,49.74060821533203,42.12131118774414,31.885265350341797,29.03290557861328,14.077982902526855,19.343042373657227,,,83.10356140136719,126.19000244140625
2014-08-11,158.46194458007812,16.8474178314209,14.555137634277344,30.46560287475586,49.7159423828125,42.29084396362305,32.110557556152344,29.164159774780273,14.027023315429688,19.323373794555664,,,83.09637451171875,125.95999908447266
2014-08-12,158.24114990234375,16.838747024536133,14.587628364562988,30.24171257019043,49.67485809326172,42.193965911865234,32.08876419067383,29.089763641357422,14.016831398010254,19.386281967163086,,,82.55690002441406,125.98999786376953
2014-08-13,159.31227111816406,17.003496170043945,14.652606964111328,30.339468002319336,50.27473831176758,42.605735778808594,32.18323516845703,29.194786071777344,14.081380844116211,19.492429733276367,,,83.09637451171875,126.19999694824219
2014-08-14,160.0645751953125,17.033842086791992,14.743573188781738,30.166030883789062,50.86640930175781,42.79143524169922,32.31406021118164,29.42228126525879,14.203680038452148,19.492429733276367,,,83.76541900634766,126.30999755859375
2014-08-15,160.03187561035156,17.033842086791992,14.672098159790039,30.38992691040039,50.91572189331055,42.70261764526367,32.357662200927734,29.36540985107422,14.258037567138672,19.551395416259766,,,84.67904663085938,125.4800033569336
2014-08-18,161.372802734375,17.194252014160156,14.834545135498047,30.4719181060791,51.310150146484375,43.34852600097656,32.54664611816406,29.636655807495117,14.22066593170166,19.74403953552246,,,83.8373794555664,124.95999908447266
2014-08-19,162.21495056152344,17.30263900756836,14.86053466796875,30.705265045166016,51.64706039428711,43.453495025634766,32.63386535644531,29.859785079956055,14.400712966918945,19.803016662597656,,,83.578369140625,124.68000030517578
2014-08-20,162.6483154296875,17.30263900756836,14.899523735046387,30.77149772644043,51.63884353637695,43.91371154785156,32.6120491027832,29.999786376953125,14.43128490447998,19.83053970336914,,,83.44169616699219,124.22000122070312
2014-08-21,163.12254333496094,17.385007858276367,15.07496452331543,30.796720504760742,51.71281051635742,43.873348236083984,32.67020034790039,29.973543167114258,14.465259552001953,19.803016662597656,,,83.9093017578125,122.87999725341797
2014-08-22,162.86907958984375,17.389341354370117,15.02298355102539,30.591760635375977,51.762107849121094,43.71992874145508,32.59025955200195,30.03041648864746,14.421095848083496,19.724388122558594,,,84.37689971923828,123.19000244140625
2014-08-25,163.69493103027344,17.406692504882812,15.15294075012207,30.862947463989258,52.15656661987305,43.88947677612305,32.77195739746094,30.117918014526367,14.519618034362793,19.799081802368164,,,84.69343566894531,122.73999786376953
2014-08-26,163.80125427246094,17.41535758972168,15.185425758361816,31.020626068115234,52.345558166503906,43.74413299560547,32.750160217285156,30.12228012084961,14.346360206604004,19.81874656677246,,,84.42009735107422,123.3499984741211
2014-08-27,163.73577880859375,17.411022186279297,15.15294075012207,30.957548141479492,52.30447006225586,43.71992874145508,32.76469039916992,30.152915954589844,14.502636909484863,19.81874656677246,,,85.1395034790039,123.31999969482422
2014-08-28,163.6458282470703,17.385007858276367,15.107455253601074,30.96385955810547,52.288028717041016,43.65533447265625,32.77921676635742,30.113536834716797,14.60794734954834,19.834470748901367,,,85.5854263305664,124.0
2014-08-29,164.1119384765625,17.46305274963379,15.178932189941406,31.137300491333008,52.4770393371582,43.6149787902832,32.801029205322266,30.109167098999023,14.703067779541016,19.86592674255371,,,85.64303588867188,123.86000061035156
2014-09-02,164.0302276611328,17.467388153076172,15.237407684326172,30.743112564086914,52.4523811340332,43.76029586791992,32.815574645996094,30.166040420532227,14.570577621459961,19.799081802368164,,,84.1656494140625,121.6500015258789
2014-09-03,163.9402618408203,17.372005462646484,15.211421012878418,30.825103759765625,52.690696716308594,43.70378112792969,32.83738327026367,30.087284088134766,14.641915321350098,19.83053970336914,,,84.63430786132812,122.1500015258789
2014-09-04,163.70310974121094,17.36333465576172,15.224418640136719,30.408843994140625,52.427738189697266,43.71992874145508,32.93912887573242,30.201047897338867,14.635122299194336,19.83053970336914,,,83.60325622558594,121.4800033569336
2014-09-05,164.4390106201172,17.467388153076172,15.24390983581543,30.61382484436035,52.731781005859375,43.86525344848633,33.12809753417969,30.30167579650879,14.818573951721191,19.917030334472656,,,83.44458770751953,122.05999755859375
2014-09-08,164.0137939453125,17.49339485168457,15.250406265258789,30.137649536132812,52.7400016784668,43.824893951416016,32.88098907470703,30.174785614013672,14.730241775512695,19.83839988708496,,,83.48066711425781,120.7300033569336
2014-09-09,162.97537231445312,17.3676700592041,15.094457626342773,30.005191802978516,52.60029602050781,43.68764114379883,32.801029205322266,29.87291145324707,14.560379981994629,19.677207946777344,,,83.415771484375,120.87000274658203
2014-09-10,163.58859252929688,17.471715927124023,15.17243480682373,29.93267822265625,52.9700813293457,43.71992874145508,32.96092987060547,29.97791290283203,14.495833396911621,19.677207946777344,,,82.8894271850586,120.26000213623047
2014-09-11,163.7766876220703,17.51073455810547,15.211421012878418,29.95159149169922,52.82216262817383,43.73607635498047,32.97545623779297,29.99104118347168,14.618133544921875,19.64968490600586,,,82.61540222167969,119.47000122070312
2014-09-12,162.82005310058594,17.43703269958496,15.198420524597168,29.503801345825195,52.435951232910156,43.59075164794922,32.74288558959961,29.90353775024414,14.356551170349121,19.559267044067383,,,81.7502212524414,118.37999725341797
2014-09-15,162.69740295410156,17.332992553710938,15.191929817199707,29.711923599243164,52.29624938964844,43.5745964050293,32.90278625488281,29.781044006347656,14.400712966918945,19.586782455444336,,,81.87278747558594,118.63999938964844
2014-09-16,163.92385864257812,17.46305274963379,15.256902694702148,30.071414947509766,53.01118087768555,43.816802978515625,33.14988327026367,29.934160232543945,14.584157943725586,19.677207946777344,,,81.54109954833984,118.83000183105469
2014-09-17,164.14463806152344,17.497730255126953,15.321882247924805,29.907447814941406,53.05225372314453,43.98636245727539,33.07720947265625,29.921031951904297,14.556983947753906,19.79515266418457,,,81.33206176757812,117.54000091552734
2014-09-18,165.01950073242188,17.601783752441406,15.471332550048828,29.75292205810547,53.44670867919922,44.196285247802734,33.14263916015625,30.05229949951172,14.451675415039062,19.9288272857666,,,81.5915756225586,117.77999877929688
2014-09-19,164.87086486816406,17.56433868408203,15.430880546569824,29.728517532348633,53.5052604675293,44.15330505371094,33.22822189331055,30.065025329589844,14.58193302154541,19.922508239746094,,,82.6298599243164,117.08999633789062
2014-09-22,163.59756469726562,17.44676971435547,15.326491355895996,29.29110336303711,53.21662902832031,43.65846633911133,33.16969680786133,29.643613815307617,14.472234725952148,19.914615631103516,,,82.73079681396484,116.8499984741211
2014-09-23,162.6610565185547,17.4075927734375,15.222088813781738,29.20551109313965,52.903236389160156,43.30152130126953,32.877132415771484,29.389009475708008,14.431107521057129,19.811914443969727,,,83.24266815185547,117.5999984741211
2014-09-24,163.9343719482422,17.52079963684082,15.306912422180176,29.230865478515625,53.82688903808594,43.52867889404297,33.301353454589844,29.722627639770508,14.379692077636719,20.017301559448242,,,82.78125762939453,117.05000305175781
2014-09-25,161.28916931152344,17.13764762878418,15.052451133728027,28.783958435058594,52.9444580078125,42.84727478027344,32.86248779296875,29.288049697875977,14.293994903564453,19.713172912597656,,,83.76187133789062,117.38999938964844
2014-09-26,162.57073974609375,17.324857711791992,15.19599437713623,29.154804229736328,53.10940933227539,43.24475860595703,32.98683547973633,29.59092903137207,14.314559936523438,19.90671157836914,,,83.63932037353516,117.05999755859375
2014-09-29,162.2749786376953,17.320512771606445,15.143792152404785,29.088233947753906,52.99394989013672,43.17984390258789,32.979522705078125,29.43729591369629,14.407111167907715,19.823760986328125,,,84.30984497070312,117.02999877929688
2014-09-30,161.84786987304688,17.372760772705078,15.117697715759277,28.723735809326172,52.70530700683594,43.114959716796875,32.99415588378906,29.274879455566406,14.42768383026123,19.58677864074707,,,83.8339614868164,116.20999908447266
2014-10-01,159.6544647216797,17.102807998657227,14.935004234313965,28.1373348236084,52.152774810791016,42.303775787353516,32.78934860229492,28.884197235107422,14.5099458694458,19.124656677246094,,,85.4596176147461,116.7699966430664
2014-10-02,159.67910766601562,17.09409523010254,14.974157333374023,27.991514205932617,52.045570373535156,42.255096435546875,32.847877502441406,29.015878677368164,14.48937702178955,19.077260971069336,,,84.71509552001953,116.73999786376953
2014-10-03,161.4370880126953,17.23342514038086,15.18946361541748,27.947153091430664,53.11765670776367,42.831050872802734,33.23551940917969,29.389009475708008,14.58193302154541,19.13255500793457,,,85.07649993896484,114.61000061035156
2014-10-06,161.24813842773438,17.23777961730957,15.143792152404785,27.978839874267578,52.87025833129883,42.70124816894531,33.25014877319336,29.230974197387695,14.58193302154541,19.128610610961914,,,85.1270980834961,116.02999877929688
2014-10-07,158.75906372070312,16.967830657958984,14.889330863952637,27.614337921142578,52.02906799316406,41.66292953491211,33.05265808105469,28.796388626098633,14.56136417388916,18.792884826660156,,,86.27637481689453,116.36000061035156
2014-10-08,161.53564453125,17.290027618408203,15.169893264770508,27.883760452270508,53.356807708740234,42.409210205078125,33.535396575927734,29.248531341552734,14.890433311462402,19.037763595581055,,,86.2980728149414,117.47000122070312
2014-10-09,158.33189392089844,17.002660751342773,14.850179672241211,26.859952926635742,52.251739501953125,41.427669525146484,33.19895553588867,28.585697174072266,14.647055625915527,18.571697235107422,,,85.92221069335938,117.63999938964844
2014-10-10,156.5245819091797,16.5672550201416,14.73273754119873,26.48275375366211,51.930118560791016,40.81926345825195,33.35985565185547,28.335474014282227,14.715614318847656,18.287317276000977,,,86.7751235961914,117.58999633789062
2014-10-13,153.95335388183594,16.384380340576172,14.602249145507812,25.664968490600586,50.70133972167969,40.18656921386719,32.89907455444336,27.760435104370117,14.701903343200684,17.817298889160156,,,87.30281066894531,118.5199966430664
2014-10-14,154.19163513183594,16.41050910949707,14.660966873168945,25.341657638549805,50.32199478149414,40.74627685546875,32.884456634521484,27.962352752685547,14.835591316223145,17.87259292602539,,,87.87385559082031,118.58999633789062
2014-10-15,153.14833068847656,16.29730224609375,14.380409240722656,25.53501319885254,49.909637451171875,40.648929595947266,32.489471435546875,27.729700088500977,14.640201568603516,17.995038986206055,,,88.5677490234375,118.98999786376953
2014-10-16,153.0168914794922,16.201513290405273,14.380409240722656,25.991451263427734,49.653987884521484,40.949066162109375,32.248111724853516,27.760435104370117,14.653915405273438,18.17276954650879,,,88.00393676757812,119.22000122070312
2014-10-17,154.8241424560547,16.393089294433594,14.563095092773438,26.213327407836914,50.445674896240234,41.76027297973633,32.64308547973633,28.067707061767578,14.73961067199707,18.413705825805664,,,87.51240539550781,118.98999786376953
2014-10-20,156.32749938964844,16.510650634765625,14.647918701171875,26.441551208496094,51.05595016479492,41.88195037841797,33.11118698120117,28.45839500427246,14.945276260375977,18.694135665893555,,,87.83045196533203,119.80000305175781
2014-10-21,159.4244384765625,16.832855224609375,14.921953201293945,27.246652603149414,52.40842819213867,42.81482696533203,33.25014877319336,29.011493682861328,14.996696472167969,19.097007751464844,,,87.12934112548828,120.0199966430664
2014-10-22,158.2908172607422,16.754472732543945,14.784937858581543,26.729991912841797,52.1445426940918,42.255096435546875,33.32329559326172,28.761274337768555,15.089245796203613,18.94297218322754,,,87.22328186035156,119.33999633789062
2014-10-23,160.1309051513672,16.941699981689453,14.928476333618164,27.227628707885742,53.03518295288086,43.18798065185547,33.301353454589844,29.15196418762207,15.116671562194824,18.927173614501953,,,86.44987487792969,118.5199966430664
2014-10-24,161.3631591796875,17.08974266052246,15.072026252746582,27.132545471191406,53.77739334106445,43.56922912597656,33.579288482666016,29.125625610351562,15.264059066772461,19.069372177124023,,,86.53663635253906,118.3499984741211
2014-10-27,161.14134216308594,17.10715103149414,15.091601371765137,26.562002182006836,53.83512496948242,43.55300521850586,33.65974044799805,29.18268585205078,15.229793548583984,18.670440673828125,,,86.69564819335938,118.05999755859375
2014-10-28,162.9896697998047,17.342275619506836,15.254717826843262,27.167407989501953,54.23094940185547,44.32363510131836,33.7913932800293,29.49875259399414,15.33604621887207,18.85607147216797,,,86.15351867675781,118.0999984741211
2014-10-29,162.74327087402344,17.324857711791992,15.29386043548584,27.256162643432617,54.25571060180664,44.16952133178711,33.73287582397461,29.410959243774414,15.246931076049805,18.623044967651367,,,86.34868621826172,116.41000366210938
2014-10-30,163.78651428222656,17.381467819213867,15.378683090209961,27.157907485961914,55.25358200073242,44.347984313964844,33.94499588012695,29.60410499572754,15.582854270935059,18.765230178833008,,,86.4208984375,115.19000244140625
2014-10-31,165.6595001220703,17.65141487121582,15.554851531982422,27.70942497253418,55.47624206542969,44.78601837158203,34.16440200805664,29.893823623657227,15.586278915405273,19.116758346557617,,,86.19689178466797,112.66000366210938
2014-11-03,165.7498016357422,17.725439071655273,15.613571166992188,27.27200698852539,55.542213439941406,44.7292366027832,34.29607009887695,29.893823623657227,15.689114570617676,18.982467651367188,,,86.1968994140625,112.1500015258789
2014-11-04,165.17477416992188,17.721078872680664,15.620097160339355,26.710966110229492,55.550453186035156,44.704898834228516,34.478939056396484,29.53386688232422,15.606844902038574,18.78497886657715,,,86.46497344970703,112.22000122070312
2014-11-05,166.2180633544922,17.76898193359375,15.72449016571045,27.18008804321289,55.492733001708984,44.980716705322266,34.720306396484375,29.652387619018555,15.95991325378418,18.96666717529297,,,86.34181213378906,109.79000091552734
2014-11-06,166.8834686279297,17.760271072387695,15.750593185424805,27.522411346435547,55.83084487915039,45.451210021972656,34.79343032836914,29.902597427368164,15.689114570617676,19.120710372924805,,,85.78385925292969,109.87999725341797
2014-11-07,167.03955078125,17.78203582763672,15.757110595703125,27.826709747314453,55.2783203125,45.516109466552734,34.91777420043945,29.85431480407715,15.853647232055664,19.211545944213867,,,86.76931762695312,112.97000122070312
2014-11-10,167.56527709960938,17.829936981201172,15.841934204101562,27.576297760009766,55.839088439941406,45.74322509765625,35.07137680053711,29.836748123168945,15.932488441467285,19.26289939880371,,,85.97222900390625,110.45999908447266
2014-11-11,167.72959899902344,17.838640213012695,15.789737701416016,27.658710479736328,56.04526901245117,45.686439514160156,35.00555419921875,29.964054107666016,15.874215126037598,19.35769271850586,,,86.03023529052734,112.04000091552734
2014-11-12,167.54888916015625,17.89523696899414,15.757110595703125,27.41463279724121,55.962799072265625,45.751346588134766,35.00555419921875,30.10451889038086,15.596567153930664,19.40509605407715,,,85.95777893066406,111.5
2014-11-13,167.73780822753906,17.99103546142578,15.750593185424805,27.05012321472168,55.92158126831055,45.62156295776367,35.129886627197266,30.29329490661621,15.46973705291748,19.409038543701172,,,86.16062927246094,111.66999816894531
2014-11-14,167.7788543701172,18.117307662963867,15.698392868041992,27.325899124145508,55.459754943847656,45.678340911865234,34.93240737915039,30.41180992126465,15.404606819152832,19.46828842163086,,,86.58094787597656,114.47000122070312
2014-11-17,167.8856964111328,18.082460403442383,15.698392868041992,27.183271408081055,55.731903076171875,45.61344528198242,35.16645812988281,30.376689910888672,15.606844902038574,19.46434211730957,,,86.3635482788086,114.05000305175781
2014-11-18,168.85499572753906,18.1434268951416,15.750593185424805,27.2054443359375,56.63078689575195,45.95414352416992,35.298099517822266,30.43375587463379,15.651411056518555,19.69737434387207,,,86.6026611328125,115.05000305175781
2014-11-19,168.5839385986328,18.025867462158203,15.717965126037598,27.34808921813965,56.31740951538086,45.81624221801758,35.444400787353516,30.561050415039062,15.63769817352295,19.66972541809082,,,86.05197143554688,113.68000030517578
2014-11-20,168.87966918945312,18.117307662963867,15.717965126037598,27.690404891967773,56.078269958496094,45.93791198730469,35.29080581665039,30.6927433013916,15.603421211242676,19.772418975830078,,,86.50115966796875,114.86000061035156
2014-11-21,169.7832489013672,18.1434268951416,15.796256065368652,28.051753997802734,56.34214401245117,46.384071350097656,35.43708801269531,30.767366409301758,15.665122032165527,20.013349533081055,,,87.02293395996094,115.38999938964844
2014-11-24,170.259765625,18.239213943481445,15.900657653808594,27.83620262145996,56.63078689575195,46.505760192871094,35.41513442993164,31.05268669128418,15.534866333007812,19.922508239746094,,,87.0953369140625,115.11000061035156
2014-11-25,170.13656616210938,18.247926712036133,15.887606620788574,27.382946014404297,56.70500183105469,46.643646240234375,35.444400787353516,31.149274826049805,15.534866333007812,19.851411819458008,,,87.81996154785156,115.37999725341797
2014-11-26,170.57191467285156,18.41338348388672,15.907188415527344,27.03746223449707,57.05137252807617,46.55442428588867,35.605316162109375,31.144872665405273,15.603421211242676,19.867212295532227,,,88.05906677246094,115.16000366210938
2014-11-28,170.2105255126953,18.500465393066406,15.92022705078125,25.30045509338379,57.40598678588867,46.16505813598633,36.05879211425781,31.52239227294922,15.767959594726562,19.41694450378418,,,88.75467681884766,112.11000061035156
2014-12-01,169.02757263183594,18.291467666625977,15.809309959411621,25.389209747314453,57.26580047607422,45.572879791259766,35.824737548828125,31.175607681274414,15.798805236816406,19.21550178527832,,,88.23685455322266,116.58000183105469
2014-12-02,170.1201171875,18.29582405090332,15.959378242492676,25.664968490600586,57.90079116821289,45.96226119995117,35.94907760620117,31.294132232666016,15.90506649017334,19.330045700073242,,,87.3798828125,115.13999938964844
2014-12-03,170.77734375,18.361127853393555,16.031156539916992,25.978775024414062,57.99151611328125,46.57876205444336,35.693077087402344,31.346818923950195,15.86051082611084,19.614429473876953,,,87.72122955322266,116.33000183105469
2014-12-04,170.58839416503906,18.361127853393555,16.050729751586914,25.753721237182617,57.91728591918945,46.34351348876953,35.66382598876953,31.329254150390625,15.846796035766602,19.67367172241211,,,88.45475769042969,115.87999725341797
2014-12-05,170.86761474609375,18.3393611907959,16.19427490234375,25.44626235961914,58.37910842895508,46.44896697998047,35.729637145996094,31.399492263793945,15.723393440246582,19.65787124633789,,,87.9391098022461,114.43000030517578
2014-12-08,169.7257843017578,18.152137756347656,16.272565841674805,24.416120529174805,58.58527755737305,45.93791198730469,35.656497955322266,31.144872665405273,15.850221633911133,19.345849990844727,,,89.01393127441406,115.77999877929688
2014-12-09,169.61080932617188,18.147783279418945,16.233415603637695,24.682371139526367,58.33787536621094,45.94602966308594,35.539466857910156,31.08782196044922,15.929060935974121,19.397193908691406,,,89.4714584350586,118.19000244140625
2014-12-10,166.8916473388672,17.873476028442383,16.024627685546875,23.921634674072266,57.43898391723633,45.06995391845703,35.203025817871094,30.67519187927246,15.73025131225586,18.99827003479004,,,90.12508392333984,117.95999908447266
2014-12-11,167.73780822753906,17.95185089111328,16.063777923583984,23.905794143676758,57.60391616821289,45.28896713256836,35.49559783935547,30.925397872924805,15.88792896270752,19.01406478881836,,,90.49545288085938,117.69000244140625
2014-12-12,165.0269317626953,17.686254501342773,15.750593185424805,23.4620361328125,56.72151184082031,44.46965026855469,35.042118072509766,30.727861404418945,15.737101554870605,18.484792709350586,,,91.72274780273438,117.41000366210938
2014-12-15,163.89324951171875,17.5773983001709,15.607044219970703,23.252840042114258,56.20195770263672,44.32363510131836,34.80805969238281,30.543500900268555,15.603421211242676,18.386056900024414,,,91.53390502929688,114.38999938964844
2014-12-16,162.5789337158203,17.342275619506836,15.456979751586914,23.458877563476562,55.550453186035156,44.364192962646484,34.67641067504883,30.073793411254883,15.589706420898438,18.243867874145508,,,92.66685485839844,114.94999694824219
2014-12-17,165.76626586914062,17.66883659362793,15.809309959411621,24.431962966918945,56.58955383300781,44.777915954589844,35.181095123291016,30.64885711669922,15.867358207702637,18.741531372070312,,,91.8316650390625,114.2699966430664
2014-12-18,169.8654022216797,18.17391014099121,16.17469596862793,24.901079177856445,58.13996124267578,45.905479431152344,35.853981018066406,31.15367317199707,16.179288864135742,19.168107986450195,,,90.19769287109375,115.1500015258789
2014-12-19,170.58822631835938,18.19404411315918,16.18518829345703,25.696826934814453,58.280677795410156,46.16324996948242,35.81714630126953,31.23874855041504,16.205921173095703,19.404197692871094,,,91.41050720214844,114.7699966430664
2014-12-22,171.37294006347656,18.412870407104492,16.296676635742188,25.435298919677734,57.72610092163086,46.60374450683594,36.16339111328125,31.542888641357422,16.24742317199707,19.416126251220703,,,91.53390502929688,112.55000305175781
2014-12-23,171.60418701171875,18.461017608642578,16.388484954833984,25.74467658996582,56.40172576904297,46.77505874633789,36.41386795043945,31.719194412231445,16.28892707824707,19.567155838012695,,,89.71837615966797,112.73999786376953
2014-12-24,171.62071228027344,18.443519592285156,16.362258911132812,25.556499481201172,56.81559753417969,46.82400131225586,36.37702941894531,31.666301727294922,16.589799880981445,19.499589920043945,,,90.20671081542969,112.7699966430664
2014-12-26,172.1741180419922,18.522294998168945,16.362258911132812,25.55011558532715,57.22117233276367,46.82400131225586,36.435951232910156,31.838212966918945,16.790388107299805,19.567155838012695,,,90.54149627685547,114.83000183105469
2014-12-29,172.40545654296875,18.430381774902344,16.421274185180664,25.642610549926758,57.41982650756836,46.897422790527344,36.325462341308594,32.08064270019531,16.98406219482422,19.567155838012695,,,91.21829223632812,113.66999816894531
2014-12-30,171.48033142089844,18.299076080322266,16.40160369873047,25.43848991394043,57.171504974365234,46.620079040527344,36.16339111328125,31.930784225463867,16.631296157836914,19.499589920043945,,,91.4657211303711,115.19999694824219
2014-12-31,169.77867126464844,18.097747802734375,16.217979431152344,25.247121810913086,56.60036849975586,46.155086517333984,35.72137451171875,31.802947998046875,16.330425262451172,19.30881690979004,,,91.64041900634766,113.58000183105469
2015-01-02,169.68783569335938,18.062732696533203,16.217979431152344,25.365135192871094,56.80730056762695,46.097984313964844,35.61824035644531,31.573726654052734,16.406509399414062,19.336633682250977,,,92.65929412841797,114.08000183105469
2015-01-05,166.62335205078125,17.787002563476562,15.876954078674316,24.31583023071289,56.517616271972656,45.02118682861328,35.367774963378906,30.969852447509766,16.205921173095703,18.84377098083496,,,94.11482238769531,115.80000305175781
2015-01-06,165.05389404296875,17.572546005249023,15.634315490722656,23.958621978759766,56.32722854614258,44.466487884521484,35.323570251464844,30.661306381225586,16.216293334960938,18.676841735839844,,,95.81048583984375,117.12000274658203
2015-01-07,167.11065673828125,17.72135353088379,15.798263549804688,24.0096492767334,57.6515998840332,44.800941467285156,35.92765426635742,31.146175384521484,16.37537956237793,18.887500762939453,,,95.62129974365234,116.43000030517578
2015-01-08,170.07603454589844,18.110883712768555,16.034353256225586,24.548654556274414,58.636592864990234,45.698272705078125,36.47279357910156,31.613412857055664,16.4895076751709,19.336633682250977,,,94.35498809814453,115.94000244140625
2015-01-09,168.7131805419922,18.053993225097656,15.817938804626465,24.354097366333008,58.115116119384766,45.20882034301758,36.17811965942383,31.247541427612305,16.38575553894043,19.23726463317871,,,95.38839721679688,117.26000213623047
2015-01-12,167.3915252685547,17.84390640258789,15.686775207519531,23.652442932128906,58.139976501464844,44.898841857910156,36.067626953125,31.08005142211914,16.34770965576172,19.19354820251465,,,95.93423461914062,118.55999755859375
2015-01-13,166.92071533203125,17.830774307250977,15.634315490722656,23.464265823364258,57.883365631103516,44.80910110473633,36.06026077270508,31.08005142211914,16.39267349243164,18.97891616821289,,,95.93423461914062,118.16000366210938
2015-01-14,165.91294860839844,17.7301082611084,15.411341667175293,23.537620544433594,57.79231262207031,44.56437683105469,35.949764251708984,30.705392837524414,16.534469604492188,18.756330490112305,,,96.66204071044922,117.97000122070312
2015-01-15,164.39308166503906,17.502513885498047,15.22115707397461,23.237821578979492,57.171504974365234,44.352272033691406,36.008697509765625,30.308670043945312,16.665884017944336,18.720563888549805,,,98.18312072753906,120.94000244140625
2015-01-16,166.54898071289062,17.673208236694336,15.404790878295898,23.993696212768555,58.24756622314453,44.64594268798828,36.295989990234375,30.709781646728516,16.814590454101562,19.018657684326172,,,96.93128204345703,122.5199966430664
2015-01-20,166.9041748046875,17.822017669677734,15.33919906616211,24.022403717041016,58.24756622314453,44.96410369873047,36.44334030151367,30.53347396850586,16.856090545654297,19.05045509338379,,,98.2194595336914,124.19999694824219
2015-01-21,167.74673461914062,17.85265350341797,15.378548622131348,24.5103759765625,58.36345672607422,45.3311882019043,36.62013244628906,30.731840133666992,17.01863670349121,19.23726463317871,,,97.08412170410156,124.2300033569336
2015-01-22,170.24127197265625,18.14589500427246,15.758916854858398,24.625200271606445,59.0587272644043,46.05717849731445,36.98847198486328,31.309263229370117,16.946020126342773,19.47971534729004,,,96.7347412109375,125.2300033569336
2015-01-23,169.30784606933594,18.141517639160156,15.588407516479492,24.449785232543945,58.71940231323242,45.67379379272461,36.5759391784668,31.265178680419922,16.99443244934082,19.17764663696289,,,98.08116149902344,124.2300033569336
2015-01-26,169.7043914794922,18.06711196899414,15.667106628417969,24.80061912536621,59.02561950683594,45.73090362548828,36.5759391784668,31.428258895874023,16.98406219482422,19.261110305786133,,,97.7827377319336,122.98999786376953
2015-01-27,167.46591186523438,17.546283721923828,15.496599197387695,24.7846622467041,58.603477478027344,45.12723922729492,36.15602111816406,31.177038192749023,17.008270263671875,19.12995147705078,,,97.93563079833984,124.4000015258789
2015-01-28,165.31826782226562,17.51565170288086,15.214600563049316,23.808717727661133,57.75919723510742,44.73568344116211,35.73611831665039,30.77149772644043,16.86301040649414,18.784149169921875,,,99.53669738769531,123.41999816894531
2015-01-29,166.84637451171875,17.681961059570312,15.33919906616211,23.888458251953125,58.24756622314453,45.24960708618164,36.02342224121094,31.190237045288086,17.08780860900879,19.03057861328125,,,98.88170623779297,120.76000213623047
2015-01-30,164.74827575683594,17.463130950927734,15.089994430541992,24.095766067504883,57.33707046508789,44.515445709228516,35.375144958496094,30.850849151611328,16.710844039916992,18.955066680908203,,,100.6355972290039,123.44999694824219
2015-02-02,166.7886199951172,17.642574310302734,15.332648277282715,24.832502365112305,57.65987014770508,45.17619323730469,35.79505157470703,31.128536224365234,16.78346824645996,19.125972747802734,,,100.25564575195312,122.41999816894531
2015-02-03,169.20045471191406,17.84390640258789,15.588407516479492,25.5118465423584,58.04891586303711,45.91036605834961,36.1118278503418,31.78972816467285,16.845726013183594,19.547286987304688,,,98.13362884521484,121.05000305175781
2015-02-04,168.5561981201172,17.87891960144043,15.54906177520752,25.090843200683594,57.320491790771484,45.559593200683594,36.12656021118164,32.00130844116211,16.641674041748047,19.42009735107422,,,98.30131530761719,121.58000183105469
2015-02-05,170.25775146484375,18.045230865478516,15.706451416015625,25.451248168945312,58.2889518737793,45.9511604309082,36.310726165771484,32.19965362548828,16.79384422302246,19.88910675048828,,,97.22200012207031,121.79000091552734
2015-02-06,169.78695678710938,17.98833465576172,15.831058502197266,25.457622528076172,57.75919723510742,45.84510803222656,36.14866256713867,32.15116882324219,16.1021728515625,19.841407775878906,,,95.50099182128906,118.63999938964844
2015-02-09,169.02706909179688,17.962068557739258,15.752357482910156,25.483137130737305,57.08045196533203,45.72273635864258,35.876102447509766,32.02775573730469,15.960371017456055,19.81755256652832,,,95.34786987304688,119.16999816894531
2015-02-10,170.8277587890625,18.229045867919922,15.876954078674316,25.470380783081055,58.040618896484375,45.97561264038086,36.295989990234375,32.4200439453125,16.28892707824707,19.964616775512695,,,94.58949279785156,118.47000122070312
2015-02-11,170.92686462402344,18.299076080322266,15.876954078674316,25.291780471801758,58.09859085083008,45.991943359375,36.46543502807617,32.42885971069336,15.936168670654297,19.932825088500977,,,94.76446533203125,117.06999969482422
2015-02-12,172.57061767578125,18.548555374145508,16.034353256225586,25.62346839904785,58.30550003051758,46.42428970336914,36.634857177734375,32.812347412109375,15.863543510437012,20.274646759033203,,,94.45096588134766,117.33999633789062
2015-02-13,173.28097534179688,18.666728973388672,16.02123260498047,26.165672302246094,58.537269592285156,46.636383056640625,36.46543502807617,33.01071548461914,15.621452331542969,20.445558547973633,,,93.4810562133789,117.9800033569336
2015-02-17,173.5535888671875,18.675477981567383,16.073705673217773,26.245407104492188,58.95940399169922,46.70164108276367,36.47279357910156,32.93577575683594,15.607626914978027,20.469398498535156,,,92.07359313964844,116.01000213623047
2015-02-18,173.5701141357422,18.69298553466797,15.975332260131836,25.932838439941406,59.02561950683594,46.96267318725586,36.67170333862305,32.918148040771484,15.977669715881348,20.525049209594727,,,92.62052917480469,116.33999633789062
2015-02-19,173.44618225097656,18.758638381958008,15.90975284576416,25.811641693115234,59.12497329711914,47.04423141479492,36.435951232910156,33.019527435302734,15.797832489013672,20.580690383911133,,,92.00799560546875,115.94000244140625
2015-02-20,174.48703002929688,18.85492515563965,16.027799606323242,25.687252044677734,59.74575424194336,47.443965911865234,36.539085388183594,33.25314712524414,15.801295280456543,20.640316009521484,,,92.27783203125,115.27999877929688
2015-02-23,174.46217346191406,18.868053436279297,15.988452911376953,25.582014083862305,60.0189323425293,47.24003219604492,36.64223098754883,33.22228240966797,15.908506393432617,20.61646270751953,,,93.33521270751953,115.43000030517578
2015-02-24,174.95782470703125,18.924955368041992,16.0671443939209,25.652175903320312,59.94443130493164,47.427650451660156,36.7674560546875,33.38097381591797,16.02608299255371,20.703907012939453,,,94.56031799316406,115.26000213623047
2015-02-25,174.8091278076172,18.80677604675293,16.0671443939209,25.792512893676758,59.919586181640625,47.329769134521484,36.64223098754883,33.636627197265625,15.763249397277832,20.644285202026367,,,94.96870422363281,115.69999694824219
2015-02-26,174.60260009765625,18.924955368041992,16.027799606323242,25.314105987548828,60.085113525390625,47.11766815185547,36.69379806518555,33.53083801269531,15.65949821472168,20.513126373291016,,,93.67066192626953,116.06999969482422
2015-02-27,174.00791931152344,18.859298706054688,15.968772888183594,25.20248031616211,59.79541015625,46.897422790527344,36.84113311767578,33.48676300048828,15.642208099365234,20.465431213378906,,,94.4582290649414,116.16000366210938
2015-03-02,175.10643005371094,19.00811004638672,16.086820602416992,25.027057647705078,60.33343505859375,47.329769134521484,36.907432556152344,33.88787841796875,15.341333389282227,20.600568771362305,,,92.69881439208984,115.68000030517578
2015-03-03,174.38784790039062,18.88118553161621,16.040910720825195,25.11956024169922,59.787139892578125,47.02794647216797,36.7674560546875,33.79530715942383,15.434703826904297,20.489273071289062,,,92.36271667480469,115.47000122070312
2015-03-04,173.6527099609375,18.80677604675293,15.94253921508789,25.08446502685547,60.07685852050781,46.660850524902344,36.50963592529297,33.61899948120117,15.348246574401855,20.417734146118164,,,92.39188385009766,115.11000061035156
2015-03-05,173.8426971435547,18.78489875793457,16.00812530517578,24.93456268310547,60.292049407958984,46.693485260009766,36.634857177734375,33.64104461669922,15.469290733337402,20.330291748046875,,,92.27505493164062,115.0
2015-03-06,171.39768981933594,18.55293083190918,15.890074729919434,24.48806381225586,59.10839080810547,46.05717849731445,35.92029571533203,33.239925384521484,15.005867004394531,20.05603790283203,,,90.23651123046875,111.86000061035156
2015-03-09,172.10812377929688,18.64046859741211,15.962215423583984,24.312641143798828,59.472599029541016,46.489540100097656,36.11918640136719,33.429473876953125,15.033533096313477,20.083860397338867,,,91.06941986083984,111.97000122070312
2015-03-10,169.3161163330078,18.259695053100586,15.621198654174805,23.974565505981445,58.81041717529297,45.63299560546875,35.603511810302734,32.909339904785156,15.005867004394531,19.777816772460938,,,92.26771545410156,111.41999816894531
2015-03-11,168.9196319580078,18.141517639160156,15.719569206237793,24.04473876953125,58.777313232421875,45.58405303955078,35.33095169067383,32.72861099243164,14.909032821655273,19.75396728515625,,,92.93989562988281,110.75
2015-03-12,171.06729125976562,18.259695053100586,16.060583114624023,23.891633987426758,59.55538558959961,46.17140579223633,35.84661865234375,33.39419937133789,15.19262409210205,20.00039291381836,,,92.8741683959961,110.72000122070312
2015-03-13,170.0182647705078,18.159027099609375,15.949094772338867,23.802339553833008,59.43948745727539,45.74721908569336,35.56667709350586,33.12972640991211,15.036992073059082,19.809612274169922,,,92.58917999267578,110.87999725341797
2015-03-16,172.2898406982422,18.37348747253418,16.145843505859375,24.124467849731445,60.755592346191406,46.505859375,36.001319885253906,33.51762008666992,15.296368598937988,19.777816772460938,,,93.48060607910156,110.80999755859375
2015-03-17,171.77769470214844,18.37786865234375,16.106491088867188,24.03197479248047,60.581756591796875,46.3182373046875,35.74348068237305,33.33248519897461,15.272156715393066,19.559213638305664,,,94.25509643554688,110.20999908447266
2015-03-18,173.8426971435547,18.627336502075195,16.19830894470215,24.730449676513672,61.368133544921875,46.86478805541992,35.98658752441406,33.627811431884766,15.683712005615234,19.857303619384766,,,96.07441711425781,112.37000274658203
2015-03-19,173.0497283935547,18.574817657470703,16.047470092773438,24.33815574645996,61.72404479980469,46.54664993286133,35.82452392578125,33.579322814941406,15.538459777832031,19.515493392944336,,,95.58491516113281,112.29000091552734
2015-03-20,174.57717895507812,18.694786071777344,16.265348434448242,24.696195602416992,62.17060089111328,46.809696197509766,36.2736930847168,33.95304870605469,15.678230285644531,19.64116096496582,,,96.08905029296875,113.56999969482422
2015-03-23,174.23704528808594,18.694786071777344,16.173194885253906,24.60948371887207,61.99630355834961,46.41633605957031,36.332984924316406,33.89554977416992,15.688680648803711,19.64116096496582,,,95.97212219238281,114.29000091552734
2015-03-24,173.25799560546875,18.63326072692871,16.041545867919922,24.445728302001953,61.45676040649414,46.26064682006836,36.12543487548828,33.71863555908203,15.514404296875,19.577335357666016,,,96.9000473022461,114.56999969482422
2015-03-25,170.7190704345703,18.15424919128418,15.784831047058105,24.76361656188965,60.3361930847168,45.47391891479492,36.03649139404297,33.170230865478516,15.33315372467041,19.357898712158203,,,96.081787109375,114.7300033569336
2015-03-26,170.3125457763672,18.167430877685547,15.771661758422852,24.734724044799805,60.19508361816406,45.351009368896484,35.880855560302734,32.96235275268555,15.204184532165527,19.401784896850586,,,94.58390808105469,115.4800033569336
2015-03-27,170.70249938964844,18.180612564086914,15.751914978027344,24.53242301940918,60.626708984375,45.523094177246094,36.10320281982422,33.13043212890625,15.29481315612793,19.39380645751953,,,95.76023864746094,115.05999755859375
2015-03-30,172.78506469726562,18.400346755981445,15.982297897338867,25.059030532836914,61.240962982177734,46.16231155395508,36.46638488769531,33.47095489501953,15.483028411865234,19.65712547302246,,,95.28533935546875,113.75
2015-03-31,171.27499389648438,18.21137237548828,15.87039852142334,24.91132926940918,60.178497314453125,45.70338439941406,36.12543487548828,33.32501220703125,15.486520767211914,19.461627960205078,,,95.48993682861328,113.66000366210938
2015-04-01,170.66928100585938,18.185009002685547,15.857233047485352,24.904911041259766,59.57254409790039,45.400177001953125,36.16990661621094,33.17908477783203,15.500459671020508,19.51747703552246,,,96.74417114257812,115.5999984741211
2015-04-02,171.2832794189453,18.180612564086914,15.936223030090332,24.95629119873047,59.755149841308594,45.42475509643555,36.41450881958008,33.47539520263672,15.528352737426758,19.537437438964844,,,95.71908569335938,115.27999877929688
2015-04-06,172.43653869628906,18.356399536132812,15.962554931640625,25.405824661254883,59.846473693847656,45.76894760131836,36.70357131958008,33.63462448120117,15.744450569152832,19.693031311035156,,,95.18463897705078,116.69000244140625
2015-04-07,171.98025512695312,18.31685447692871,15.876983642578125,25.42188262939453,59.987586975097656,45.662418365478516,36.5330924987793,33.44884490966797,15.563201904296875,19.661109924316406,,,95.9826889038086,116.11000061035156
2015-04-08,172.56101989746094,18.373985290527344,15.936223030090332,25.21637725830078,60.49391555786133,45.81810760498047,36.59238815307617,33.76286697387695,15.51789379119873,19.716978073120117,,,96.01199340820312,115.47000122070312
2015-04-09,173.3243865966797,18.422319412231445,15.962554931640625,25.620967864990234,60.9504280090332,46.03937530517578,36.6961555480957,33.7938346862793,15.451665878295898,19.7728271484375,,,94.76726531982422,114.66999816894531
2015-04-10,174.2702178955078,18.492637634277344,15.955972671508789,25.733341217041016,61.47335433959961,46.68678283691406,36.76285934448242,33.9088134765625,15.566692352294922,19.828678131103516,,,94.90637969970703,115.97000122070312
2015-04-13,173.48204040527344,18.439899444580078,16.015213012695312,25.47646713256836,61.1413459777832,46.24424362182617,36.59238815307617,33.723079681396484,15.413322448730469,19.748889923095703,,,95.03814697265625,115.13999938964844
2015-04-14,173.81390380859375,18.38277244567871,16.015213012695312,25.93564796447754,61.240962982177734,46.30162811279297,36.67391586303711,33.70537185668945,15.490007400512695,19.83266830444336,,,95.71178436279297,114.44000244140625
2015-04-15,174.59378051757812,18.545372009277344,16.074460983276367,26.55537986755371,61.398681640625,46.38356018066406,36.570152282714844,33.70537185668945,15.528352737426758,20.024171829223633,,,95.63125610351562,115.43000030517578
2015-04-16,174.5440216064453,18.47945213317871,16.100786209106445,26.494375228881836,61.36545181274414,46.28522491455078,36.70357131958008,33.77172088623047,15.427266120910645,19.98029327392578,,,95.15534210205078,115.02999877929688
2015-04-17,172.53614807128906,18.224559783935547,15.883566856384277,26.301706314086914,60.834228515625,45.727962493896484,36.36263656616211,33.27195739746094,15.371499061584473,19.796764373779297,,,96.24627685546875,115.5999984741211
2015-04-20,174.11260986328125,18.536584854125977,15.949387550354004,26.401248931884766,61.20774459838867,46.26064682006836,36.4886360168457,33.63904571533203,15.601544380187988,19.94038963317871,,,95.39690399169922,114.72000122070312
2015-04-21,173.90513610839844,18.527788162231445,15.87039852142334,26.121891021728516,61.61445999145508,46.203277587890625,36.55533218383789,33.67441177368164,15.462124824523926,19.792776107788086,,,94.96495056152344,115.37999725341797
2015-04-22,174.75978088378906,18.71676254272461,15.982297897338867,26.2952880859375,61.714073181152344,46.39996337890625,36.57755661010742,33.70537185668945,15.493491172790527,19.83266830444336,,,93.51522064208984,113.83000183105469
2015-04-23,175.1995086669922,18.791471481323242,16.008628845214844,26.4751033782959,61.94648742675781,46.35080337524414,36.451576232910156,33.873443603515625,15.580633163452148,19.884536743164062,,,93.91791534423828,114.66000366210938
2015-04-24,175.60601806640625,18.95406723022461,15.982297897338867,26.324195861816406,61.74726867675781,46.15409469604492,36.458984375,34.33339309692383,15.737482070922852,20.052104949951172,,,94.50364685058594,113.05000305175781
2015-04-27,174.87588500976562,19.00680160522461,15.923062324523926,26.2952880859375,60.626708984375,46.137725830078125,36.25885009765625,34.03264236450195,15.5492582321167,20.22765350341797,,,94.50364685058594,115.33000183105469
2015-04-28,175.43179321289062,19.068330764770508,16.015213012695312,26.426939010620117,60.925533294677734,46.21967697143555,36.2959098815918,33.91324234008789,15.66080093383789,20.255563735961914,,,93.20034790039062,116.33000183105469
2015-04-29,174.70994567871094,18.976049423217773,16.008628845214844,26.6324520111084,60.36940002441406,45.99020004272461,35.96978759765625,33.68325424194336,15.594571113586426,20.243606567382812,,,92.05818176269531,115.51000213623047
2015-04-30,172.9593048095703,18.71236801147461,15.883566856384277,26.548961639404297,59.522762298583984,45.58864974975586,35.851200103759766,33.307342529296875,15.413322448730469,20.115936279296875,,,92.21924591064453,113.47000122070312
2015-05-01,174.83444213867188,18.940887451171875,16.021800994873047,26.609966278076172,60.327880859375,46.16231155395508,36.17732620239258,33.767295837402344,15.500459671020508,20.447071075439453,,,90.97782897949219,113.08000183105469
2015-05-04,175.33224487304688,18.958465576171875,16.179779052734375,26.542543411254883,60.709716796875,46.23604965209961,36.229217529296875,33.83805465698242,15.615490913391113,20.391223907470703,,,90.11939239501953,114.0999984741211
2015-05-05,173.3243865966797,18.66402816772461,16.03496551513672,26.215009689331055,59.94608688354492,45.61323547363281,35.94013977050781,33.484230041503906,15.266931533813477,20.159818649291992,,,89.99469757080078,114.41999816894531
2015-05-06,172.6107940673828,18.505817413330078,15.955972671508789,26.11225128173828,59.713661193847656,45.58864974975586,36.05131912231445,33.34714126586914,15.183276176452637,20.163816452026367,,,88.45394134521484,114.36000061035156
2015-05-07,173.29945373535156,18.64204978942871,16.0678768157959,25.82968521118164,59.99588394165039,45.826316833496094,36.140262603759766,33.519622802734375,15.239043235778809,20.2515811920166,,,89.64249420166016,113.41999816894531
2015-05-08,175.5811767578125,18.910125732421875,16.298267364501953,26.25354766845703,60.96702194213867,46.3671760559082,36.44415283203125,33.87785720825195,15.34709644317627,20.574743270874023,,,89.8846206665039,113.97000122070312
2015-05-11,174.74314880371094,18.813444137573242,16.2390193939209,25.759044647216797,61.000244140625,46.32619094848633,36.2959098815918,33.72749710083008,15.242528915405273,20.4789981842041,,,87.69822692871094,113.52999877929688
2015-05-12,174.22042846679688,18.71236801147461,16.179779052734375,25.87785530090332,60.6100959777832,46.27703857421875,36.214385986328125,33.66557312011719,15.225103378295898,20.2635498046875,,,87.9256591796875,114.5
2015-05-13,174.253662109375,18.791471481323242,16.186357498168945,25.810413360595703,60.67653274536133,46.37538146972656,36.19956588745117,33.453285217285156,15.075213432312012,20.2396183013916,,,87.22130584716797,116.55000305175781
2015-05-14,176.07066345214844,19.09470558166504,16.331172943115234,25.800785064697266,61.514862060546875,46.842491149902344,36.75545883178711,33.60365676879883,15.249499320983887,20.451065063476562,,,87.45608520507812,117.18000030517578
2015-05-15,176.26153564453125,19.03317642211914,16.258771896362305,25.903549194335938,61.63938522338867,46.8015022277832,36.87405014038086,33.873443603515625,15.448177337646484,20.55080795288086,,,89.20962524414062,117.52999877929688
2015-05-18,176.80909729003906,19.12546157836914,16.35093116760254,25.926023483276367,62.00458526611328,46.89165496826172,36.75545883178711,34.00169372558594,15.507438659667969,20.459043502807617,,,87.71292114257812,117.5199966430664
2015-05-19,176.7510223388672,19.07712745666504,16.44307518005371,25.556745529174805,62.29511260986328,46.76054763793945,36.659095764160156,33.99285888671875,15.542289733886719,20.35930824279785,,,86.93521118164062,115.88999938964844
2015-05-20,176.6265869140625,19.090309143066406,16.39699935913086,25.60491371154785,62.37813186645508,46.588443756103516,36.57755661010742,33.95304870605469,15.566692352294922,20.34733772277832,,,87.0819091796875,116.08000183105469
2015-05-21,177.1409454345703,19.17380714416504,16.357501983642578,25.84574317932129,62.38642120361328,46.842491149902344,36.659095764160156,34.085716247558594,15.55971622467041,20.41915512084961,,,88.29986572265625,115.69000244140625
2015-05-22,176.71780395507812,19.160619735717773,16.36408805847168,25.75261878967285,62.23700714111328,46.629417419433594,36.503440856933594,34.02822494506836,15.53531551361084,20.39521598815918,,,88.33651733398438,115.5999984741211
2015-05-26,174.81787109375,18.883760452270508,16.179779052734375,25.34481430053711,61.606170654296875,46.121334075927734,36.214385986328125,33.784976959228516,15.437723159790039,20.139869689941406,,,89.84793853759766,113.91000366210938
2015-05-27,176.47723388671875,19.239717483520508,16.357501983642578,25.29986572265625,62.32002639770508,46.41633605957031,36.44415283203125,34.037078857421875,15.500459671020508,20.271533966064453,,,90.05338287353516,113.88999938964844
2015-05-28,176.27809143066406,19.200172424316406,16.3377628326416,25.200321197509766,62.361507415771484,46.1950798034668,36.39225387573242,33.979576110839844,15.53531551361084,20.323400497436523,,,89.8332290649414,114.0199966430664
2015-05-29,175.1829071044922,19.059547424316406,16.192947387695312,25.171419143676758,62.203792572021484,45.736175537109375,36.16250228881836,33.74517059326172,15.510917663574219,20.191736221313477,,,90.03134155273438,114.0999984741211
2015-06-01,175.53965759277344,19.112281799316406,16.206111907958984,25.10720443725586,62.45280456542969,45.9410514831543,36.16250228881836,33.84247970581055,15.531834602355957,20.19972038269043,,,89.06372833251953,114.0
2015-06-02,175.3654022216797,19.072734832763672,16.232439041137695,25.280601501464844,62.04610824584961,46.03116989135742,36.066139221191406,33.917659759521484,15.326176643371582,20.2635498046875,,,87.82117462158203,114.45999908447266
2015-06-03,175.83004760742188,19.112281799316406,16.37067222595215,25.10720443725586,62.16230010986328,46.26064682006836,36.043914794921875,34.18301773071289,15.099616050720215,20.28350257873535,,,86.40937805175781,113.63999938964844
2015-06-04,174.3448944091797,18.936494827270508,16.225858688354492,24.76683235168457,61.73069381713867,45.744361877441406,35.784488677978516,33.93976593017578,15.07870101928711,20.044126510620117,,,87.53438568115234,112.83999633789062
2015-06-05,174.04615783691406,18.874971389770508,16.318012237548828,24.940223693847656,61.705772399902344,45.77714157104492,35.2730712890625,33.84247970581055,14.890482902526855,19.952354431152344,,,86.46820068359375,112.23999786376953
2015-06-08,172.97589111328125,18.66402816772461,16.21927261352539,24.7989444732666,61.398681640625,45.4411506652832,35.258270263671875,33.60365676879883,14.8033447265625,19.880544662475586,,,86.37264251708984,112.56999969482422
2015-06-09,172.95103454589844,18.62007713317871,16.258771896362305,24.79572105407715,61.38203811645508,45.43294906616211,35.42873001098633,33.56826400756836,14.768485069274902,19.892515182495117,,,85.68880462646484,112.81999969482422
2015-06-10,175.02523803710938,18.910125732421875,16.48914909362793,25.100780487060547,62.137413024902344,45.88365936279297,35.77708053588867,33.91324234008789,14.841682434082031,20.0999813079834,,,84.93889617919922,113.77999877929688
2015-06-11,175.58944702148438,18.91891860961914,16.55497932434082,24.9883975982666,62.56075668334961,46.14591598510742,35.762264251708984,34.02822494506836,14.960195541381836,20.14785385131836,,,86.72557067871094,113.26000213623047
2015-06-12,174.24534606933594,18.751916885375977,16.482572555541992,24.709033966064453,61.78879165649414,45.875484466552734,35.62144088745117,33.873443603515625,14.82774829864502,20.028165817260742,,,86.72557067871094,113.2300033569336
2015-06-15,173.49859619140625,18.637657165527344,16.41016387939453,24.651233673095703,61.863487243652344,45.49031066894531,35.362022399902344,33.7142219543457,14.8033447265625,19.904483795166016,,,86.86529541015625,113.7300033569336
2015-06-16,174.44447326660156,18.760709762573242,16.50231170654297,24.843896865844727,62.17060089111328,45.53129959106445,35.747440338134766,33.917659759521484,14.873054504394531,20.008211135864258,,,87.54911041259766,113.31999969482422
2015-06-17,174.72654724121094,18.769493103027344,16.482572555541992,24.782886505126953,62.22869110107422,45.65421676635742,35.94013977050781,34.07246017456055,14.998537063598633,20.091995239257812,,,86.87262725830078,113.8499984741211
2015-06-18,176.5435791015625,18.936494827270508,16.63396453857422,24.76683235168457,63.10856246948242,46.11313247680664,36.34038543701172,34.483768463134766,15.197214126586914,20.259565353393555,,,86.44617462158203,115.31999969482422
2015-06-19,175.7598876953125,18.778902053833008,16.356298446655273,24.537004470825195,63.05940628051758,45.88912582397461,36.2896614074707,34.36264419555664,15.050543785095215,20.123693466186523,,,87.55642700195312,115.12000274658203
2015-06-22,176.6602783203125,18.933399200439453,16.607526779174805,24.837617874145508,63.55084228515625,46.16913986206055,36.43136978149414,34.55342483520508,15.029438018798828,20.19985008239746,,,85.76971435546875,113.63999938964844
2015-06-23,176.78536987304688,18.946651458740234,16.640581130981445,24.918420791625977,63.67573928833008,46.0538330078125,36.27475357055664,34.69095993041992,14.825435638427734,20.143735885620117,,,85.25503540039062,112.88999938964844
2015-06-24,175.50143432617188,18.858356475830078,16.501745223999023,24.763269424438477,63.034420013427734,45.625579833984375,36.110679626464844,34.45137023925781,14.709366798400879,19.887231826782227,,,85.99027252197266,112.58999633789062
2015-06-25,174.9678497314453,18.814218521118164,16.402572631835938,24.511152267456055,63.38425064086914,45.27145004272461,36.04357147216797,34.42475891113281,14.610879898071289,19.871198654174805,,,85.68880462646484,112.44000244140625
2015-06-26,174.9344940185547,18.655288696289062,16.455459594726562,24.591962814331055,63.29262924194336,45.35380935668945,36.11814498901367,34.56229782104492,14.698814392089844,19.795047760009766,,,84.72561645507812,112.55999755859375
2015-06-29,171.26608276367188,18.25799560546875,16.058792114257812,24.12649917602539,61.74341583251953,44.49729537963867,35.55879592895508,33.78142166137695,14.621430397033691,19.334138870239258,,,86.96818542480469,113.06999969482422
2015-06-30,171.62452697753906,18.275659561157227,16.118297576904297,24.294584274291992,61.95996856689453,44.522010803222656,35.499149322509766,33.93228530883789,14.582740783691406,19.394250869750977,,,86.36531829833984,112.37000274658203
2015-07-01,173.0001983642578,18.399263381958008,16.36290740966797,23.984270095825195,62.626312255859375,44.744361877441406,35.95406723022461,34.318275451660156,14.670680046081543,19.502464294433594,,,85.19951629638672,111.9800033569336
2015-07-02,172.84181213378906,18.42574691772461,16.290185928344727,24.09093475341797,62.33479309082031,44.66202163696289,35.92424011230469,34.251731872558594,14.853574752807617,19.442354202270508,,,85.4795150756836,111.76000213623047
2015-07-06,172.3498992919922,18.350704193115234,16.22407341003418,23.774158477783203,62.30979537963867,44.48904800415039,35.894412994384766,34.18517303466797,14.91336441040039,19.28203010559082,,,87.06385803222656,112.05999755859375
2015-07-07,173.4337158203125,18.37718963623047,16.25712776184082,23.990732192993164,62.6096305847168,44.85142517089844,36.632728576660156,34.48243713378906,15.282689094543457,19.217914581298828,,,87.8818130493164,110.76000213623047
2015-07-08,170.52403259277344,18.07700538635254,15.972840309143066,23.505874633789062,61.53520202636719,44.04432678222656,36.22254943847656,33.82579040527344,15.2017822265625,18.797082901000977,,,88.64081573486328,111.08999633789062
2015-07-09,170.83251953125,18.006380081176758,16.098459243774414,23.625471115112305,61.86836242675781,44.151397705078125,36.25239562988281,33.96776580810547,15.032957077026367,18.853193283081055,,,86.89437866210938,111.36000061035156
2015-07-10,172.98348999023438,18.293310165405273,16.290185928344727,23.754764556884766,62.7012825012207,44.61259841918945,36.677490234375,34.46025848388672,15.113860130310059,19.11771583557129,,,85.51638793945312,111.48999786376953
2015-07-13,174.8927459716797,18.571414947509766,16.488523483276367,23.9228572845459,63.23431396484375,45.10673904418945,37.020545959472656,34.9571647644043,15.120887756347656,19.32611846923828,,,85.25111389160156,110.98999786376953
2015-07-14,175.6514892578125,18.64204978942871,16.52818489074707,24.09417152404785,63.86732482910156,45.23026657104492,37.0802001953125,35.00153350830078,15.099785804748535,19.434335708618164,,,85.53112030029297,110.73999786376953
2015-07-15,175.59315490722656,18.646467208862305,16.66702651977539,23.670734405517578,63.95064163208008,45.04084777832031,36.98325729370117,34.96603775024414,15.173652648925781,19.28203010559082,,,86.4374771118164,110.16000366210938
2015-07-16,177.00218200683594,18.884845733642578,16.832307815551758,23.703054428100586,64.25047302246094,45.246734619140625,37.36359786987305,35.17901611328125,15.398757934570312,19.233943939208984,,,87.03443145751953,109.76000213623047
2015-07-17,177.1522216796875,19.17619514465332,16.786026000976562,23.415374755859375,64.10887145996094,45.23026657104492,37.34122848510742,35.11689758300781,15.247511863708496,19.101686477661133,,,87.48384857177734,108.6500015258789
2015-07-20,177.2439727783203,19.277729034423828,16.80586051940918,23.105058670043945,64.31709289550781,45.23849868774414,37.408329010009766,35.134647369384766,15.17013168334961,18.941356658935547,,,87.11547088623047,105.69999694824219
2015-07-21,176.54356384277344,19.14971160888672,16.786026000976562,23.11475944519043,64.03392028808594,44.75259780883789,37.31884765625,35.023719787597656,15.032957077026367,18.82514190673828,,,87.5870590209961,105.37000274658203
2015-07-22,176.22674560546875,18.8406982421875,16.911645889282227,22.927282333374023,64.17552185058594,44.55494689941406,37.400882720947266,35.192317962646484,15.099785804748535,18.74498176574707,,,88.13235473632812,104.80000305175781
2015-07-23,175.23458862304688,18.80097007751465,16.76619529724121,22.907886505126953,63.94229507446289,44.14316177368164,37.25918960571289,34.98379135131836,14.874676704406738,18.47243881225586,,,89.23036193847656,104.33000183105469
2015-07-24,173.4170379638672,18.69943618774414,16.607526779174805,22.46828269958496,62.343109130859375,43.56665802001953,37.05037307739258,34.98379135131836,14.888744354248047,18.067638397216797,,,89.4513931274414,105.3499984741211
2015-07-27,172.40823364257812,18.531686782836914,16.488523483276367,22.14504623413086,62.28478240966797,43.352542877197266,37.027992248535156,34.72202682495117,15.078683853149414,17.86724090576172,,,89.93037414550781,104.86000061035156
2015-07-28,174.5259552001953,18.69943618774414,16.554636001586914,22.778587341308594,63.40923309326172,44.192569732666016,37.44562911987305,34.992671966552734,15.149030685424805,18.239971160888672,,,89.27450561523438,105.0199966430664
2015-07-29,175.72657775878906,18.823047637939453,16.71991729736328,23.088895797729492,63.51752853393555,44.73613357543945,37.572410583496094,35.35203552246094,15.205307960510254,18.372236251831055,,,88.94293975830078,105.16999816894531
2015-07-30,175.76824951171875,18.858356475830078,16.71991729736328,22.927282333374023,63.4258918762207,44.6949348449707,37.44562911987305,35.48070526123047,15.317858695983887,18.464420318603516,,,89.62823486328125,104.2699966430664
2015-07-31,175.50143432617188,18.796560287475586,16.66702651977539,22.42625617980957,63.79236602783203,44.65377426147461,37.52021026611328,35.59162521362305,15.472624778747559,18.416330337524414,,,90.29139709472656,104.93000030517578
2015-08-03,174.90945434570312,18.695024490356445,16.647192001342773,21.954330444335938,63.74239730834961,44.43964385986328,37.572410583496094,35.471824645996094,15.553519248962402,18.27203941345215,,,91.24193572998047,104.0999984741211
2015-08-04,174.56761169433594,18.584665298461914,16.620746612548828,21.87999725341797,63.70907211303711,44.414939880371094,37.572410583496094,35.6226806640625,15.303790092468262,18.352195739746094,,,90.5181655883789,104.30999755859375
2015-08-05,175.14291381835938,18.765657424926758,16.686859130859375,21.71514129638672,64.24211120605469,44.66202163696289,37.90055465698242,35.2366828918457,15.342483520507812,18.444385528564453,,,89.8387451171875,103.93000030517578
2015-08-06,173.7089080810547,18.58025360107422,16.627357482910156,22.06100082397461,62.84288024902344,44.431400299072266,37.61716079711914,34.757511138916016,15.42337703704834,18.380258560180664,,,90.63629913330078,104.38999938964844
2015-08-07,173.37535095214844,18.59349250793457,16.660417556762695,21.66664695739746,62.73457717895508,44.217288970947266,37.408329010009766,34.73090362548828,15.613311767578125,18.12375831604004,,,91.82530975341797,104.6500015258789
2015-08-10,175.55979919433594,18.884845733642578,16.819087982177734,22.358383178710938,63.242637634277344,45.0820198059082,37.550045013427734,35.010414123535156,15.550004959106445,18.56863021850586,,,90.68803405761719,105.72000122070312
2015-08-11,173.97572326660156,18.602327346801758,16.66702651977539,22.40040397644043,62.709598541259766,44.530242919921875,37.41579818725586,34.69539260864258,15.627388000488281,18.223953247070312,,,92.12810516357422,106.26000213623047
2015-08-12,174.18408203125,18.686195373535156,16.51496696472168,22.807682037353516,62.75125503540039,44.538475036621094,37.43818283081055,34.54454803466797,15.905250549316406,18.292081832885742,,,91.62593841552734,107.75
2015-08-13,173.96734619140625,18.633224487304688,16.5744686126709,22.46181869506836,62.6096305847168,44.50553894042969,37.289024353027344,34.744205474853516,15.908769607543945,18.239971160888672,,,91.33049774169922,106.86000061035156
2015-08-14,174.60101318359375,18.725929260253906,16.69346809387207,22.413333892822266,62.784576416015625,44.785545349121094,37.408329010009766,34.766395568847656,16.028356552124023,18.32415008544922,,,91.54466247558594,106.8499984741211
2015-08-17,175.57643127441406,18.83187484741211,16.72652816772461,22.46181869506836,63.41756820678711,45.00791549682617,37.44562911987305,35.09916305541992,16.10573387145996,18.42835235595703,,,91.95825958251953,107.12999725341797
2015-08-18,175.06787109375,18.734756469726562,16.713306427001953,22.377775192260742,63.32595443725586,44.92555618286133,37.25918960571289,35.13019561767578,16.067045211791992,18.30811309814453,,,91.23450469970703,107.11000061035156
2015-08-19,173.68386840820312,18.61115074157715,16.561243057250977,21.760391235351562,63.06772994995117,44.50553894042969,36.91613006591797,35.068092346191406,16.133874893188477,18.08367347717285,,,92.13551330566406,108.55000305175781
2015-08-20,170.05712890625,18.156469345092773,16.210851669311523,21.26906967163086,61.60183334350586,43.58313751220703,36.580535888671875,34.0831298828125,16.038904190063477,17.74299430847168,,,93.06598663330078,110.44000244140625
2015-08-21,164.93801879882812,17.46340560913086,15.62905502319336,20.52562141418457,59.71945571899414,42.380733489990234,35.581172943115234,32.991695404052734,15.845455169677734,17.31014633178711,,,93.34661865234375,111.12999725341797
2015-08-24,157.99295043945312,16.774751663208008,14.96131706237793,19.42337417602539,57.17906951904297,40.87361145019531,34.34318161010742,31.673967361450195,15.251029968261719,16.584718704223633,,,93.31710815429688,110.52999877929688
2015-08-25,156.13372802734375,16.642324447631836,14.762982368469238,19.142166137695312,56.60438919067383,40.33827209472656,34.08216857910156,31.545307159423828,14.783228874206543,16.32419776916504,,,91.81793975830078,109.16000366210938
2015-08-26,162.12828063964844,17.48106575012207,15.318329811096191,19.801565170288086,58.99483108520508,41.59834289550781,35.088966369628906,32.74323272705078,15.047024726867676,16.76506805419922,,,90.0455322265625,107.66999816894531
2015-08-27,166.13853454589844,17.887191772460938,15.69516658782959,20.78097915649414,60.14424133300781,42.60309600830078,35.60354995727539,33.51079559326172,15.222898483276367,17.3742733001709,,,90.09725189208984,107.7300033569336
2015-08-28,166.14694213867188,17.922504425048828,15.622445106506348,21.252904891967773,59.802738189697266,42.61956024169922,35.528968811035156,33.524085998535156,15.177167892456055,17.474475860595703,,,90.3630599975586,108.69999694824219
2015-08-31,164.80458068847656,17.759166717529297,15.490221977233887,21.47271728515625,58.71163558959961,42.240718841552734,35.282875061035156,33.266761779785156,14.934476852416992,17.378276824951172,,,89.66889953613281,108.81999969482422
2015-09-01,159.8855438232422,17.18971061706543,14.987765312194824,20.716333389282227,57.170780181884766,41.120670318603516,34.559452056884766,32.42379379272461,14.52998161315918,16.849233627319336,,,90.3150405883789,109.19999694824219
2015-09-02,162.9203643798828,17.604663848876953,15.192710876464844,20.907041549682617,58.34516143798828,42.03482437133789,35.02930450439453,33.1070556640625,14.540538787841797,17.089710235595703,,,89.5379409790039,108.62000274658203
2015-09-03,163.03704833984375,17.61791229248047,15.278656959533691,20.96523094177246,57.9287223815918,42.05953598022461,35.26795959472656,33.120357513427734,14.607366561889648,17.193912506103516,,,89.97455596923828,107.83999633789062
2015-09-04,160.56919860839844,17.3486270904541,14.974538803100586,20.619359970092773,57.20409393310547,41.47480392456055,34.693702697753906,32.765419006347656,14.406877517700195,16.853248596191406,,,90.79607391357422,107.48999786376953
2015-09-08,164.60446166992188,17.834211349487305,15.357992172241211,20.942602157592773,58.80327606201172,42.61956024169922,35.41710662841797,33.524085998535156,14.712882995605469,17.274078369140625,,,89.45649719238281,107.5199966430664
2015-09-09,162.40341186523438,17.600250244140625,15.146438598632812,20.548248291015625,57.89539337158203,42.166603088378906,34.83539962768555,33.16471862792969,14.52998161315918,17.141820907592773,,,89.88573455810547,106.12999725341797
2015-09-10,163.2871856689453,17.77683448791504,15.219156265258789,20.667844772338867,58.453453063964844,42.19129943847656,34.895057678222656,33.25789260864258,14.50535774230957,17.1818904876709,,,89.27887725830078,106.37999725341797
2015-09-11,164.0291748046875,17.860694885253906,15.285269737243652,20.48360252380371,58.828250885009766,42.421897888183594,35.126251220703125,33.506343841552734,14.61440372467041,17.157846450805664,,,89.84131622314453,106.16000366210938
2015-09-14,163.42059326171875,17.816558837890625,15.252212524414062,20.30582046508789,58.645015716552734,42.20778274536133,35.014400482177734,33.328880310058594,14.649571418762207,16.953439712524414,,,89.98197174072266,106.22000122070312
2015-09-15,165.46322631835938,18.046106338500977,15.470388412475586,20.532085418701172,59.486244201660156,42.94075012207031,35.43202590942383,33.67938995361328,14.72695255279541,17.07769203186035,,,88.25752258300781,105.9000015258789
2015-09-16,166.89723205566406,18.12114906311035,15.569560050964355,21.113910675048828,59.65281295776367,43.25371551513672,35.834754943847656,34.060943603515625,14.874676704406738,17.322168350219727,,,87.92443084716797,107.30999755859375
2015-09-17,166.52210998535156,17.997547149658203,15.351378440856934,21.10098648071289,60.19422149658203,43.06428909301758,35.834754943847656,34.14968490600586,15.078683853149414,17.24201011657715,,,88.99761199951172,108.41000366210938
2015-09-18,163.8008575439453,17.763866424560547,15.054412841796875,20.546772003173828,59.27553176879883,42.11289596557617,35.420413970947266,33.60591125488281,14.993824005126953,16.878488540649414,,,90.36683654785156,109.20999908447266
2015-09-21,164.64732360839844,17.941225051879883,15.227149963378906,20.66400146484375,58.489749908447266,42.319915771484375,35.683128356933594,33.89984130859375,15.054179191589355,16.934911727905273,,,88.89395904541016,108.52999877929688
2015-09-22,162.51026916503906,17.639699935913086,15.034482955932617,20.445838928222656,58.130332946777344,41.70718002319336,35.29281997680664,33.450035095214844,14.866006851196289,16.620553970336914,,,90.12994384765625,107.79000091552734
2015-09-23,162.25045776367188,17.68404197692871,15.041123390197754,20.182077407836914,58.07178497314453,41.417362213134766,35.35285949707031,33.36097717285156,14.905064582824707,16.265899658203125,,,90.12258911132812,108.22000122070312
2015-09-24,161.66383361816406,17.68404197692871,14.934830665588379,20.269996643066406,57.47828674316406,41.16068649291992,35.41291809082031,33.27189636230469,15.02578067779541,16.2215633392334,,,90.73684692382812,110.48999786376953
2015-09-25,161.6218719482422,17.652997970581055,15.154069900512695,20.30906867980957,55.906742095947266,41.24347686767578,35.63810348510742,33.2674446105957,15.171350479125977,16.201416015625,,,89.95236206054688,109.80999755859375
2015-09-28,157.5656280517578,17.249481201171875,14.801953315734863,19.498275756835938,53.74170684814453,40.43203353881836,35.11267852783203,32.30996322631836,15.096793174743652,15.697643280029297,,,91.49175262451172,108.41999816894531
2015-09-29,157.65780639648438,17.174097061157227,14.828531265258789,19.468963623046875,54.23489761352539,40.69700241088867,35.097652435302734,32.20307540893555,15.100342750549316,15.758091926574707,,,91.75077819824219,107.9800033569336
2015-09-30,160.59947204589844,17.51554298400879,15.054412841796875,19.928098678588867,55.36341094970703,41.30972671508789,35.420413970947266,33.07148742675781,15.3701810836792,16.088563919067383,,,91.43255615234375,106.86000061035156
2015-10-01,161.01849365234375,17.524404525756836,15.061059951782227,19.96717643737793,55.923465728759766,41.21864700317383,35.420413970947266,33.316429138183594,15.189102172851562,16.26993179321289,,,91.82266235351562,106.7300033569336
2015-10-02,163.42369079589844,17.77273178100586,15.080986976623535,20.79099464416504,57.08540725708008,41.74028778076172,35.90830612182617,33.79294967651367,15.391481399536133,16.668914794921875,,,92.37886047363281,108.98999786376953
2015-10-05,166.33180236816406,18.123043060302734,15.399876594543457,21.419445037841797,57.23587417602539,42.92436218261719,36.52377700805664,34.291744232177734,15.590312957763672,17.10418128967285,,,91.12553405761719,108.7699966430664
2015-10-06,165.76185607910156,18.145217895507812,15.326803207397461,21.894853591918945,55.89002227783203,42.882965087890625,36.27608871459961,34.037899017333984,15.48379898071289,17.325843811035156,,,91.51860809326172,109.86000061035156
2015-10-07,167.11964416503906,18.229455947875977,15.446385383605957,22.171632766723633,56.78449630737305,43.44600296020508,36.606361389160156,34.15369415283203,15.43053913116455,17.555566787719727,,,91.21450805664062,109.69999694824219
2015-10-08,168.62811279296875,18.313711166381836,15.539398193359375,22.594934463500977,56.951663970947266,44.05046081542969,37.041690826416016,34.57231521606445,15.62226390838623,17.801406860351562,20.861318588256836,,90.45060729980469,109.13999938964844
2015-10-09,168.72872924804688,18.393531799316406,15.43974494934082,22.448408126831055,57.21080780029297,44.199493408203125,37.1242561340332,34.612403869628906,15.547706604003906,17.79334259033203,20.826797485351562,,90.68797302246094,110.87000274658203
2015-10-12,168.88796997070312,18.415691375732422,15.453032493591309,22.15860939025879,57.36125946044922,44.20777130126953,37.22184753417969,34.77717590332031,15.686177253723145,17.640193939208984,20.957996368408203,,91.37765502929688,111.30999755859375
2015-10-13,167.82363891601562,18.375789642333984,15.333440780639648,21.927412033081055,56.64237594604492,43.735809326171875,36.99665069580078,34.59013748168945,15.650664329528809,17.571683883666992,20.826797485351562,,91.53339385986328,111.86000061035156
2015-10-14,167.01901245117188,18.34031867980957,15.2072114944458,22.116275787353516,56.533695220947266,43.26383590698242,36.568824768066406,34.238304138183594,15.647125244140625,17.712739944458008,20.826797485351562,,92.33442687988281,113.80999755859375
2015-10-15,169.58358764648438,18.57533073425293,15.552688598632812,22.513538360595703,57.79595184326172,43.735809326171875,36.89908981323242,34.68364715576172,15.87790584564209,17.76110076904297,20.764646530151367,,91.88200378417969,113.29000091552734
2015-10-16,170.35455322265625,18.610816955566406,15.645692825317383,22.542842864990234,58.31422424316406,43.51223373413086,37.25186538696289,34.86625289916992,15.899211883544922,17.769168853759766,21.15964126586914,,91.91162872314453,112.48999786376953
2015-10-19,170.4384002685547,18.6817626953125,15.632404327392578,22.09674072265625,58.523197174072266,43.57020950317383,37.41699981689453,35.03102111816406,15.90986156463623,17.644224166870117,21.406848907470703,,91.6595230102539,112.0199966430664
2015-10-20,170.22048950195312,18.632984161376953,15.72541332244873,22.15860939025879,57.603668212890625,43.860023498535156,37.39446258544922,34.98648452758789,15.963113784790039,17.67243766784668,21.427568435668945,,91.09589385986328,112.7300033569336
2015-10-21,169.16452026367188,18.491090774536133,15.612479209899902,21.885087966918945,57.08540725708008,43.868289947509766,37.40199279785156,34.83061218261719,15.931163787841797,17.515262603759766,21.44483184814453,,92.00067138671875,111.7300033569336
2015-10-22,172.02232360839844,18.907917022705078,15.86492919921875,22.279088973999023,56.74268341064453,45.09375762939453,38.14507293701172,35.28932571411133,16.11578941345215,17.994850158691406,21.716218948364258,,92.15642547607422,111.69000244140625
2015-10-23,173.90805053710938,19.435596466064453,16.037670135498047,22.226985931396484,57.95476531982422,45.25936508178711,38.08502197265625,35.4630126953125,15.831744194030762,18.143970489501953,21.45518684387207,,91.37026977539062,111.5
2015-10-26,173.48056030273438,19.360219955444336,15.97122859954834,21.68319320678711,58.18046951293945,45.160011291503906,38.00996780395508,35.712406158447266,15.774943351745605,17.994850158691406,21.482816696166992,,91.97840881347656,111.43000030517578
2015-10-27,173.1453399658203,19.24935531616211,15.878220558166504,21.422697067260742,59.250457763671875,44.66318893432617,38.0625,35.54316711425781,15.718127250671387,17.918283462524414,21.488338470458984,,92.20832061767578,111.68000030517578
2015-10-28,175.11485290527344,19.537588119506836,16.25025749206543,21.89811134338379,59.74365234375,45.01923751831055,37.844825744628906,35.88164520263672,15.551263809204102,18.18830680847168,21.410306930541992,,91.83747100830078,110.77999877929688
2015-10-29,175.01425170898438,19.484375,16.230329513549805,22.008819580078125,60.011131286621094,44.9943962097168,37.85984420776367,35.984073638916016,15.462492942810059,18.224578857421875,21.507673263549805,,90.37648010253906,109.72000122070312
2015-10-30,174.25999450683594,19.35577392578125,15.997803688049316,22.152095794677734,59.63497543334961,44.936431884765625,37.43952178955078,36.059776306152344,15.533503532409668,18.24875259399414,21.37232208251953,,91.05880737304688,109.30000305175781
2015-11-02,176.32164001464844,19.528717041015625,16.21704864501953,22.669837951660156,60.90559768676758,45.458099365234375,37.6646842956543,36.22456359863281,15.551263809204102,18.36160659790039,21.37232208251953,,90.64029693603516,108.58999633789062
2015-11-03,176.8328857421875,19.630704879760742,16.243623733520508,23.24944496154785,60.688255310058594,45.49120330810547,37.48455047607422,36.362613677978516,15.59741497039795,18.434158325195312,21.648542404174805,,89.89703369140625,106.9800033569336
2015-11-04,176.2965087890625,19.652873992919922,16.197114944458008,23.041044235229492,60.42073440551758,45.36700439453125,37.32691955566406,36.12656021118164,15.679075241088867,18.313241958618164,21.55877113342285,,90.00115966796875,105.97000122070312
2015-11-05,176.1205596923828,19.595230102539062,16.263551712036133,22.845672607421875,60.228492736816406,45.424957275390625,37.31941223144531,36.255733489990234,15.544156074523926,18.220550537109375,21.47589874267578,,89.76325225830078,105.63999938964844
2015-11-06,176.02830505371094,19.66175079345703,16.429641723632812,22.728443145751953,59.977718353271484,45.424957275390625,36.91411209106445,36.26018524169922,15.000932693481445,18.268901824951172,20.68178367614746,,88.44766235351562,104.0999984741211
2015-11-09,174.3856964111328,19.4710750579834,16.25025749206543,22.503759384155273,59.51795959472656,45.07720947265625,36.66640090942383,35.761417388916016,15.039981842041016,18.143970489501953,20.516048431396484,,87.9496841430664,104.4000015258789
2015-11-10,174.7879180908203,19.342479705810547,16.32334327697754,22.552610397338867,59.919189453125,45.06892013549805,36.76398468017578,36.09986114501953,15.174901962280273,18.01097297668457,20.737024307250977,,88.20987701416016,104.18000030517578
2015-11-11,174.10076904296875,19.33360481262207,16.27019500732422,22.073949813842773,59.325706481933594,45.12688064575195,36.71144104003906,35.88608932495117,15.306270599365234,18.031126022338867,20.808839797973633,,88.02407836914062,103.83000183105469
2015-11-12,171.67031860351562,19.165102005004883,16.024372100830078,21.572492599487305,58.29750442504883,44.514137268066406,36.2160530090332,35.55207824707031,15.1607027053833,17.668411254882812,20.68178367614746,,88.44766235351562,103.8499984741211
2015-11-13,169.74278259277344,18.788183212280273,15.891509056091309,21.484575271606445,58.155399322509766,44.31541442871094,35.900794982910156,34.616859436035156,15.10389518737793,17.894100189208984,20.412471771240234,,88.9531021118164,103.55999755859375
2015-11-16,172.3240509033203,19.0764102935791,16.08416175842285,22.20094871520996,58.88264846801758,44.88676834106445,36.51628875732422,35.035484313964844,15.359530448913574,18.123823165893555,20.391756057739258,,88.87139129638672,103.70999908447266
2015-11-17,172.1983184814453,19.080852508544922,16.05095100402832,21.95671844482422,59.1334114074707,44.79566955566406,36.501277923583984,35.102291107177734,15.082589149475098,18.103668212890625,20.709400177001953,,89.0199966430664,102.33999633789062
2015-11-18,174.93043518066406,19.36908531188965,16.336631774902344,22.318157196044922,60.28700256347656,45.41667175292969,37.00417709350586,35.70350646972656,15.178452491760254,18.42608642578125,20.95454216003418,,89.20585632324219,102.43000030517578
2015-11-19,174.7795867919922,19.4577693939209,16.363203048706055,22.018590927124023,59.27553176879883,45.61540603637695,37.10174560546875,35.74802017211914,15.341776847839355,18.405935287475586,21.0684814453125,,89.80045318603516,103.55999755859375
2015-11-20,175.41648864746094,19.59967041015625,16.389780044555664,21.784143447875977,59.78544616699219,45.847251892089844,36.83903121948242,36.17556381225586,15.405686378479004,18.349506378173828,21.241121292114258,,89.52546691894531,103.08999633789062
2015-11-23,175.2154083251953,19.484375,16.32334327697754,21.940439224243164,59.63497543334961,45.61540603637695,37.16178894042969,36.309173583984375,15.263662338256836,18.37369155883789,21.35161018371582,,89.80045318603516,102.26000213623047
2015-11-24,175.45004272460938,19.488807678222656,16.276830673217773,22.409337997436523,59.818878173828125,45.540889739990234,37.25937271118164,36.233455657958984,15.242361068725586,18.52684211730957,21.027050018310547,,89.79302215576172,102.94000244140625
2015-11-25,175.42489624023438,19.42673110961914,16.290124893188477,22.226985931396484,60.14488983154297,45.540889739990234,37.35695266723633,36.41606140136719,15.150049209594727,18.409963607788086,21.027050018310547,,90.00115966796875,102.45999908447266
2015-11-27,175.62606811523438,19.4710750579834,16.329986572265625,22.067432403564453,60.261924743652344,45.623695373535156,37.49956130981445,36.2824592590332,15.178452491760254,18.385786056518555,21.185876846313477,,89.91191864013672,101.25
2015-11-30,174.89691162109375,19.493244171142578,16.316699981689453,22.14883804321289,59.442726135253906,45.325599670410156,37.0942268371582,35.97517395019531,15.203306198120117,18.430118560791016,21.234214782714844,,90.2686996459961,101.91999816894531
2015-12-01,176.56468200683594,19.66617774963379,16.496082305908203,22.324668884277344,60.445831298828125,45.540889739990234,37.40947723388672,36.34480285644531,15.32402515411377,18.559083938598633,21.585704803466797,,91.48799896240234,102.27999877929688
2015-12-02,174.7628173828125,19.542016983032227,16.30341148376465,21.63436508178711,59.93589782714844,45.07720947265625,37.22184753417969,36.028594970703125,14.983181953430176,18.309207916259766,21.144445419311523,,91.51780700683594,100.69000244140625
2015-12-03,172.31565856933594,19.289268493652344,16.037670135498047,21.201271057128906,58.62350082397461,44.514137268066406,37.026676177978516,35.48527908325195,14.869556427001953,18.148000717163086,20.72321319580078,,89.03005981445312,101.76000213623047
2015-12-04,175.67636108398438,19.763731002807617,16.46286392211914,21.067773818969727,60.00276184082031,45.17655944824219,37.85984420776367,36.17111587524414,15.079034805297852,18.466386795043945,21.144445419311523,,89.81208038330078,104.0199966430664
2015-12-07,174.61196899414062,19.66617774963379,16.310054779052734,20.26674461364746,59.668399810791016,44.95298767089844,37.96492004394531,36.01969909667969,15.146498680114746,18.13591194152832,21.144445419311523,,90.68360137939453,102.66999816894531
2015-12-08,173.43862915039062,19.61740493774414,16.104108810424805,20.058345794677734,59.80218505859375,44.23261642456055,37.867347717285156,35.91280746459961,15.125194549560547,17.79334259033203,21.213499069213867,,90.72826385498047,102.83999633789062
2015-12-09,172.0894012451172,19.32917594909668,15.918078422546387,20.322093963623047,59.20029067993164,44.100135803222656,37.50706100463867,35.4541015625,15.128745079040527,18.329362869262695,21.096105575561523,,90.6314697265625,102.63999938964844
2015-12-10,172.5335235595703,19.38238525390625,15.931367874145508,20.452346801757812,59.64332962036133,44.30714416503906,37.552101135253906,35.574344635009766,14.880207061767578,18.19233512878418,20.923463821411133,,90.7505874633789,102.55000305175781
2015-12-11,169.189697265625,18.978858947753906,15.579258918762207,19.6871280670166,58.76560974121094,43.56193161010742,37.139278411865234,34.7638053894043,14.837603569030762,17.70870590209961,20.811603546142578,,92.1806869506836,103.11000061035156
2015-12-14,170.04444885253906,19.125194549560547,15.612479209899902,19.791330337524414,59.150146484375,43.71926498413086,37.50706100463867,34.94194412231445,14.912162780761719,17.474952697753906,20.87582778930664,,90.98896789550781,101.79000091552734
2015-12-15,171.82960510253906,19.20944595336914,15.977873802185059,20.289535522460938,59.919189453125,43.727535247802734,37.747249603271484,35.13344955444336,15.029326438903809,17.571683883666992,21.116819381713867,,90.45272827148438,101.5199966430664
2015-12-16,174.34381103515625,19.4710750579834,16.236976623535156,20.156030654907227,60.696590423583984,44.5058708190918,38.47533416748047,35.7213134765625,15.4092378616333,17.753042221069336,21.496620178222656,,90.2590103149414,102.75
2015-12-17,171.6871337890625,19.165102005004883,16.004444122314453,19.66107940673828,60.044612884521484,43.7689208984375,37.97993469238281,35.13344955444336,15.44119644165039,17.398387908935547,21.468997955322266,,91.27942657470703,100.5
2015-12-18,168.62852478027344,18.793418884277344,15.576592445373535,19.316736221313477,59.17405700683594,43.101654052734375,37.30699157714844,34.58116149902344,15.249272346496582,17.16329002380371,21.189727783203125,,91.78592681884766,102.04000091552734
2015-12-21,170.01954650878906,18.985057830810547,15.730354309082031,19.336448669433594,59.71133041381836,43.43488693237305,37.73042297363281,34.75558090209961,15.238513946533203,17.317575454711914,21.224634170532227,,91.76355743408203,103.1500015258789
2015-12-22,171.56234741210938,19.123205184936523,15.877431869506836,19.56316566467285,60.11424255371094,44.03466796875,38.221893310546875,35.0104866027832,15.367652893066406,17.536848068237305,21.42013168334961,,91.10066223144531,102.61000061035156
2015-12-23,173.68687438964844,19.28365135192871,16.064617156982422,20.414167404174805,60.760643005371094,44.551151275634766,38.50165939331055,35.18935012817383,15.604408264160156,17.951004028320312,21.629573822021484,,90.41541290283203,102.30999755859375
2015-12-24,173.40017700195312,19.274734497070312,16.051250457763672,20.23016357421875,60.81941223144531,44.53450012207031,38.46385955810547,35.09543991088867,15.593645095825195,17.910398483276367,21.65052604675293,,90.93340301513672,103.05000305175781
2015-12-28,173.00396728515625,19.261369705200195,16.037874221801758,19.862173080444336,60.53399658203125,44.43452835083008,38.41093826293945,35.18488693237305,15.622344017028809,17.78452491760254,21.59257698059082,,91.20211791992188,102.2699966430664
2015-12-29,174.85023498535156,19.524303436279297,16.20500373840332,20.00016975402832,61.272727966308594,44.8593864440918,38.743614196777344,35.591835021972656,15.708440780639648,17.951004028320312,21.950742721557617,,89.68694305419922,102.19999694824219
2015-12-30,173.6109619140625,19.359405517578125,16.091360092163086,19.730741500854492,61.012481689453125,44.48451614379883,38.607521057128906,35.30562210083008,15.694087982177734,17.78452491760254,21.950742721557617,,89.59739685058594,101.41999816894531
2015-12-31,171.8743133544922,19.087556838989258,15.930915832519531,19.819454193115234,60.46685028076172,44.15962600708008,38.17653274536133,34.95234680175781,15.525491714477539,17.630231857299805,21.772008895874023,,90.00042724609375,101.45999908447266
2016-01-04,169.47157287597656,18.837995529174805,15.62338638305664,19.812881469726562,59.37552261352539,43.56816482543945,37.6926155090332,34.353111267089844,15.493206024169922,17.354127883911133,21.266529083251953,,90.6497802734375,102.88999938964844
2016-01-05,169.75820922851562,18.788965225219727,15.683558464050293,19.888452529907227,59.660953521728516,43.68478775024414,37.93456268310547,34.308387756347656,15.604408264160156,17.34600830078125,21.910945892333984,,90.28404235839844,103.18000030517578
2016-01-06,167.61685180664062,18.557218551635742,15.442888259887695,19.122882843017578,59.17405700683594,43.01002883911133,37.8060302734375,33.97300338745117,15.575712203979492,16.891244888305664,21.69940185546875,,91.50071716308594,104.66999816894531
2016-01-07,163.59544372558594,18.009069442749023,15.008350372314453,18.65630531311035,57.973609924316406,41.84376525878906,37.35235595703125,33.27537536621094,15.471684455871582,16.432411193847656,21.301435470581055,,91.66485595703125,106.1500015258789
2016-01-08,161.79969787597656,17.866458892822266,14.774368286132812,18.416458129882812,57.100582122802734,41.418914794921875,37.06504440307617,32.91763687133789,15.464508056640625,16.265945434570312,21.02216339111328,,92.07540130615234,105.68000030517578
2016-01-11,161.9598846435547,17.98232078552246,14.794418334960938,18.022167205810547,56.42061233520508,41.44390106201172,37.41284942626953,33.177001953125,15.547017097473145,15.989831924438477,21.14784049987793,,91.06778717041016,104.73999786376953
2016-01-12,163.26663208007812,18.19624137878418,14.908072471618652,18.06488037109375,57.14253616333008,41.777130126953125,37.61701202392578,33.543697357177734,15.486027717590332,16.01419448852539,20.917436599731445,,92.38140869140625,104.20999908447266
2016-01-13,159.1946563720703,17.706024169921875,14.520325660705566,17.631166458129883,55.44681930541992,40.769142150878906,36.92892837524414,32.41230392456055,15.47885513305664,15.644701957702637,20.701004028320312,,93.29203033447266,104.72000122070312
2016-01-14,161.80812072753906,18.040258407592773,14.647346496582031,18.390165328979492,56.93268585205078,41.2523078918457,37.102840423583984,32.64484786987305,15.712026596069336,15.855847358703613,20.77081871032715,,92.41874694824219,103.0199966430664
2016-01-15,158.33477783203125,17.53220558166504,14.319769859313965,17.857885360717773,56.13520050048828,40.52756118774414,36.5206298828125,31.97405433654785,15.572124481201172,15.531009674072266,20.42173194885254,,93.8592529296875,104.08000183105469
2016-01-19,158.54551696777344,17.550031661987305,14.31308364868164,17.473445892333984,56.126792907714844,40.519229888916016,36.95918273925781,32.09478759765625,15.805292129516602,15.340171813964844,20.561372756958008,,93.56817626953125,103.9800033569336
2016-01-20,156.51368713378906,17.411880493164062,14.032303810119629,17.01016616821289,56.23593521118164,39.994407653808594,36.49794006347656,31.813079833984375,15.450161933898926,15.226481437683105,20.009811401367188,,94.55343627929688,105.37000274658203
2016-01-21,157.3905029296875,17.509923934936523,13.972140312194824,17.53916358947754,56.06804275512695,40.169349670410156,36.641605377197266,32.22001647949219,15.435808181762695,15.360469818115234,20.163406372070312,,93.9115219116211,105.48999786376953
2016-01-22,160.6194610595703,17.995691299438477,14.226177215576172,18.314598083496094,56.9578742980957,40.519229888916016,37.26917266845703,32.783477783203125,15.712026596069336,15.636576652526855,20.58230972290039,,93.55327606201172,105.0
2016-01-25,158.19139099121094,17.786239624023438,13.938709259033203,17.46030616760254,56.42901611328125,40.0193977355957,36.93648910522461,32.407833099365234,15.57929801940918,15.137146949768066,20.58230972290039,,94.06082153320312,106.08000183105469
2016-01-26,160.34967041015625,17.960041046142578,14.17269515991211,18.120737075805664,56.85714340209961,40.77748107910156,37.27675247192383,32.88185501098633,15.68691635131836,15.397013664245605,20.765239715576172,,94.10558319091797,107.29000091552734
2016-01-27,158.60455322265625,17.59014320373535,14.119214057922363,18.03531265258789,56.21073532104492,40.319297790527344,37.23893356323242,32.36758041381836,15.722789764404297,15.2752046585083,20.58230972290039,,94.08317565917969,107.69000244140625
2016-01-28,159.4307403564453,17.817428588867188,14.125901222229004,18.584028244018555,54.90116882324219,40.552555084228516,37.61701202392578,32.783477783203125,15.973885536193848,15.299568176269531,20.358896255493164,,94.21756744384766,106.54000091552734
2016-01-29,163.3171844482422,18.37895965576172,14.520325660705566,19.126171112060547,55.79938507080078,41.64384841918945,38.380680084228516,33.1412239074707,16.29315757751465,15.742151260375977,20.379846572875977,,95.01617431640625,106.94999694824219
2016-02-01,163.25820922851562,18.44580841064453,14.460156440734863,18.807451248168945,55.88333511352539,41.54387283325195,38.50922393798828,33.34245681762695,16.447406768798828,15.807113647460938,20.812713623046875,,94.72528839111328,108.05000305175781
2016-02-02,160.31594848632812,18.116018295288086,14.05904769897461,18.17987823486328,55.07745361328125,40.71083068847656,38.01774215698242,32.69403076171875,16.51915168762207,15.701547622680664,20.547405242919922,,96.48267364501953,108.08999633789062
2016-02-03,161.27703857421875,18.093734741210938,14.072415351867676,18.82716941833496,55.43842697143555,41.368927001953125,37.93456268310547,32.609066009521484,16.723621368408203,16.229400634765625,20.56835174560547,,95.68247985839844,109.25
2016-02-04,161.5299530029297,18.111562728881836,14.19275188446045,18.81731414794922,55.13622283935547,42.08534622192383,37.586761474609375,32.42124938964844,16.651874542236328,16.68010711669922,20.691923141479492,,96.14614868164062,110.56999969482422
2016-02-05,158.4528045654297,17.603515625,14.005563735961914,18.380311965942383,54.061702728271484,41.685489654541016,37.526268005371094,31.374832153320312,16.7056827545166,16.489261627197266,20.315608978271484,,96.25833892822266,112.31999969482422
2016-02-08,156.31982421875,17.34949493408203,13.651247024536133,18.28502082824707,53.322975158691406,41.33560562133789,37.42797088623047,30.766647338867188,16.64828872680664,16.054805755615234,19.239023208618164,,98.32977294921875,113.83000183105469
2016-02-09,156.3282470703125,17.26926612854004,13.63119125366211,17.844736099243164,53.7175178527832,41.58553695678711,37.67749786376953,30.71746063232422,16.7056827545166,16.253755569458008,19.088205337524414,,98.43445587158203,113.58000183105469
2016-02-10,156.1934051513672,17.29601287841797,13.557657241821289,17.77245330810547,54.19599914550781,41.368927001953125,37.63212966918945,30.663787841796875,16.6877498626709,16.09946632385254,19.493154525756836,,99.30192565917969,114.45999908447266
2016-02-11,154.16160583496094,17.26035499572754,13.143166542053223,17.69688606262207,53.322975158691406,40.56087875366211,37.32966613769531,30.64590835571289,16.393592834472656,15.750269889831543,19.004430770874023,,99.99739074707031,119.05999755859375
2016-02-12,157.33995056152344,17.501012802124023,13.698043823242188,18.163448333740234,54.03651428222656,41.37726593017578,37.85896301269531,31.20936393737793,16.34337615966797,16.217212677001953,19.192941665649414,,98.3372573852539,118.36000061035156
2016-02-16,159.99559020996094,17.81297492980957,13.918656349182129,18.344167709350586,55.052276611328125,42.21030044555664,38.16141891479492,31.965118408203125,16.447406768798828,16.46490478515625,19.192941665649414,,97.29777526855469,114.7699966430664
2016-02-17,162.60906982421875,18.17841339111328,14.105840682983398,18.945449829101562,55.7490348815918,42.860076904296875,38.55459213256836,32.65378189086914,16.415122985839844,16.789730072021484,19.79336929321289,,96.69953155517578,115.4800033569336
2016-02-18,161.94305419921875,18.107107162475586,14.025623321533203,18.708887100219727,55.40485382080078,42.835086822509766,38.380680084228516,32.43913269042969,16.684167861938477,16.741008758544922,20.03773307800293,,97.88855743408203,118.29000091552734
2016-02-19,161.86715698242188,18.120479583740234,14.025623321533203,18.66616439819336,55.34608459472656,42.75178146362305,38.4411735534668,32.52855682373047,16.572956085205078,16.54610824584961,20.009811401367188,,97.9708023071289,117.58000183105469
2016-02-22,164.21087646484375,18.36113166809082,14.246235847473145,19.142595291137695,56.13520050048828,43.47653579711914,38.63019943237305,33.15911102294922,16.76666831970215,16.86281967163086,20.31700325012207,,97.9184799194336,115.48999786376953
2016-02-23,162.136962890625,18.071455001831055,13.992193222045898,18.488739013671875,55.71546173095703,43.04336166381836,38.62265396118164,32.97576141357422,16.7810115814209,16.44865608215332,20.212282180786133,,98.3148193359375,117.22000122070312
2016-02-24,162.87881469726562,18.209609985351562,13.958765983581543,18.676025390625,55.90013885498047,43.06834030151367,38.743614196777344,33.16805648803711,16.85993766784668,16.61919403076172,20.22903823852539,,98.1203842163086,117.61000061035156
2016-02-25,164.8515625,18.43689727783203,14.15263843536377,18.69244956970215,56.596893310546875,43.63482666015625,39.18217086791992,33.49898147583008,17.03211784362793,16.834394454956055,20.358896255493164,,98.47185516357422,117.91999816894531
2016-02-26,164.4722137451172,18.387874603271484,14.252918243408203,18.804168701171875,56.49614715576172,43.69313049316406,38.63019943237305,33.463199615478516,16.562196731567383,17.078018188476562,20.505512237548828,,97.5221176147461,117.11000061035156
2016-02-29,163.18238830566406,18.25863265991211,14.099157333374023,18.590599060058594,55.597930908203125,43.418216705322266,38.50165939331055,33.28879165649414,16.60883140563965,16.97244644165039,20.477584838867188,,97.94835662841797,118.63999938964844
2016-03-01,167.01828002929688,18.802335739135742,14.573806762695312,19.076885223388672,56.789974212646484,44.267921447753906,38.87216567993164,34.169761657714844,16.52632713317871,17.406906127929688,20.9663143157959,,96.22362518310547,117.7699966430664
2016-03-02,167.76853942871094,18.85581398010254,14.734258651733398,19.54345703125,56.88232421875,44.30125045776367,38.985572814941406,34.13845443725586,16.612411499023438,17.337886810302734,21.196712493896484,,96.62075805664062,118.68000030517578
2016-03-03,168.42611694335938,18.85581398010254,14.834534645080566,19.83916473388672,56.72281265258789,44.617794036865234,39.18217086791992,34.339698791503906,16.71286392211914,17.443452835083008,21.226037979125977,,96.9729232788086,120.7300033569336
2016-03-04,168.97413635253906,18.90484046936035,14.89470100402832,20.029741287231445,56.58850860595703,44.801063537597656,39.3485107421875,34.308387756347656,16.899398803710938,17.64647674560547,21.287471771240234,,96.35102081298828,120.54000091552734
2016-03-07,169.10902404785156,18.788965225219727,14.888018608093262,20.499595642089844,57.041805267333984,44.93436050415039,39.106571197509766,34.16081237792969,16.992664337158203,17.849483489990234,21.273508071899414,,96.32105255126953,121.13999938964844
2016-03-08,167.2627716064453,18.673091888427734,14.647346496582031,19.63873863220215,56.34506607055664,44.30125045776367,39.219966888427734,33.89250183105469,17.1612606048584,17.50029945373535,21.24139404296875,,97.3849868774414,120.58000183105469
2016-03-09,168.08895874023438,18.833532333374023,14.667403221130371,19.957456588745117,56.44579315185547,44.442867279052734,39.514862060546875,33.9595947265625,17.240182876586914,17.609928131103516,21.176462173461914,,96.79305267333984,119.58000183105469
2016-03-10,168.22384643554688,18.815710067749023,14.654033660888672,19.973886489868164,56.4793701171875,44.376224517822266,39.52998352050781,34.044551849365234,17.25452423095703,17.703319549560547,21.076623916625977,,96.39592742919922,121.5
2016-03-11,170.93846130371094,19.10538101196289,15.035093307495117,20.489742279052734,57.57905197143555,45.017662048339844,39.65852737426758,34.5677604675293,17.272470474243164,18.028152465820312,21.566747665405273,,95.42200469970703,119.41000366210938
2016-03-14,170.7192840576172,19.127668380737305,14.988297462463379,20.355024337768555,57.33563995361328,45.05931091308594,39.635841369628906,34.69744110107422,17.293987274169922,17.906335830688477,21.63656234741211,,95.72169494628906,117.87000274658203
2016-03-15,170.44105529785156,19.1989688873291,14.981611251831055,20.315597534179688,56.44579315185547,45.034324645996094,39.7341423034668,34.688499450683594,17.326276779174805,17.946945190429688,21.779693603515625,,95.81157684326172,117.95999908447266
2016-03-16,171.4274139404297,19.421798706054688,14.948183059692383,20.667173385620117,56.31147384643555,45.192604064941406,39.82487106323242,34.9702262878418,17.59173011779785,18.097177505493164,21.615615844726562,,96.09629821777344,120.58999633789062
2016-03-17,172.51499938964844,19.493104934692383,15.128686904907227,20.949737548828125,55.65668487548828,46.18392562866211,40.06682205200195,35.01941680908203,17.688587188720703,18.430126190185547,22.338930130004883,,96.4933853149414,120.12999725341797
2016-03-18,173.19293212890625,19.524459838867188,15.262979507446289,21.009967803955078,56.311302185058594,46.57997131347656,40.01439666748047,35.06476974487305,17.575824737548828,18.506322860717773,22.181747436523438,,96.69566345214844,119.80000305175781
2016-03-21,173.4386444091797,19.591646194458008,15.236119270324707,20.937162399291992,56.639869689941406,46.85627746582031,40.03719711303711,35.08274459838867,17.557750701904297,18.591890335083008,22.068973541259766,,95.95394897460938,118.95999908447266
2016-03-22,173.34547424316406,19.59613037109375,15.189116477966309,20.821348190307617,57.204315185546875,46.588348388671875,39.80159378051758,35.024356842041016,17.499923706054688,18.380014419555664,22.03020668029785,,95.93143463134766,119.30999755859375
2016-03-23,172.20144653320312,19.484148025512695,15.074965476989746,20.36467933654785,56.799930572509766,46.28691482543945,39.8091926574707,34.77739334106445,17.630033493041992,18.151845932006836,21.94915008544922,,97.01786804199219,116.61000061035156
2016-03-24,172.1251678466797,19.537900924682617,14.980952262878418,20.463953018188477,56.774654388427734,46.1529426574707,39.76358413696289,34.822296142578125,17.677024841308594,18.151845932006836,21.984386444091797,,97.05532836914062,116.33000183105469
2016-03-28,172.2268829345703,19.488630294799805,15.027963638305664,20.35474395751953,56.61457443237305,46.169681549072266,39.97639846801758,34.97945022583008,17.611957550048828,18.229259490966797,22.125356674194336,,97.18267822265625,116.5999984741211
2016-03-29,173.82000732421875,19.7932071685791,15.05482292175293,20.450714111328125,57.271705627441406,46.471134185791016,40.27279281616211,35.33419418334961,17.872182846069336,18.331113815307617,22.60466194152832,,98.20166778564453,118.76000213623047
2016-03-30,174.58265686035156,19.90966033935547,15.142109870910645,20.49043083190918,57.280155181884766,46.55484390258789,40.53879928588867,35.55870819091797,17.828813552856445,18.412609100341797,22.555316925048828,,97.16765594482422,117.0999984741211
2016-03-31,174.15896606445312,19.869352340698242,15.108538627624512,20.480499267578125,57.10321807861328,46.44600296020508,40.325984954833984,35.518287658691406,17.93362808227539,18.257783889770508,22.6680965423584,,97.85697937011719,117.63999938964844
2016-04-01,175.34532165527344,20.021648406982422,15.242835998535156,20.20583724975586,57.751922607421875,46.663700103759766,40.7515983581543,35.66647720336914,18.00229263305664,18.4329833984375,22.7153263092041,,98.11225891113281,116.93000030517578
2016-04-04,174.77755737304688,19.945491790771484,15.168968200683594,20.056926727294922,58.442771911621094,46.136207580566406,40.76679611206055,35.38807678222656,17.92639923095703,18.192590713500977,22.682191848754883,,98.17232513427734,116.1500015258789
2016-04-05,173.03189086914062,19.75290298461914,14.954096794128418,19.921249389648438,57.684539794921875,45.85151672363281,40.493202209472656,35.087223052978516,17.590280532836914,18.07850456237793,22.479202270507812,,99.24590301513672,117.66000366210938
2016-04-06,174.921630859375,19.945491790771484,15.034673690795898,20.351442337036133,59.23469161987305,46.07758712768555,40.81239318847656,35.419498443603516,17.568593978881836,18.286304473876953,22.54121971130371,,98.52513885498047,116.94000244140625
2016-04-07,172.82852172851562,19.658832550048828,14.75264835357666,20.232315063476562,58.58599090576172,45.6338005065918,40.3715934753418,35.01986312866211,17.561359405517578,18.021453857421875,22.35796546936035,,99.74140167236328,118.61000061035156
2016-04-08,173.29461669921875,19.658832550048828,14.806368827819824,20.63933753967285,58.42591857910156,45.80963134765625,40.59198760986328,34.965980529785156,17.655336380004883,18.13962173461914,22.569419860839844,,99.11079406738281,118.43000030517578
2016-04-11,172.8878173828125,19.60508918762207,14.866804122924805,20.553298950195312,57.979408264160156,45.82638931274414,40.30318832397461,34.83576202392578,17.57943344116211,18.221111297607422,22.555316925048828,,98.98314666748047,120.02999877929688
2016-04-12,174.4979248046875,19.739456176757812,15.05482292175293,21.16550064086914,58.451194763183594,46.09433364868164,40.553993225097656,35.1006965637207,17.702322006225586,18.473726272583008,22.65399932861328,,98.29991149902344,120.05000305175781
2016-04-13,176.26052856445312,19.94102668762207,15.397279739379883,21.264780044555664,58.99882125854492,46.78092956542969,40.242393493652344,35.59462356567383,17.59389305114746,18.657081604003906,22.567304611206055,,98.64532470703125,118.7699966430664
2016-04-14,176.26895141601562,19.93654441833496,15.430858612060547,21.314416885375977,59.03249740600586,46.86465835571289,40.059993743896484,35.59462356567383,17.572200775146484,18.6693058013916,22.477787017822266,,98.17232513427734,117.11000061035156
2016-04-15,176.0740966796875,19.860395431518555,15.37713623046875,21.026514053344727,58.990379333496094,46.931644439697266,40.310791015625,35.69340896606445,17.669790267944336,18.754865646362305,22.63286018371582,,99.01317596435547,117.91999816894531
2016-04-18,177.31134033203125,19.945491790771484,15.49128532409668,21.373973846435547,59.53799819946289,46.97351837158203,40.53879928588867,36.030189514160156,17.738460540771484,18.84043312072754,22.717439651489258,,98.5852279663086,117.73999786376953
2016-04-19,177.87060546875,19.833518981933594,15.686023712158203,21.800859451293945,59.74858856201172,47.308441162109375,40.515995025634766,35.832611083984375,17.767372131347656,19.243804931640625,22.639904022216797,,98.27738189697266,119.58000183105469
2016-04-20,178.04010009765625,19.873830795288086,15.806891441345215,21.99610137939453,60.068756103515625,47.233089447021484,40.059993743896484,35.87751388549805,17.322824478149414,19.186769485473633,22.414350509643555,,97.19631958007812,118.97000122070312
2016-04-21,177.08251953125,19.802169799804688,15.665875434875488,21.867053985595703,60.4225959777832,47.11585998535156,39.34557342529297,35.75178146362305,16.961408615112305,19.101198196411133,21.895578384399414,,96.61815643310547,119.41999816894531
2016-04-22,177.08251953125,19.4572696685791,15.813604354858398,22.184724807739258,60.548973083496094,47.233089447021484,39.4899787902832,35.67995071411133,17.113201141357422,19.23565101623535,22.174699783325195,,96.37043762207031,117.88999938964844
2016-04-25,176.77745056152344,19.461755752563477,15.780030250549316,21.936538696289062,60.31306076049805,47.00700378417969,39.76358413696289,35.72035217285156,17.145729064941406,19.17046356201172,22.330472946166992,,95.9725341796875,118.2300033569336
2016-04-26,177.0401153564453,19.367698669433594,15.880753517150879,22.287311553955078,60.085594177246094,47.4256706237793,39.60398483276367,35.80567169189453,17.171030044555664,19.32529067993164,22.393199920654297,,95.53704833984375,118.69999694824219
2016-04-27,177.40452575683594,19.278112411499023,15.907615661621094,22.710887908935547,60.018184661865234,47.760597229003906,39.79399490356445,35.769752502441406,17.42041015625,19.488279342651367,22.30862045288086,,96.49056243896484,119.04000091552734
2016-04-28,175.79449462890625,19.036237716674805,15.739738464355469,22.373353958129883,59.73176574707031,47.300079345703125,39.83198165893555,35.38359069824219,17.395111083984375,19.3049259185791,22.33118438720703,,96.88841247558594,121.29000091552734
2016-04-29,174.8454132080078,18.870512008666992,15.65244197845459,22.336952209472656,58.79661178588867,47.02374267578125,39.74838638305664,35.563194274902344,17.499923706054688,19.190837860107422,22.11831283569336,,97.13621520996094,123.6500015258789
2016-05-02,176.235107421875,19.009363174438477,15.793457984924316,22.31378173828125,59.13360595703125,47.26659393310547,40.20439147949219,36.06161880493164,17.6408748626709,19.260107040405273,22.350914001464844,,96.15823364257812,123.23999786376953
2016-05-03,174.70130920410156,18.83467674255371,15.592010498046875,21.787626266479492,58.948246002197266,46.88140869140625,40.128387451171875,35.729339599609375,17.626419067382812,18.942291259765625,22.46369171142578,,97.36942291259766,122.95999908447266
2016-05-04,173.7267608642578,18.77644920349121,15.471151351928711,21.47325325012207,58.383792877197266,46.30366897583008,40.24998474121094,35.56766891479492,17.832427978515625,18.75078773498535,22.787925720214844,,97.90355682373047,122.20999908447266
2016-05-05,173.69288635253906,18.785409927368164,15.464427947998047,21.648635864257812,58.62811279296875,46.27854537963867,40.257598876953125,35.338680267333984,17.76375961303711,18.657081604003906,22.80906867980957,,98.55804443359375,122.06999969482422
2016-05-06,174.32847595214844,18.92426109313965,15.531580924987793,21.5989990234375,58.28268051147461,46.588348388671875,40.462799072265625,35.599117279052734,17.648107528686523,18.807832717895508,22.928895950317383,,98.13674926757812,123.18000030517578
2016-05-09,174.47250366210938,18.92426109313965,15.49128532409668,21.284631729125977,58.948246002197266,46.379024505615234,40.683189392089844,35.69791030883789,17.749303817749023,18.57966423034668,23.16008758544922,,98.4452133178711,120.6500015258789
2016-05-10,176.6418914794922,19.17060661315918,15.712878227233887,21.658567428588867,59.445308685302734,47.17448425292969,41.08599853515625,36.15591049194336,17.767372131347656,18.889328002929688,23.24607276916504,,98.45272827148438,120.9800033569336
2016-05-11,174.989501953125,19.031761169433594,15.545008659362793,21.724746704101562,58.729209899902344,46.78092956542969,40.75918960571289,35.428489685058594,17.832427978515625,18.82413101196289,22.823162078857422,,99.00946044921875,122.12000274658203
2016-05-12,175.040283203125,18.978010177612305,15.551719665527344,21.784317016601562,58.383792877197266,46.680450439453125,40.97959899902344,35.49583053588867,17.93723487854004,18.905624389648438,22.900699615478516,,98.55804443359375,121.16000366210938
2016-05-13,173.5149383544922,18.906349182128906,15.363702774047852,21.506345748901367,58.249000549316406,46.09433364868164,40.462799072265625,35.07375717163086,17.850500106811523,18.722267150878906,22.57012367248535,,99.51345825195312,121.70999908447266
2016-05-16,175.22666931152344,19.17060661315918,15.444283485412598,21.87035369873047,59.04092788696289,46.663700103759766,40.7212028503418,35.29378128051758,17.872182846069336,19.044157028198242,22.878149032592773,,98.65586853027344,121.80000305175781
2016-05-17,173.59117126464844,18.978010177612305,15.356992721557617,21.972944259643555,58.42591857910156,46.43762969970703,39.92318344116211,34.89413833618164,17.568593978881836,18.94637107849121,22.498929977416992,,98.82136535644531,122.22000122070312
2016-05-18,173.64205932617188,19.013845443725586,15.625585556030273,21.761152267456055,58.67023849487305,46.27854537963867,39.45958709716797,34.69207000732422,17.23969841003418,18.657081604003906,21.9442081451416,,97.41458129882812,120.0999984741211
2016-05-19,173.0403594970703,18.910823822021484,15.477853775024414,21.764461517333984,58.17316436767578,45.8431396484375,39.847198486328125,34.660640716552734,17.413177490234375,18.722267150878906,21.899808883666992,,97.83585357666016,119.87000274658203
2016-05-20,174.133544921875,19.139259338378906,15.585298538208008,21.893524169921875,58.712364196777344,46.07758712768555,39.64199447631836,34.889644622802734,17.452938079833984,18.856731414794922,22.04923439025879,,97.91104125976562,119.70999908447266
2016-05-23,173.89627075195312,19.10342025756836,15.57186508178711,21.837265014648438,58.4764518737793,45.993839263916016,39.67998504638672,34.7684326171875,17.297529220581055,19.076751708984375,22.11831283569336,,98.12923431396484,119.37000274658203
2016-05-24,176.1503448486328,19.461755752563477,15.806891441345215,21.94646453857422,59.31895446777344,46.471134185791016,40.01439666748047,35.18601608276367,17.47101402282715,19.20306396484375,22.266332626342773,,97.69290161132812,117.30000305175781
2016-05-25,177.3452606201172,19.59613037109375,15.974762916564941,22.293935775756836,59.68963623046875,46.78929901123047,40.07520294189453,35.37908935546875,17.42041015625,19.439376831054688,22.417173385620117,,97.32432556152344,116.9800033569336
2016-05-26,177.39601135253906,19.658832550048828,15.880753517150879,22.201278686523438,59.69806671142578,46.65534210205078,40.23479461669922,35.45094680786133,17.619190216064453,19.231586456298828,22.400257110595703,,97.82833862304688,116.58000183105469
2016-05-27,178.1587677001953,19.75290298461914,15.988192558288574,22.21451187133789,59.9676399230957,46.83116149902344,40.2803955078125,35.6170768737793,17.648107528686523,19.223432540893555,22.488357543945312,,97.68538665771484,115.62000274658203
2016-05-31,177.81973266601562,19.7932071685791,15.94790267944336,22.128475189208984,60.11085891723633,46.82278823852539,40.02198791503906,35.58115768432617,17.76375961303711,19.125642776489258,22.498929977416992,,97.91860961914062,116.05999755859375
2016-06-01,178.18411254882812,19.743938446044922,15.981477737426758,22.13509178161621,60.329898834228516,46.86465835571289,40.43239974975586,35.55870819091797,17.810745239257812,19.150096893310547,22.414350509643555,,98.31585693359375,115.94000244140625
2016-06-02,178.7264404296875,19.726016998291016,16.015052795410156,22.105304718017578,61.10498046875,46.92327880859375,40.44760513305664,35.75626754760742,17.81797218322754,19.256025314331055,22.484838485717773,,99.0244369506836,115.66999816894531
2016-06-03,178.19256591796875,19.681232452392578,15.786750793457031,22.019268035888672,60.90281295776367,46.88140869140625,40.705997467041016,35.522789001464844,18.09988021850586,19.419015884399414,22.586334228515625,,100.4341812133789,118.87999725341797
2016-06-06,179.09933471679688,19.717058181762695,15.880753517150879,22.50571632385254,61.23136520385742,47.32517623901367,40.7515983581543,35.612586975097656,18.0745792388916,19.6186580657959,22.59761619567871,,99.68785858154297,118.91999816894531
2016-06-07,179.37899780273438,19.797687530517578,15.847179412841797,23.015329360961914,60.852272033691406,47.55125427246094,40.705997467041016,35.657493591308594,18.06011390686035,19.626806259155273,22.615938186645508,,99.92911529541016,118.81999969482422
2016-06-08,179.9636993408203,19.8380069732666,15.860610961914062,22.962379455566406,61.0628662109375,47.85270690917969,40.94918441772461,35.69791030883789,18.168546676635742,19.740894317626953,22.724483489990234,,100.46434020996094,120.58000183105469
2016-06-09,179.7179412841797,19.84247589111328,15.746451377868652,22.786998748779297,60.961788177490234,47.844329833984375,41.10879898071289,35.6170768737793,18.32396125793457,19.598285675048828,22.772422790527344,,101.11264038085938,121.25
2016-06-10,178.01467895507812,19.69019317626953,15.551719665527344,22.293935775756836,60.47315979003906,47.2833251953125,41.13921356201172,35.24439239501953,18.276973724365234,19.451601028442383,22.661048889160156,,101.60264587402344,121.73999786376953
2016-06-13,176.6418914794922,19.470714569091797,15.444283485412598,22.22774314880371,59.9929313659668,46.77256393432617,40.797210693359375,35.051292419433594,18.255285263061523,19.23565101623535,22.65399932861328,,102.05494689941406,122.63999938964844
2016-06-14,176.29440307617188,19.5155029296875,15.215978622436523,22.21451187133789,60.085594177246094,46.78092956542969,40.95680236816406,34.96149826049805,18.352872848510742,19.09305191040039,22.548269271850586,,101.97956848144531,122.7699966430664
2016-06-15,176.0486602783203,19.466230392456055,15.236119270324707,22.16156768798828,59.67278289794922,46.797672271728516,40.8352165222168,35.06028366088867,18.23721694946289,19.178619384765625,22.78087615966797,,102.37158203125,123.68000030517578
2016-06-16,176.5740509033203,19.50654411315918,15.276408195495605,22.055667877197266,59.8834342956543,46.88140869140625,41.048004150390625,35.17253494262695,18.352872848510742,19.243804931640625,22.89788055419922,,102.86906433105469,122.37999725341797
2016-06-17,175.91647338867188,19.376474380493164,15.263588905334473,22.28084373474121,59.261680603027344,46.92097473144531,40.8820915222168,35.11711120605469,18.419191360473633,19.3277530670166,22.862342834472656,,102.22831726074219,123.94999694824219
2016-06-20,177.04937744140625,19.457481384277344,15.35134506225586,22.474037170410156,59.633880615234375,47.35035705566406,41.01205825805664,35.43255615234375,18.349958419799805,19.438312530517578,22.883665084838867,,101.13522338867188,123.20999908447266
2016-06-21,177.55197143554688,19.592510223388672,15.439106941223145,22.740514755249023,59.43087387084961,47.31668472290039,41.11910629272461,35.3514404296875,18.375465393066406,19.38507652282715,23.068445205688477,,100.66781616210938,120.83999633789062
2016-06-22,177.26234436035156,19.52500343322754,15.425602912902832,22.613937377929688,59.60002136230469,47.181983947753906,41.14205551147461,35.30187225341797,18.28801155090332,19.405555725097656,23.04712677001953,,100.83367919921875,120.9000015258789
2016-06-23,179.57078552246094,19.79055404663086,15.749645233154297,22.987009048461914,60.378231048583984,47.7292366027832,41.394351959228516,35.64885330200195,18.33902359008789,19.704477310180664,23.14661407470703,,99.68033599853516,120.11000061035156
2016-06-24,173.12252807617188,19.02989959716797,14.905792236328125,22.244197845458984,58.62731170654297,45.78437042236328,40.59919357299805,34.32402038574219,18.368175506591797,18.84455680847168,22.855241775512695,,102.35646057128906,126.0
2016-06-27,170.02197265625,18.64731788635254,14.480493545532227,21.5313777923584,57.840641021728516,44.706687927246094,40.51508331298828,33.693138122558594,18.59408950805664,18.209861755371094,22.819705963134766,,104.91201782226562,126.68000030517578
2016-06-28,173.0884552001953,19.01639175415039,14.851784706115723,22.130956649780273,58.96562194824219,45.46443176269531,40.76739501953125,34.36457824707031,18.663318634033203,18.36545753479004,23.239009857177734,,105.13057708740234,125.31999969482422
2016-06-29,176.03573608398438,19.30895233154297,15.189324378967285,22.550647735595703,60.09065628051758,46.27268600463867,41.2414436340332,34.9188346862793,18.71433448791504,18.67666244506836,23.67961883544922,,104.3239974975586,125.83999633789062
2016-06-30,178.4378204345703,19.5205020904541,15.432360649108887,22.730525970458984,60.657379150390625,47.156715393066406,42.166587829589844,35.17569351196289,19.118789672851562,18.975595474243164,23.871498107910156,,104.70842742919922,126.47000122070312
2016-07-01,178.8126678466797,19.565509796142578,15.35134506225586,22.85044288635254,61.03803634643555,47.30828094482422,41.96778106689453,35.54070281982422,19.122432708740234,18.983783721923828,23.857288360595703,,106.16223907470703,128.41000366210938
2016-07-05,177.52639770507812,19.421480178833008,15.121813774108887,22.390762329101562,60.97882080078125,46.87887954711914,42.20480728149414,35.252296447753906,19.264545440673828,18.639812469482422,24.03139877319336,,107.4914779663086,129.47000122070312
2016-07-06,178.59120178222656,19.556509017944336,15.162324905395508,22.48736572265625,61.66395568847656,47.1146125793457,42.2430419921875,35.5542106628418,19.304624557495117,18.71352195739746,23.999422073364258,,107.66519165039062,130.22999572753906
2016-07-07,178.4803924560547,19.556509017944336,15.182573318481445,22.257526397705078,61.570919036865234,47.24092483520508,42.158939361572266,35.707427978515625,18.947534561157227,18.76265525817871,23.70093536376953,,107.65755462646484,129.74000549316406
2016-07-08,181.1381072998047,19.862567901611328,15.472854614257812,22.55397605895996,62.33218765258789,48.18388366699219,42.57946014404297,36.329288482666016,19.14429473876953,19.229473114013672,24.111711502075195,,108.4505386352539,130.52000427246094
2016-07-11,181.77691650390625,19.979591369628906,15.560620307922363,22.597280502319336,62.16302490234375,48.48698043823242,42.587100982666016,36.541080474853516,19.12972068786621,19.32365608215332,24.297903060913086,,107.49899291992188,129.2899932861328
2016-07-12,183.09722900390625,20.141626358032227,15.756397247314453,23.15688705444336,62.467525482177734,48.93320083618164,42.357730865478516,36.68528747558594,18.867368698120117,19.675811767578125,24.347654342651367,,105.73175811767578,127.1500015258789
2016-07-13,183.07176208496094,20.14612579345703,15.756397247314453,22.957027435302734,62.44216537475586,49.051063537597656,42.59474182128906,36.50504684448242,19.016767501831055,19.729040145874023,24.461360931396484,,106.97789001464844,128.32000732421875
2016-07-14,184.09388732910156,20.276655197143555,15.904914855957031,23.073610305786133,62.71286392211914,49.42153549194336,42.587100982666016,36.65373992919922,18.892879486083984,19.905118942260742,24.325620651245117,,105.42215728759766,127.33000183105469
2016-07-15,183.84686279296875,20.25864601135254,15.877910614013672,23.060283660888672,62.66208267211914,49.41310119628906,42.587100982666016,36.491512298583984,18.947534561157227,19.97474479675293,24.290090560913086,,104.51587677001953,126.83999633789062
2016-07-18,184.3408966064453,20.3936824798584,15.931918144226074,23.076948165893555,62.68747329711914,49.37101364135742,42.541221618652344,36.63120651245117,19.002195358276367,20.105772018432617,24.297903060913086,,104.41767120361328,127.04000091552734
2016-07-19,184.15350341796875,20.348669052124023,15.938665390014648,22.947032928466797,62.55211639404297,49.39625930786133,42.51063919067383,36.56361389160156,18.969398498535156,19.987022399902344,24.367542266845703,,105.00675964355469,127.20999908447266
2016-07-20,184.92013549804688,20.614219665527344,15.965669631958008,22.913728713989258,63.118865966796875,49.48887634277344,42.357730865478516,36.716819763183594,18.860084533691406,19.99521255493164,24.33343505859375,,104.43279266357422,125.38999938964844
2016-07-21,184.22166442871094,20.506200790405273,15.88465690612793,22.687217712402344,63.30495071411133,48.98371124267578,42.23539352416992,36.617679595947266,18.973039627075195,19.87237548828125,24.404512405395508,,104.64421081542969,127.30000305175781
2016-07-22,185.04791259765625,20.627727508544922,15.985920906066895,22.757169723510742,63.43183898925781,49.07634353637695,42.43418884277344,36.77090835571289,19.224456787109375,19.92559814453125,24.589279174804688,,104.82550048828125,126.3499984741211
2016-07-25,184.54531860351562,20.60071563720703,15.952167510986328,22.304162979125977,63.36418151855469,48.81533432006836,42.38831329345703,36.82948684692383,19.191667556762695,19.892845153808594,24.553741455078125,,104.74996948242188,125.47000122070312
2016-07-26,184.63047790527344,20.645729064941406,15.965669631958008,22.434066772460938,63.25419616699219,49.219459533691406,42.059539794921875,36.784427642822266,19.0240478515625,20.044355392456055,24.41516876220703,,104.91614532470703,126.0
2016-07-27,184.4346160888672,20.81676483154297,15.958916664123535,22.214221954345703,63.54181671142578,49.02581787109375,41.43257522583008,36.67177200317383,18.8054256439209,20.068923950195312,24.23394203186035,,106.22267150878906,128.02999877929688
2016-07-28,184.6475830078125,20.830265045166016,15.992677688598633,22.217548370361328,63.48257064819336,49.00898361206055,41.616085052490234,36.73935317993164,18.878305435180664,20.040254592895508,24.383190155029297,,106.0263442993164,127.66000366210938
2016-07-29,184.9456787109375,20.906782150268555,15.965669631958008,22.444059371948242,63.609466552734375,48.865840911865234,41.822513580322266,36.7799186706543,18.991256713867188,19.937883377075195,24.644716262817383,,106.90991973876953,128.97999572753906
2016-08-01,184.79234313964844,20.947294235229492,15.925167083740234,21.704580307006836,64.01548767089844,48.80691146850586,41.86838912963867,36.8384895324707,19.002195358276367,19.82731819152832,24.72431182861328,,105.75080871582031,129.22000122070312
2016-08-02,183.6083526611328,20.789762496948242,15.790146827697754,21.90110969543457,63.77017593383789,48.35226821899414,41.807228088378906,36.288734436035156,18.878305435180664,19.774089813232422,24.347654342651367,,104.66133117675781,130.27000427246094
2016-08-03,184.1449432373047,20.861772537231445,15.952167510986328,22.324142456054688,63.59255599975586,48.5880126953125,41.57785415649414,36.392391204833984,18.765350341796875,19.823223114013672,24.162879943847656,,104.72183990478516,129.64999389648438
2016-08-04,184.3408966064453,20.974292755126953,15.91166877746582,22.290834426879883,63.49949645996094,48.6048469543457,41.66960525512695,36.374359130859375,18.754404067993164,19.905118942260742,24.120237350463867,,105.50867462158203,129.8699951171875
2016-08-05,185.8485870361328,21.176843643188477,16.21544647216797,22.494022369384766,63.651756286621094,49.093170166015625,41.738426208496094,36.75737762451172,18.48477554321289,19.970643997192383,24.120237350463867,,104.4115982055664,127.55000305175781
2016-08-08,185.73788452148438,21.172332763671875,16.23569679260254,22.793811798095703,63.11039352416992,49.16051483154297,41.69254684448242,36.635711669921875,18.477487564086914,20.011594772338867,24.113134384155273,,104.60833740234375,127.44000244140625
2016-08-09,185.8485870361328,21.217342376708984,16.249202728271484,22.67389678955078,63.262657165527344,49.14369201660156,41.822513580322266,36.52756881713867,18.473848342895508,19.950164794921875,24.27658462524414,,105.63732147216797,127.95999908447266
2016-08-10,185.38864135742188,21.14982795715332,16.120941162109375,22.427404403686523,63.05119323730469,49.1184196472168,41.97544479370117,36.60417556762695,18.477487564086914,19.954267501831055,24.226839065551758,,106.04590606689453,128.55999755859375
2016-08-11,186.2489471435547,21.226346969604492,16.154693603515625,22.757169723510742,63.414920806884766,49.43836212158203,41.97544479370117,36.969181060791016,18.521209716796875,20.040254592895508,23.999422073364258,,105.10013580322266,127.66999816894531
2016-08-12,186.0871124267578,21.20384407043457,16.107437133789062,22.883745193481445,63.25419616699219,49.30365753173828,42.120704650878906,36.95115661621094,18.546722412109375,19.82731819152832,24.077590942382812,,105.9853744506836,127.4000015258789
2016-08-15,186.62368774414062,21.307363510131836,16.21544647216797,23.066951751708984,63.36418151855469,49.63200759887695,42.01365280151367,37.02325439453125,18.262510299682617,20.027976989746094,24.049165725708008,,104.98661804199219,127.83999633789062
2016-08-16,185.66119384765625,21.14982795715332,16.174942016601562,23.103586196899414,62.79743576049805,49.41310119628906,41.83015441894531,36.811458587646484,18.047529220581055,19.921504974365234,23.757801055908203,,104.70669555664062,128.47000122070312
2016-08-17,186.01043701171875,21.14083480834961,16.228954315185547,23.173545837402344,62.924293518066406,49.55623245239258,41.944847106933594,36.7258415222168,18.317161560058594,19.905118942260742,23.857288360595703,,105.33467102050781,128.5
2016-08-18,186.42782592773438,21.14982795715332,16.21544647216797,23.649871826171875,62.949676513671875,49.70779037475586,42.090126037597656,36.703304290771484,18.543075561523438,20.032066345214844,23.807540893554688,,105.5011215209961,129.11000061035156
2016-08-19,186.15524291992188,21.163333892822266,16.208698272705078,23.453344345092773,62.89892578125,49.69095993041992,41.99073028564453,36.7258415222168,18.317161560058594,20.060733795166016,23.622764587402344,,104.9487533569336,127.97000122070312
2016-08-22,186.1467742919922,21.163333892822266,16.208698272705078,23.183534622192383,63.02583312988281,49.64885330200195,42.05191421508789,36.68977737426758,18.364530563354492,20.032066345214844,23.736474990844727,,105.83403778076172,127.77999877929688
2016-08-23,186.52157592773438,21.239849090576172,16.228954315185547,23.34674835205078,63.085044860839844,49.69095993041992,41.96778106689453,36.874549865722656,18.284372329711914,20.204059600830078,23.72225570678711,,105.94754028320312,127.76000213623047
2016-08-24,185.5675048828125,21.122825622558594,16.222196578979492,23.25348472595215,62.095359802246094,49.53939437866211,41.89897918701172,36.69879913330078,18.277084350585938,19.970643997192383,23.658300399780273,,105.69778442382812,126.33999633789062
2016-08-25,185.43966674804688,21.16783332824707,16.25595474243164,23.190196990966797,61.570919036865234,49.53097152709961,41.738426208496094,36.577125549316406,18.28801155090332,20.068923950195312,23.757801055908203,,105.29689025878906,126.2300033569336
2016-08-26,185.09054565429688,21.176843643188477,16.276206970214844,23.110246658325195,61.807743072509766,49.387840270996094,41.52434158325195,36.47349548339844,17.9090633392334,19.954267501831055,23.52327537536621,,104.68395233154297,126.05000305175781
2016-08-29,186.00189208984375,21.25785255432129,16.4179744720459,23.26680564880371,61.943084716796875,49.74144744873047,41.76900100708008,36.599674224853516,18.054811477661133,20.134437561035156,23.757801055908203,,106.0837173461914,126.30000305175781
2016-08-30,185.69528198242188,21.185836791992188,16.56649398803711,23.186866760253906,61.73160934448242,49.606754302978516,41.52434158325195,36.396881103515625,17.865337371826172,20.085298538208008,23.686729431152344,,105.67517852783203,125.02999877929688
2016-08-31,185.16717529296875,21.14982795715332,16.579992294311523,22.820453643798828,61.54555130004883,49.32891082763672,41.57785415649414,36.302249908447266,17.938213348388672,19.884653091430664,23.72225570678711,,105.82649230957031,124.77999877929688
2016-09-01,185.1757049560547,21.217342376708984,16.51249122619629,22.753843307495117,61.38482666015625,49.37101364135742,41.59314727783203,36.374359130859375,17.847124099731445,19.966548919677734,23.715150833129883,,105.94322204589844,125.29000091552734
2016-09-02,186.01043701171875,21.31186294555664,16.586742401123047,23.01032829284668,61.45248794555664,49.61517333984375,41.91426467895508,36.446468353271484,18.083959579467773,20.167200088500977,23.871498107910156,,105.07909393310547,126.56999969482422
2016-09-06,186.5726318359375,21.419883728027344,16.559743881225586,23.35674476623535,61.67241287231445,49.47203826904297,42.006011962890625,36.5140495300293,18.28072738647461,20.12215232849121,24.070497512817383,,105.84464263916016,128.7100067138672
2016-09-07,186.5556640625,21.473894119262695,16.552989959716797,23.489986419677734,61.67241287231445,49.53097152709961,41.6390266418457,36.53207778930664,18.284372329711914,20.09349250793457,24.190513610839844,,105.76883697509766,128.27000427246094
2016-09-08,186.12969970703125,21.298364639282227,16.539487838745117,23.929672241210938,61.723167419433594,49.48887634277344,41.40965270996094,36.216636657714844,18.346311569213867,20.00750160217285,23.883317947387695,,104.44237518310547,127.58999633789062
2016-09-09,181.67469787597656,20.77625274658203,16.228954315185547,23.21683692932129,60.48820877075195,48.091270446777344,40.28571701049805,35.34241485595703,17.657649993896484,19.426023483276367,22.975988388061523,,102.72176361083984,126.75
2016-09-12,184.28128051757812,21.122825622558594,16.411224365234375,23.446680068969727,61.38482666015625,48.70588302612305,41.042659759521484,35.83810043334961,17.971010208129883,19.610292434692383,23.068862915039062,,102.77479553222656,126.58999633789062
2016-09-13,181.6321258544922,20.96979522705078,16.120941162109375,22.777151107788086,60.56433868408203,47.990238189697266,40.53801345825195,35.328914642333984,17.72323226928711,19.2458553314209,22.661640167236328,,101.60751342773438,125.75
2016-09-14,181.5640106201172,21.068815231323242,16.080432891845703,22.50734519958496,60.56433868408203,47.9481315612793,40.41569137573242,35.333404541015625,17.792465209960938,19.20081329345703,22.70450782775879,,101.75914001464844,126.18000030517578
2016-09-15,183.37831115722656,21.415382385253906,16.174942016601562,22.787147521972656,61.19028854370117,48.32701873779297,40.74446105957031,35.590274810791016,17.927278518676758,19.32365608215332,22.875961303710938,,101.3195571899414,125.37000274658203
2016-09-16,182.66949462890625,21.336750030517578,16.02164649963379,22.603172302246094,61.231876373291016,47.922367095947266,40.61213302612305,35.51336669921875,18.102203369140625,19.24626922607422,22.797382354736328,,102.13812255859375,125.05999755859375
2016-09-19,182.70372009277344,21.296066284179688,16.123807907104492,22.589771270751953,61.0110969543457,48.134002685546875,40.52751922607422,35.48622512817383,18.282272338867188,19.275087356567383,23.03314208984375,,101.8045883178711,125.31999969482422
2016-09-20,182.71226501464844,21.282514572143555,16.132156372070312,22.42557144165039,61.197914123535156,48.17632293701172,40.63521957397461,35.51336669921875,18.249195098876953,19.217458724975586,22.990276336669922,,102.16082763671875,125.44000244140625
2016-09-21,184.76695251464844,21.52204132080078,16.232358932495117,22.944992065429688,61.80928039550781,48.80276107788086,40.85832214355469,35.85715103149414,18.6203556060791,19.509695053100586,23.254613876342773,,102.9870834350586,127.2699966430664
2016-09-22,185.93128967285156,21.653108596801758,16.265762329101562,22.97179412841797,62.276309967041016,49.149845123291016,41.219913482666016,36.119510650634766,18.73427391052246,19.571439743041992,23.71184730529785,,103.8056869506836,127.56999969482422
2016-09-23,184.91250610351562,21.463294982910156,16.1822566986084,22.666841506958008,62.08101272583008,48.86201477050781,41.0352783203125,36.038082122802734,18.719579696655273,19.472658157348633,23.804723739624023,,103.70716857910156,127.6500015258789
2016-09-26,183.41429138183594,21.336750030517578,15.923405647277832,22.566307067871094,61.3592643737793,48.65038299560547,40.6890754699707,35.64002227783203,18.67180061340332,19.382110595703125,23.8547306060791,,104.36666870117188,127.55000305175781
2016-09-27,184.5529022216797,21.57176399230957,16.048660278320312,22.415510177612305,61.79231643676758,48.98899459838867,40.85832214355469,36.00189971923828,18.42926597595215,19.43972396850586,23.647554397583008,,105.13214874267578,126.62000274658203
2016-09-28,185.4689483642578,21.61243438720703,16.123807907104492,23.383983612060547,61.698909759521484,49.36994934082031,40.92755889892578,36.101409912109375,18.403541564941406,19.661989212036133,23.81186866760254,,104.90473937988281,126.22000122070312
2016-09-29,183.79098510742188,21.481374740600586,15.898359298706055,23.343767166137695,60.61199188232422,48.98052215576172,40.52751922607422,35.915950775146484,18.1279296875,19.509695053100586,23.51894760131836,,105.1700668334961,126.06999969482422
2016-09-30,185.1779022216797,21.5943660736084,16.115461349487305,23.66212272644043,61.231876373291016,49.42073440551758,40.93525314331055,36.205440521240234,18.00298309326172,19.653757095336914,23.411787033081055,,104.23018646240234,125.63999938964844
2016-10-03,184.73275756835938,21.53108787536621,16.040306091308594,23.645366668701172,61.18095397949219,49.46305847167969,40.673683166503906,36.18283462524414,17.749418258666992,19.629060745239258,22.96169662475586,,103.88617706298828,125.31999969482422
2016-10-04,183.79098510742188,21.454254150390625,16.10710334777832,23.404083251953125,61.062068939208984,49.04825210571289,40.32749557495117,36.056175231933594,17.378267288208008,19.36152458190918,22.611629486083984,,102.67121887207031,120.97000122070312
2016-10-05,184.60433959960938,21.53108787536621,16.36595344543457,23.76266098022461,61.299827575683594,49.361473083496094,40.289024353027344,36.205440521240234,17.34151268005371,19.493240356445312,22.190114974975586,,102.19284057617188,120.77999877929688
2016-10-06,184.73275756835938,21.58080291748047,16.391008377075195,23.799518585205078,61.070533752441406,49.361473083496094,40.36595153808594,36.23259735107422,17.337833404541016,19.653757095336914,22.232990264892578,,101.623291015625,119.66000366210938
2016-10-07,184.09915161132812,21.52204132080078,16.38266372680664,23.66212272644043,61.02809524536133,48.72657775878906,40.258262634277344,36.06974411010742,17.315793991088867,19.287437438964844,22.175827026367188,,101.69165802001953,119.73999786376953
2016-10-10,185.05801391601562,21.671199798583984,16.466156005859375,24.03409194946289,61.308292388916016,48.777374267578125,40.258262634277344,36.12854766845703,17.459108352661133,19.402685165405273,22.261564254760742,,101.091796875,120.16000366210938
2016-10-11,182.72084045410156,21.427135467529297,16.315860748291016,23.75930404663086,59.77135467529297,48.26944351196289,40.0505485534668,35.68978500366211,17.260671615600586,19.139263153076172,22.090099334716797,,100.864013671875,119.55000305175781
2016-10-12,182.96058654785156,21.463294982910156,16.299156188964844,23.658769607543945,59.49113845825195,48.36256408691406,40.27364730834961,35.85715103149414,17.429712295532227,19.102218627929688,22.404447555541992,,100.96269226074219,119.73999786376953
2016-10-13,182.36126708984375,21.327709197998047,16.1405086517334,23.5280818939209,59.51658630371094,48.34563446044922,40.281341552734375,35.72597122192383,17.64652442932129,19.003427505493164,22.47589111328125,,101.34239959716797,120.02999877929688
2016-10-14,182.4554443359375,21.409061431884766,16.215660095214844,23.39068603515625,59.117523193359375,48.44721603393555,40.289024353027344,35.68525314331055,17.54730796813965,19.065174102783203,22.447311401367188,,99.92239379882812,119.36000061035156
2016-10-17,181.82192993164062,21.363861083984375,16.1405086517334,23.276744842529297,58.922210693359375,48.32024002075195,40.096683502197266,35.39122772216797,17.642845153808594,19.081642150878906,22.468748092651367,,100.56019592285156,119.68000030517578
2016-10-18,182.96058654785156,21.481374740600586,16.274106979370117,23.370573043823242,59.62698745727539,48.421817779541016,40.21978759765625,35.62644577026367,17.79352378845215,19.254507064819336,22.58305549621582,,100.88674926757812,120.41999816894531
2016-10-19,183.4485626220703,21.52204132080078,16.416057586669922,23.70233154296875,59.406192779541016,48.57419967651367,39.98898696899414,35.78477478027344,17.753095626831055,19.394451141357422,22.668779373168945,,100.97027587890625,121.11000061035156
2016-10-20,183.10609436035156,21.42262077331543,16.416057586669922,23.675521850585938,59.68644714355469,48.3117790222168,39.9659309387207,35.7169303894043,17.742069244384766,19.377988815307617,22.590190887451172,,101.07659912109375,120.73999786376953
2016-10-21,183.191650390625,21.481374740600586,16.407699584960938,23.521373748779297,59.193939208984375,48.244056701660156,40.181331634521484,36.00189971923828,17.639171600341797,19.36975860595703,22.575912475585938,,101.22847747802734,120.83000183105469
2016-10-24,183.97084045410156,21.689268112182617,16.457805633544922,23.451005935668945,59.08354187011719,48.337162017822266,40.442893981933594,36.25971984863281,17.705326080322266,19.415027618408203,22.604488372802734,,100.78801727294922,120.55999755859375
2016-10-25,183.35435485839844,21.61243438720703,16.44110679626465,23.343767166137695,58.91371154785156,48.210174560546875,40.58906555175781,35.83453369140625,17.815563201904297,19.23804473876953,22.575912475585938,,101.05392456054688,121.47000122070312
2016-10-26,182.9862518310547,21.490413665771484,16.541303634643555,23.397380828857422,58.557071685791016,48.37950897216797,40.53520584106445,35.68073654174805,17.85965919494629,19.20923614501953,22.282995223999023,,100.37039184570312,120.79000091552734
2016-10-27,182.498291015625,21.463294982910156,16.583057403564453,23.31024932861328,58.82878494262695,48.04933547973633,40.35057830810547,35.382198333740234,17.753095626831055,19.18454360961914,21.754314422607422,,99.27693939208984,121.01000213623047
2016-10-28,181.9589080810547,21.440692901611328,16.50790786743164,23.246585845947266,57.55508804321289,48.337162017822266,40.51981735229492,35.3007698059082,17.80821990966797,19.233932495117188,21.81147003173828,,99.05670166015625,121.58000183105469
2016-10-31,181.9674530029297,21.431655883789062,16.48284912109375,22.99525260925293,57.19844055175781,48.43027877807617,40.61983108520508,35.327911376953125,18.164674758911133,19.24216079711914,22.111530303955078,,99.66423797607422,121.94000244140625
2016-11-01,180.64901733398438,21.246355056762695,16.416057586669922,22.998605728149414,56.89274978637695,48.01548385620117,40.442893981933594,35.079132080078125,17.833938598632812,19.131027221679688,21.675729751586914,,99.67179870605469,122.7300033569336
2016-11-02,179.56178283691406,21.110769271850586,16.307510375976562,22.74391746520996,56.59555435180664,47.837703704833984,40.3428840637207,34.866512298583984,17.60978126525879,19.02812957763672,21.339946746826172,,100.10552978515625,123.63999938964844
2016-11-03,178.73985290527344,20.907386779785156,16.32419776916504,22.83440399169922,56.06057357788086,47.76152801513672,40.065921783447266,34.77605056762695,17.675922393798828,19.032245635986328,21.247066497802734,,99.33704376220703,124.30000305175781
2016-11-04,178.54302978515625,20.871234893798828,16.274106979370117,22.710403442382812,56.45118713378906,47.8038444519043,39.704349517822266,34.70819854736328,17.62080192565918,19.098102569580078,21.38996124267578,,100.22721099853516,124.38999938964844
2016-11-07,182.48114013671875,21.323190689086914,16.68325424194336,23.199670791625977,57.89474105834961,48.98052215576172,40.3736572265625,35.508846282958984,17.92948341369629,19.39033317565918,21.78289222717285,,99.37509155273438,122.1500015258789
2016-11-08,183.30300903320312,21.427135467529297,16.691606521606445,23.229833602905273,58.05608367919922,49.27682876586914,40.542903900146484,35.653594970703125,18.069129943847656,19.452070236206055,21.91863441467285,,98.97187042236328,121.63999938964844
2016-11-09,185.2464141845703,21.400014877319336,17.401357650756836,23.608503341674805,60.10251235961914,50.512752532958984,39.98898696899414,35.72597122192383,17.40398597717285,19.863670349121094,21.42568016052246,,94.77228546142578,121.55999755859375
2016-11-10,185.70872497558594,21.056533813476562,18.044300079345703,23.709033966064453,60.764869689941406,51.587860107421875,38.919654846191406,35.85715103149414,16.985057830810547,20.09416961669922,21.104188919067383,,93.3724365234375,119.75
2016-11-11,185.28062438964844,21.11980438232422,18.094404220581055,23.276744842529297,59.85627365112305,51.680992126464844,38.88118362426758,36.06069564819336,16.91523551940918,19.818397521972656,21.125619888305664,,92.84749603271484,117.0999984741211
2016-11-14,185.42617797851562,20.798917770385742,18.536949157714844,23.407442092895508,59.669456481933594,51.90107345581055,38.811954498291016,36.06523132324219,16.90420150756836,19.863670349121094,21.539989471435547,,92.29208374023438,116.11000061035156
2016-11-15,186.873046875,21.092681884765625,18.520246505737305,24.067602157592773,59.83928680419922,52.095787048339844,39.0504264831543,36.205440521240234,17.176149368286133,19.94599151611328,21.397104263305664,,92.74859619140625,117.12000274658203
2016-11-16,186.5220184326172,21.287031173706055,18.253053665161133,23.900049209594727,59.58453369140625,51.799503326416016,39.05812454223633,36.40448760986328,17.05854606628418,19.908950805664062,21.382810592651367,,93.58543395996094,116.7699966430664
2016-11-17,187.48086547851562,21.42262077331543,18.503551483154297,23.739198684692383,59.82230758666992,51.909549713134766,38.988887786865234,36.843257904052734,17.06222915649414,19.917179107666016,21.182777404785156,,92.20836639404297,116.16999816894531
2016-11-18,187.06138610839844,21.404537200927734,18.503551483154297,23.836380004882812,59.185428619384766,51.89262390136719,38.85041427612305,36.73017501831055,17.010784149169922,19.888368606567383,21.225645065307617,,91.9421157836914,115.1500015258789
2016-11-21,188.4739227294922,21.62148094177246,18.570348739624023,24.4027099609375,59.397735595703125,52.171974182128906,39.11197280883789,36.969913482666016,17.190841674804688,20.122976303100586,21.168489456176758,,92.17041015625,115.58000183105469
2016-11-22,188.842041015625,21.689268112182617,18.578697204589844,24.38931655883789,58.540096282958984,52.40900802612305,39.3120002746582,37.40867233276367,17.256996154785156,20.2464542388916,21.532848358154297,,92.13990783691406,115.54000091552734
2016-11-23,188.94482421875,21.603395462036133,18.687246322631836,24.48984146118164,58.76936721801758,52.79841613769531,39.09658432006836,37.44486999511719,17.08427619934082,20.337005615234375,21.382810592651367,,91.78237915039062,113.25
2016-11-25,189.6468048095703,21.69379425048828,18.71230125427246,24.369203567504883,58.99864196777344,53.086238861083984,39.40431213378906,37.53533935546875,17.330488204956055,20.39875030517578,21.475688934326172,,91.91932678222656,112.61000061035156
2016-11-28,188.7564697265625,21.711868286132812,18.495195388793945,24.030744552612305,58.557071685791016,52.72221755981445,39.48894119262695,37.236793518066406,17.664897918701172,20.316421508789062,21.554277420043945,,92.596435546875,113.80000305175781
2016-11-29,189.1245880126953,21.725427627563477,18.54529571533203,23.73584747314453,58.93917465209961,52.764549255371094,39.54278564453125,37.336307525634766,17.738399505615234,20.337005615234375,21.70430564880371,,92.98441314697266,113.2699966430664
2016-11-30,188.67091369628906,21.467811584472656,18.795801162719727,24.942245483398438,58.378746032714844,52.8322639465332,38.911956787109375,37.02419662475586,17.179821014404297,20.555152893066406,21.439970016479492,,91.47807312011719,111.75
2016-12-01,187.9774169921875,21.024900436401367,19.121450424194336,25.002561569213867,57.95418930053711,53.17936325073242,38.658084869384766,37.04227828979492,17.04385757446289,20.563385009765625,21.1113338470459,,90.5121841430664,111.54000091552734
2016-12-02,188.07159423828125,21.101728439331055,18.91270637512207,25.076290130615234,58.09004211425781,53.17087936401367,38.904266357421875,36.83872604370117,17.198196411132812,20.571619033813477,21.311370849609375,,91.17540740966797,112.13999938964844
2016-12-05,189.20162963867188,21.30510711669922,19.13814926147461,25.297454833984375,57.988155364990234,53.128562927246094,38.950416564941406,37.2413215637207,17.22024154663086,20.73213768005371,21.48284149169922,,91.07632446289062,111.54000091552734
2016-12-06,189.80088806152344,21.36838150024414,19.305143356323242,25.25054359436035,58.149497985839844,53.23014831542969,39.065818786621094,37.327247619628906,17.187170028686523,20.7568359375,21.575706481933594,,91.00767517089844,111.43000030517578
2016-12-07,192.2836456298828,21.775150299072266,19.605758666992188,25.451610565185547,57.648494720458984,54.22059631347656,39.62741470336914,38.0510139465332,17.411334991455078,21.05318832397461,22.02579689025879,,91.7852783203125,111.83000183105469
2016-12-08,192.7545166015625,21.82938003540039,19.789445877075195,25.589004516601562,57.758880615234375,53.91583251953125,39.46586608886719,38.0510139465332,17.440732955932617,21.193130493164062,22.140108108520508,,90.70276641845703,111.56999969482422
2016-12-09,193.9188690185547,21.98756217956543,19.831195831298828,25.6694278717041,58.463661193847656,54.16133499145508,40.035160064697266,38.1369514465332,17.624475479125977,21.197246551513672,22.125822067260742,,89.57449340820312,110.4000015258789
2016-12-12,193.6962127685547,21.919771194458008,19.639148712158203,25.79007339477539,58.74386978149414,53.96662902832031,40.19671630859375,37.8203125,17.80821990966797,21.102577209472656,22.354440689086914,,89.74224853515625,110.81999969482422
2016-12-13,194.9889678955078,22.195457458496094,19.689250946044922,26.081619262695312,59.21941375732422,53.89044189453125,40.3813591003418,38.159584045410156,17.991958618164062,21.069650650024414,22.411592483520508,,90.06240844726562,110.44999694824219
2016-12-14,193.37950134277344,22.118629455566406,19.59739875793457,25.55884552001953,58.91371154785156,53.348655700683594,39.942848205566406,37.90174102783203,17.62080192565918,20.81858253479004,22.018653869628906,,89.05611419677734,108.83000183105469
2016-12-15,194.17567443847656,22.218059539794922,19.764400482177734,25.615819931030273,59.29583740234375,53.40791702270508,40.112083435058594,37.81125259399414,17.745750427246094,20.954402923583984,21.84004783630371,,89.50588989257812,107.33999633789062
2016-12-16,193.79592895507812,22.057357788085938,19.594125747680664,25.77482032775879,59.34273910522461,53.30059051513672,40.34149932861328,37.62562561035156,17.962059020996094,20.889768600463867,22.146345138549805,,89.30003356933594,108.05000305175781
2016-12-19,194.21788024902344,22.21624183654785,19.602508544921875,25.656911849975586,59.09540939331055,53.59871292114258,40.41899871826172,37.72572708129883,18.028850555419922,20.84834098815918,22.342769622802734,,90.26058959960938,108.58999633789062
2016-12-20,194.96707153320312,22.297954559326172,19.845760345458984,25.599639892578125,59.05274963378906,53.90531921386719,40.34149932861328,38.026031494140625,18.051115036010742,20.864912033081055,22.357328414916992,,89.8108139038086,107.79000091552734
2016-12-21,194.42454528808594,22.25255584716797,19.795433044433594,25.640071868896484,58.72013473510742,53.70089340209961,40.3337516784668,38.00783920288086,17.976903915405273,20.873201370239258,22.07358741760254,,90.20724487304688,107.8499984741211
2016-12-22,194.08872985839844,22.20716094970703,19.745107650756836,25.744503021240234,58.79690933227539,53.59871292114258,40.2717399597168,37.59830856323242,18.039974212646484,20.786190032958984,22.044485092163086,,90.04594421386719,107.58999633789062
2016-12-23,194.3728790283203,22.229860305786133,19.77865219116211,25.72092628479004,59.24039077758789,53.64979553222656,40.34925079345703,37.51641082763672,18.036270141601562,20.827621459960938,22.066316604614258,,90.22940063476562,107.93000030517578
2016-12-27,194.8551483154297,22.320648193359375,19.803821563720703,25.778186798095703,59.359798431396484,53.76053237915039,40.34149932861328,37.66200637817383,18.051115036010742,20.939489364624023,22.124515533447266,,89.93898010253906,108.55999755859375
2016-12-28,193.2447967529297,22.120912551879883,19.602508544921875,25.498579025268555,58.90778350830078,53.19839859008789,40.093482971191406,37.402652740478516,17.880434036254883,20.728187561035156,21.957176208496094,,90.59626770019531,108.86000061035156
2016-12-29,193.2017059326172,22.125450134277344,19.459917068481445,25.448047637939453,59.0101203918457,53.18136215209961,40.27949523925781,37.352596282958984,18.12160873413086,20.728187561035156,22.160892486572266,,90.91728973388672,110.29000091552734
2016-12-30,192.4955596923828,21.95294761657715,19.501863479614258,25.37394142150879,58.79690933227539,52.99397277832031,40.07798385620117,37.03864288330078,18.021427154541016,20.591461181640625,22.37187957763672,,91.05490112304688,109.61000061035156
2017-01-03,193.96820068359375,22.148151397705078,19.719940185546875,25.660276412963867,59.564476013183594,53.309104919433594,40.225242614746094,37.257076263427734,17.976903915405273,20.71161651611328,22.44463539123535,,91.44471740722656,110.47000122070312
2017-01-04,195.12208557128906,22.22532844543457,19.879314422607422,25.60637855529785,60.0335693359375,53.62424850463867,40.225242614746094,37.75302505493164,18.04368782043457,21.014070510864258,22.728376388549805,,91.79631805419922,110.86000061035156
2017-01-05,194.96707153320312,22.26163673400879,19.67799949645996,25.542369842529297,60.340606689453125,53.47093963623047,40.35700225830078,37.72572708129883,18.062236785888672,20.951921463012695,22.844783782958984,,93.23320770263672,112.58000183105469
2017-01-06,195.66465759277344,22.425052642822266,19.745107650756836,25.565956115722656,60.51116943359375,53.777557373046875,40.39574432373047,37.912288665771484,18.11789894104004,20.972631454467773,22.844783782958984,,92.3771743774414,111.75
2017-01-09,195.01873779296875,22.42051887512207,19.610897064208984,25.195383071899414,60.76702117919922,53.36021423339844,40.07023239135742,37.880428314208984,17.880434036254883,20.968488693237305,22.699275970458984,,93.11858367919922,112.66999816894531
2017-01-10,195.01873779296875,22.425052642822266,19.652833938598633,24.9663028717041,60.980262756347656,53.581661224365234,39.86871337890625,38.01693344116211,17.82477569580078,20.98092269897461,22.415531158447266,,93.05741882324219,113.1500015258789
2017-01-11,195.56991577148438,22.529464721679688,19.77865219116211,25.235811233520508,60.366180419921875,53.862728118896484,39.946231842041016,38.09884262084961,18.01029396057129,21.150785446166992,22.29184913635254,,93.37083435058594,113.5
2017-01-12,195.0791015625,22.474994659423828,19.610897064208984,25.131378173828125,60.42588806152344,53.64128875732422,39.907470703125,38.06244659423828,18.02513885498047,21.10935401916504,22.37915802001953,,93.16446685791016,113.91000366210938
2017-01-13,195.52685546875,22.54308319091797,19.719940185546875,25.057262420654297,60.48556137084961,53.845699310302734,39.93072509765625,38.2035026550293,17.999162673950195,21.076215744018555,22.328227996826172,,92.72113800048828,114.20999908447266
2017-01-17,194.837890625,22.456838607788086,19.250221252441406,25.212236404418945,60.17854309082031,53.428348541259766,40.49650573730469,38.26719284057617,18.195816040039062,20.98092269897461,22.51011085510254,,93.69184875488281,115.8499984741211
2017-01-18,195.2685089111328,22.515850067138672,19.409589767456055,25.154951095581055,60.1017951965332,53.63276672363281,40.63602066040039,38.198944091796875,18.173555374145508,21.113494873046875,22.5610408782959,,92.49185180664062,114.87000274658203
2017-01-19,194.54513549804688,22.484067916870117,19.32571029663086,25.016843795776367,59.71800231933594,54.024559020996094,40.48876190185547,38.08063888549805,18.014007568359375,20.98092269897461,22.342769622802734,,91.85745239257812,114.7699966430664
2017-01-20,195.25990295410156,22.60663414001465,19.417972564697266,25.11116600036621,59.564476013183594,54.0330696105957,40.75227355957031,38.189842224121094,18.04739761352539,21.167360305786133,22.48100471496582,,91.67398071289062,115.05000305175781
2017-01-23,194.75180053710938,22.647493362426758,19.292158126831055,24.845027923583984,59.31715774536133,53.7349739074707,40.736778259277344,38.21714401245117,17.954639434814453,21.208797454833984,22.619237899780273,,92.59114837646484,115.79000091552734
2017-01-24,196.00047302246094,22.788219451904297,19.5354061126709,25.117900848388672,58.90778350830078,54.27155685424805,41.008056640625,38.53110885620117,17.950937271118164,21.755693435668945,22.626516342163086,,91.95681762695312,115.2699966430664
2017-01-25,197.69699096679688,23.0061092376709,19.862533569335938,25.24928092956543,59.462135314941406,54.84221649169922,41.00029373168945,38.767723083496094,17.950937271118164,21.90070343017578,22.4882869720459,,90.80265808105469,114.31999969482422
2017-01-26,197.49024963378906,22.94256019592285,19.912860870361328,25.269506454467773,59.0015754699707,54.969966888427734,40.82204055786133,38.82687759399414,17.95835304260254,21.958702087402344,22.47372817993164,,91.10836791992188,113.26000213623047
2017-01-27,197.18028259277344,23.03335189819336,19.837373733520508,25.006731033325195,59.487728118896484,54.9273796081543,40.597267150878906,38.704010009765625,17.954639434814453,21.879987716674805,22.284570693969727,,91.43710327148438,113.48999786376953
2017-01-30,195.95745849609375,22.847230911254883,19.67799949645996,24.548572540283203,59.19773483276367,54.45893859863281,40.566261291503906,38.65852355957031,17.969482421875,21.656246185302734,22.160892486572266,,91.1618881225586,113.97000122070312
2017-01-31,195.94020080566406,22.733739852905273,19.55218505859375,24.558671951293945,60.144432067871094,53.98198699951172,40.76002883911133,38.599365234375,18.247760772705078,21.527812957763672,22.342769622802734,,91.79631805419922,115.55000305175781
2017-02-01,196.0177459716797,22.9062442779541,19.577346801757812,24.376758575439453,60.66469192504883,53.88827896118164,40.44225311279297,38.52655792236328,17.9323787689209,21.635541915893555,22.095413208007812,,91.22869873046875,115.19999694824219
2017-02-02,196.14688110351562,22.86084747314453,19.501863479614258,24.51487922668457,60.64761734008789,53.786075592041016,40.81427764892578,38.49470901489258,18.12160873413086,21.540245056152344,22.357328414916992,,91.1904296875,115.83999633789062
2017-02-03,197.49891662597656,23.010652542114258,19.896087646484375,24.727127075195312,60.91204833984375,54.186370849609375,41.07780456542969,38.44466018676758,18.143871307373047,21.577537536621094,22.50284194946289,,91.15206909179688,116.12999725341797
2017-02-06,197.1458282470703,23.02427101135254,19.803821563720703,24.51824951171875,60.980262756347656,54.263038635253906,40.85302734375,38.33090591430664,18.106767654418945,21.519529342651367,22.364606857299805,,91.70358276367188,117.69999694824219
2017-02-07,197.15440368652344,23.115060806274414,19.75348663330078,24.171262741088867,61.039939880371094,54.356727600097656,41.186317443847656,38.294498443603516,18.151290893554688,21.34966468811035,22.320951461791992,,92.37767791748047,117.45999908447266
2017-02-08,197.4127655029297,23.155912399291992,19.61928939819336,24.22852897644043,60.94615173339844,54.28007507324219,41.3568229675293,38.53110885620117,18.329395294189453,21.399381637573242,22.51011085510254,,93.63390350341797,118.19000244140625
2017-02-09,198.58396911621094,23.228548049926758,19.8877010345459,24.50141716003418,61.16787338256836,54.697425842285156,41.52734375,38.77227020263672,18.173555374145508,21.391096115112305,22.604692459106445,,92.5538330078125,117.29000091552734
2017-02-10,199.3676300048828,23.296642303466797,19.946413040161133,24.686691284179688,61.28728103637695,55.13180160522461,41.558326721191406,39.00889205932617,18.2885799407959,21.585817337036133,22.757478713989258,,92.50022888183594,117.5999984741211
2017-02-13,200.45269775390625,23.401044845581055,20.17289161682129,24.733861923217773,61.66255187988281,55.68540954589844,41.558326721191406,39.05438995361328,18.37763214111328,21.763973236083984,22.866605758666992,,92.20919799804688,116.80000305175781
2017-02-14,201.25355529785156,23.478225708007812,20.407743453979492,24.81471061706543,62.148681640625,55.710968017578125,41.56608200073242,39.277339935302734,18.244050979614258,21.75983428955078,22.750205993652344,,91.5427474975586,116.93000030517578
2017-02-15,202.30419921875,23.555389404296875,20.567119598388672,24.717016220092773,62.82246017456055,56.009063720703125,41.94585418701172,39.48210144042969,18.199527740478516,21.7308292388916,22.684720993041992,,91.1214828491211,117.44999694824219
2017-02-16,202.13201904296875,23.609853744506836,20.51679039001465,24.3801326751709,62.73716735839844,56.02610397338867,42.00010681152344,39.28189468383789,18.38133430480957,21.7308292388916,22.779308319091797,,91.61934661865234,118.08000183105469
2017-02-17,202.45057678222656,23.691570281982422,20.525178909301758,24.245384216308594,62.82246017456055,56.11980438232422,42.209381103515625,39.409305572509766,18.39246940612793,21.668684005737305,22.844783782958984,,92.16320037841797,117.68000030517578
2017-02-21,203.65625,23.814136505126953,20.62583351135254,24.410449981689453,63.103885650634766,56.40084457397461,42.58914566040039,39.63680648803711,18.585405349731445,21.739118576049805,23.15762710571289,,92.00232696533203,117.75
2017-02-22,203.47535705566406,23.841379165649414,20.642610549926758,24.039886474609375,63.01008987426758,56.2475471496582,42.596900939941406,39.63680648803711,18.663328170776367,21.797119140625,23.0703182220459,,92.15550994873047,117.91000366210938
2017-02-23,203.61314392089844,23.83683967590332,20.642610549926758,24.140945434570312,63.47063446044922,55.88131332397461,42.697654724121094,39.368350982666016,18.856271743774414,21.676973342895508,23.223102569580078,,92.43128204345703,118.94000244140625
2017-02-24,203.87149047851562,23.891315460205078,20.483245849609375,23.915237426757812,63.777671813964844,56.11980438232422,42.84492111206055,39.55035400390625,19.141965866088867,21.72254180908203,23.33951187133789,,93.45770263671875,119.69999694824219
2017-02-27,204.190185546875,23.877685546875,20.592283248901367,24.1207332611084,64.08470153808594,56.32419967651367,42.651161193847656,39.59584426879883,19.03436851501465,21.668684005737305,23.455917358398438,,92.90614318847656,119.12000274658203
2017-02-28,203.63894653320312,23.764205932617188,20.58389663696289,24.046621322631836,63.95675277709961,56.09424591064453,42.70541000366211,39.30010986328125,19.208757400512695,21.647972106933594,23.383163452148438,,93.25090026855469,119.2300033569336
2017-03-01,206.48944091796875,24.100128173828125,21.171052932739258,24.528356552124023,64.59644317626953,57.03963851928711,42.90692901611328,39.74146270751953,19.038076400756836,22.070571899414062,23.3249568939209,,91.68833923339844,119.05999755859375
2017-03-02,205.18910217285156,23.941247940063477,20.84391975402832,24.295915603637695,64.39171600341797,56.42641830444336,42.899169921875,39.64589309692383,19.175363540649414,21.834413528442383,23.25220489501953,,91.35838317871094,117.58000183105469
2017-03-03,205.31825256347656,23.995729446411133,20.944576263427734,24.252113342285156,64.64759826660156,56.486026763916016,42.736427307128906,39.58675003051758,19.115995407104492,21.817832946777344,23.17945098876953,,91.59619140625,117.51000213623047
2017-03-06,204.70681762695312,23.959396362304688,20.78520965576172,24.30602264404297,64.4002685546875,56.34974670410156,42.5504035949707,39.4593505859375,19.078895568847656,21.676973342895508,23.084871292114258,,91.15876007080078,116.72000122070312
2017-03-07,204.09542846679688,23.959396362304688,20.726486206054688,24.090415954589844,63.9482536315918,56.18793487548828,42.496150970458984,39.331939697265625,19.067758560180664,21.55681610107422,23.004833221435547,,90.88251495361328,115.77999877929688
2017-03-08,203.7164764404297,23.98664093017578,20.73487091064453,23.463815689086914,64.20411682128906,55.99202346801758,42.40313720703125,39.495750427246094,18.793195724487305,21.55681610107422,22.66289520263672,,90.39134979248047,115.05999755859375
2017-03-09,203.97483825683594,23.982099533081055,20.810367584228516,23.61878776550293,64.55377960205078,55.73651123046875,42.47290802001953,39.4593505859375,18.75237464904785,21.490522384643555,22.37187957763672,,89.66990661621094,114.47000122070312
2017-03-10,204.6896209716797,24.109210968017578,20.793590545654297,23.585094451904297,64.80109405517578,56.07719421386719,42.66666030883789,39.518497467041016,18.90821075439453,21.5899658203125,22.35004997253418,,89.9845962524414,114.72000122070312
2017-03-13,204.79293823242188,24.13190269470215,20.84391975402832,23.588457107543945,64.74992370605469,56.043148040771484,42.697654724121094,39.623172760009766,18.9638671875,21.6521053314209,22.37915802001953,,89.4166488647461,114.73999786376953
2017-03-14,204.00926208496094,24.07742691040039,20.78520965576172,23.322322845458984,64.51113891601562,55.51506042480469,42.57365417480469,39.614044189453125,18.94532012939453,21.465669631958008,22.35004997253418,,89.84644317626953,114.12000274658203
2017-03-15,205.77467346191406,24.24085807800293,20.751651763916016,23.84111785888672,65.32134246826172,56.14533996582031,42.891422271728516,39.823360443115234,19.24957275390625,21.809555053710938,22.779308319091797,,90.94390106201172,116.25
2017-03-16,205.3699188232422,24.254472732543945,20.78520965576172,23.672685623168945,64.69024658203125,55.88981628417969,42.953426361083984,39.818809509277344,19.038076400756836,21.66039276123047,22.728376388549805,,90.48345184326172,116.7300033569336
2017-03-17,205.00926208496094,24.306880950927734,20.581485748291016,23.655399322509766,64.33416748046875,56.195274353027344,42.8365592956543,39.869483947753906,19.152849197387695,21.753494262695312,22.77083969116211,,91.05135345458984,116.98999786376953
2017-03-20,204.78439331054688,24.329654693603516,20.413131713867188,23.621509552001953,64.23997497558594,56.09260177612305,42.92225646972656,39.77363967895508,19.025745391845703,21.874021530151367,22.79279899597168,,91.44277954101562,117.51000213623047
2017-03-21,202.15505981445312,23.974214553833008,19.840736389160156,23.455440521240234,63.7349853515625,55.23700714111328,42.88330841064453,39.2716064453125,19.294919967651367,21.508275985717773,22.756200790405273,,92.20255279541016,118.54000091552734
2017-03-22,202.63075256347656,24.124595642089844,19.798641204833984,23.42155647277832,63.75211715698242,55.43379592895508,42.797603607177734,39.3172607421875,19.388381958007812,21.57062339782715,22.807451248168945,,92.57091522216797,118.83000183105469
2017-03-23,202.41456604003906,24.060800552368164,19.840736389160156,23.32666015625,63.55525207519531,55.35678482055664,42.7041130065918,39.40852355957031,19.328569412231445,21.662059783935547,22.97585105895996,,92.44048309326172,118.66999816894531
2017-03-24,202.2675018310547,24.079029083251953,19.815475463867188,23.235153198242188,63.58945846557617,55.21134567260742,42.618408203125,39.50436019897461,19.399600982666016,21.470876693725586,22.953886032104492,,92.77044677734375,118.86000061035156
2017-03-27,202.05992126464844,24.079029083251953,19.739713668823242,23.126707077026367,63.760650634765625,55.014556884765625,42.5794563293457,39.49068069458008,19.3248233795166,21.51659393310547,22.77083969116211,,93.19256591796875,119.52999877929688
2017-03-28,203.53028869628906,24.252193450927734,20.009090423583984,23.455440521240234,63.80345153808594,55.59637451171875,42.65736389160156,39.791900634765625,19.30987548828125,21.76596450805664,22.902631759643555,,92.57091522216797,119.04000091552734
2017-03-29,203.72055053710938,24.29320526123047,19.8828182220459,23.77740478515625,63.82058334350586,55.58780288696289,42.73527526855469,40.029232025146484,19.257532119750977,21.782590866088867,22.98317527770996,,93.12349700927734,119.33000183105469
2017-03-30,204.36923217773438,24.33877944946289,20.143766403198242,23.770620346069336,63.82912826538086,55.89580154418945,42.649574279785156,40.13418960571289,19.10799217224121,21.786745071411133,23.0344295501709,,92.37139892578125,118.47000122070312
2017-03-31,203.89352416992188,24.29320526123047,19.975414276123047,23.689287185668945,63.64937210083008,55.664798736572266,42.52490234375,40.138729095458984,19.182758331298828,21.782590866088867,23.136934280395508,,92.63998413085938,118.72000122070312
2017-04-03,203.53892517089844,24.270418167114258,19.933319091796875,23.648622512817383,63.700748443603516,55.545021057128906,42.45478439331055,39.9790153503418,19.17902183532715,21.699466705322266,23.166223526000977,,93.57442474365234,119.3499984741211
2017-04-04,203.6686553955078,24.28864860534668,19.908071517944336,23.821455001831055,63.66651916503906,55.69047164916992,42.5794563293457,39.91511154174805,19.238845825195312,21.778432846069336,23.100324630737305,,93.06682586669922,119.62000274658203
2017-04-05,203.063232421875,24.188392639160156,19.756547927856445,23.746898651123047,63.46961212158203,55.510807037353516,42.50154113769531,39.819278717041016,19.34725570678711,21.76180648803711,23.136934280395508,,93.35139465332031,119.62000274658203
2017-04-06,203.63409423828125,24.19295310974121,19.8828182220459,23.936677932739258,63.580909729003906,55.664798736572266,42.50154113769531,39.9425048828125,19.298656463623047,21.878183364868164,23.26872444152832,,93.21295166015625,119.18000030517578
2017-04-07,203.42648315429688,24.179279327392578,19.798641204833984,23.845182418823242,63.692195892333984,55.72468948364258,42.618408203125,39.823848724365234,19.216413497924805,21.85740089416504,23.298015594482422,,92.83610534667969,119.45999908447266
2017-04-10,203.54754638671875,24.13371467590332,19.748132705688477,24.02479362487793,63.572364807128906,55.86157989501953,42.743072509765625,39.96988296508789,19.25005531311035,21.86155128479004,23.45909309387207,,93.26679229736328,119.45999908447266
2017-04-11,203.30540466308594,24.042573928833008,19.689210891723633,24.0281925201416,63.48676300048828,55.93858337402344,42.75864791870117,39.93792724609375,19.242576599121094,21.803367614746094,23.56891632080078,,94.1512680053711,121.19000244140625
2017-04-12,202.41456604003906,23.960546493530273,19.529272079467773,23.9265193939209,63.48676300048828,55.16856384277344,42.92225646972656,39.7781982421875,19.384647369384766,21.53321647644043,23.532310485839844,,94.6665267944336,122.0199966430664
2017-04-13,201.0998992919922,23.864849090576172,19.2767333984375,23.48932456970215,63.32411193847656,54.774986267089844,42.72747802734375,39.49980926513672,19.321088790893555,21.325407028198242,23.481054306030273,,94.95880126953125,122.5999984741211
2017-04-17,202.88153076171875,24.08358383178711,19.613449096679688,23.5401668548584,63.55525207519531,55.3738899230957,43.031349182128906,39.90599060058594,19.407079696655273,21.479185104370117,23.751964569091797,,94.6665267944336,122.23999786376953
2017-04-18,202.27615356445312,24.079029083251953,19.428260803222656,23.319887161254883,62.86189651489258,55.19422912597656,43.226131439208984,39.91054916381836,19.451942443847656,21.45425033569336,23.81053924560547,,95.90475463867188,122.81999969482422
2017-04-19,201.90426635742188,24.060800552368164,19.36932945251465,22.977590560913086,63.05022430419922,55.245574951171875,43.0625,39.94706344604492,19.317350387573242,21.483339309692383,23.759279251098633,,95.38175964355469,121.7300033569336
2017-04-20,203.54754638671875,24.2795352935791,19.69762420654297,23.08942222595215,63.44394302368164,55.91292953491211,42.976806640625,40.3669319152832,19.242576599121094,21.72024154663086,23.751964569091797,,95.0125961303711,121.95999908447266
2017-04-21,202.8988800048828,24.229413986206055,19.4955997467041,22.974205017089844,63.067317962646484,55.96425247192383,42.85215377807617,40.275638580322266,19.339786529541016,21.6953125,23.671422958374023,,95.0125961303711,122.30999755859375
2017-04-24,205.13037109375,24.516498565673828,19.933319091796875,23.10976791381836,63.692195892333984,56.75996780395508,43.24171829223633,40.53579330444336,19.440719604492188,21.94468116760254,23.437124252319336,,94.54349517822266,121.4800033569336
2017-04-25,206.32391357421875,24.64409065246582,20.11009979248047,23.30632209777832,63.966102600097656,57.03375244140625,43.41312026977539,40.85526657104492,19.4145565032959,22.29796028137207,23.488384246826172,,93.40522766113281,120.25
2017-04-26,206.19418334960938,24.616748809814453,20.093263626098633,23.228374481201172,64.3170394897461,57.04230499267578,43.0625,41.04693603515625,19.354740142822266,22.29380226135254,23.29068374633789,,93.92056274414062,120.83999633789062
2017-04-27,206.36715698242188,24.717010498046875,20.000661849975586,22.974205017089844,64.4540023803711,57.02519607543945,43.00798034667969,41.2660026550293,19.422033309936523,22.243927001953125,23.305334091186523,,93.88975524902344,120.38999938964844
2017-04-28,205.91738891601562,24.780799865722656,19.80705451965332,22.99114990234375,64.62516784667969,56.75996780395508,42.99238204956055,41.10169982910156,19.328569412231445,22.056901931762695,23.173542022705078,,94.0973892211914,120.7699966430664
2017-05-01,206.4363555908203,24.967636108398438,19.933319091796875,22.9267520904541,64.77069854736328,56.58884811401367,42.828773498535156,41.15647888183594,19.212677001953125,22.069372177124023,23.31998062133789,,93.31517791748047,119.66999816894531
2017-05-02,206.5142364501953,25.022321701049805,19.908071517944336,22.8115234375,64.950439453125,56.86264419555664,42.54049301147461,41.202110290527344,19.235103607177734,22.10677146911621,23.327301025390625,,93.79300689697266,119.6500015258789
2017-05-03,206.26339721679688,24.976749420166016,20.06801414489746,22.87592315673828,64.63375091552734,56.905426025390625,42.5794563293457,40.96023178100586,19.167808532714844,21.890647888183594,23.041746139526367,,93.85464477539062,117.9800033569336
2017-05-04,206.50552368164062,24.958520889282227,20.101680755615234,22.455677032470703,65.06171417236328,56.96530532836914,42.90668869018555,40.896339416503906,19.235103607177734,21.915584564208984,23.06371307373047,,93.39226531982422,116.79000091552734
2017-05-05,207.31857299804688,25.049657821655273,20.06801414489746,22.8115234375,65.0274887084961,57.25621032714844,43.02355194091797,41.15189743041992,19.339786529541016,22.2273006439209,23.24675941467285,,93.47698974609375,117.01000213623047
2017-05-08,207.2839813232422,25.159029006958008,20.051172256469727,22.974205017089844,64.62516784667969,57.102195739746094,43.00798034667969,41.2294921875,19.332307815551758,22.048583984375,23.122291564941406,,92.9683609008789,116.75
2017-05-09,207.09365844726562,25.1909236907959,19.975414276123047,22.78441619873047,64.70221710205078,57.1792106628418,42.85215377807617,41.46680450439453,19.19023895263672,21.882339477539062,23.0344295501709,,92.96061706542969,116.05000305175781
2017-05-10,207.46563720703125,25.2866268157959,20.042757034301758,23.086044311523438,64.51393127441406,57.059417724609375,42.88330841064453,41.3253288269043,19.22014808654785,21.952993392944336,23.15889549255371,,92.85272216796875,116.04000091552734
2017-05-11,207.04177856445312,25.254722595214844,19.916486740112305,23.038597106933594,64.54816436767578,57.04230499267578,42.94563293457031,41.078887939453125,19.246313095092773,21.91974449157715,23.049068450927734,,92.85272216796875,116.5
2017-05-12,206.6958465576172,25.318523406982422,19.832307815551758,22.960649490356445,64.4368896484375,56.72572326660156,42.82097625732422,41.01954650878906,19.339786529541016,21.865711212158203,22.96120834350586,,93.5540542602539,116.83000183105469
2017-05-15,207.8375244140625,25.45978546142578,19.98383140563965,23.140262603759766,64.8563232421875,56.99098205566406,42.96123123168945,41.0286979675293,19.422033309936523,22.056901931762695,23.06371307373047,,93.2997817993164,117.13999938964844
2017-05-16,207.64718627929688,25.578271865844727,20.042757034301758,23.025039672851562,64.60810089111328,56.93107223510742,42.92225646972656,40.887203216552734,19.27996826171875,22.061050415039062,22.94655990600586,,93.64656066894531,117.6500015258789
2017-05-17,203.96273803710938,24.881046295166016,19.411420822143555,22.7979679107666,63.760650634765625,55.79314041137695,42.85993576049805,40.22544860839844,19.328569412231445,21.595558166503906,23.093002319335938,,95.01072692871094,119.79000091552734
2017-05-18,204.78439331054688,25.026870727539062,19.487180709838867,22.79119110107422,64.04312133789062,55.870147705078125,42.8911018371582,40.45819854736328,19.39586067199707,21.6080265045166,23.136934280395508,,95.11858367919922,118.80999755859375
2017-05-19,206.11636352539062,25.17270278930664,19.65553092956543,23.072481155395508,64.22290802001953,56.60594940185547,43.12482833862305,40.732032775878906,19.47063636779785,21.795055389404297,23.26872444152832,,95.34204864501953,119.4000015258789
2017-05-22,207.16285705566406,25.37320899963379,19.70604705810547,23.02164649963379,64.39405822753906,57.04230499267578,43.36635971069336,40.937416076660156,19.63886833190918,21.81999969482422,23.327301025390625,,95.08001708984375,119.9000015258789
2017-05-23,207.62130737304688,25.41877555847168,19.857566833496094,23.075868606567383,64.60810089111328,57.16209030151367,43.41312026977539,40.78224182128906,19.69120979309082,21.836620330810547,23.356586456298828,,94.44036865234375,119.13999938964844
2017-05-24,208.1056365966797,25.523590087890625,19.84914207458496,22.953866958618164,64.77069854736328,57.23054122924805,43.58451843261719,40.92829132080078,19.80337142944336,21.98208236694336,23.488384246826172,,94.97217559814453,119.61000061035156
2017-05-25,209.10028076171875,25.705867767333984,19.8828182220459,22.537015914916992,65.07881927490234,57.60700225830078,43.85721206665039,41.288822174072266,19.964134216308594,21.9571475982666,23.576244354248047,,95.00297546386719,119.4800033569336
2017-05-26,209.0570526123047,25.69219207763672,19.87440299987793,22.574295043945312,64.95899200439453,57.67545700073242,44.02082061767578,41.41204833984375,19.964134216308594,21.99871063232422,23.429805755615234,,95.16483306884766,120.54000091552734
2017-05-30,208.8754119873047,25.801557540893555,19.739713668823242,22.27267074584961,64.86485290527344,57.6583366394043,44.0052604675293,41.443992614746094,20.027687072753906,21.994550704956055,23.363910675048828,,95.63493347167969,120.13999938964844
2017-05-31,208.82350158691406,25.760549545288086,19.571359634399414,22.177778244018555,65.12165069580078,57.76955795288086,44.12992858886719,41.55353546142578,20.128623962402344,22.061050415039062,23.327301025390625,,95.87384033203125,120.62000274658203
2017-06-01,210.48406982421875,25.8243408203125,19.815475463867188,22.316730499267578,65.84065246582031,58.12891387939453,44.488319396972656,41.94599914550781,20.27069664001465,22.327058792114258,23.4005184173584,,95.88391876220703,120.72000122070312
2017-06-02,211.18472290039062,26.061311721801758,19.739713668823242,22.059162139892578,66.26862335205078,58.35992431640625,44.62076950073242,42.096622467041016,20.293127059936523,22.381078720092773,23.60552978515625,,97.01922607421875,121.61000061035156
2017-06-05,211.0290069580078,26.08409309387207,19.773391723632812,22.09983253479004,66.080322265625,58.154579162597656,44.66752624511719,41.98252487182617,20.229576110839844,22.31041717529297,23.54695701599121,,96.41683197021484,121.7300033569336
2017-06-06,210.35443115234375,26.033967971801758,19.689210891723633,22.360788345336914,65.9177017211914,57.76100540161133,44.55842971801758,41.62197494506836,20.184709548950195,22.322891235351562,23.437124252319336,,96.94197082519531,123.0999984741211
2017-06-07,210.7436065673828,26.115989685058594,19.840736389160156,22.045612335205078,66.09742736816406,57.692562103271484,44.5428581237793,41.69498825073242,20.25200843811035,22.35198974609375,23.561595916748047,,96.47856903076172,122.44999694824219
2017-06-08,210.847412109375,26.17523193359375,20.06801414489746,21.98121452331543,65.90914916992188,57.88077926635742,44.207828521728516,41.42573165893555,20.083768844604492,22.418485641479492,23.451766967773438,,96.22369384765625,121.6500015258789
2017-06-09,210.5273895263672,25.528146743774414,20.446807861328125,22.509899139404297,66.35420989990234,58.103240966796875,44.153289794921875,41.24319076538086,20.065074920654297,22.705265045166016,23.561595916748047,,96.07698822021484,120.54000091552734
2017-06-12,210.48406982421875,25.377761840820312,20.48889923095703,22.669189453125,66.26862335205078,58.317142486572266,44.14548873901367,41.22037124633789,20.027687072753906,22.61798095703125,23.715354919433594,,96.04607391357422,120.36000061035156
2017-06-13,211.51336669921875,25.56003761291504,20.598323822021484,22.83863639831543,66.40560913085938,58.55670928955078,44.215614318847656,41.475921630859375,20.076290130615234,22.900606155395508,23.77393341064453,,96.06150817871094,120.4800033569336
2017-06-14,211.24526977539062,25.4370059967041,20.63199806213379,22.4251766204834,66.7223129272461,58.49681854248047,44.496116638183594,41.45311737060547,20.184709548950195,22.659542083740234,23.847148895263672,,97.54437255859375,119.81999969482422
2017-06-15,210.83877563476562,25.323076248168945,20.547822952270508,22.255727767944336,66.6538314819336,58.84760665893555,44.39481735229492,41.27969741821289,20.300601959228516,22.460046768188477,23.964292526245117,,97.3899154663086,119.31999969482422
2017-06-16,210.88485717773438,25.278697967529297,20.525009155273438,22.62392807006836,66.76380157470703,59.040164947509766,43.9284553527832,41.26824951171875,20.39369773864746,22.55692481994629,23.951005935668945,,97.58300018310547,119.33999633789062
2017-06-19,212.64039611816406,25.65387535095215,20.73625373840332,22.480600357055664,67.45989990234375,59.40120315551758,44.140438079833984,41.5841178894043,20.32585906982422,22.736478805541992,23.965776443481445,,97.44400024414062,118.43000030517578
2017-06-20,211.20639038085938,25.44798469543457,20.558807373046875,22.1939697265625,67.68333435058594,58.76509094238281,43.967708587646484,41.062255859375,20.337162017822266,22.611204147338867,23.921476364135742,,98.31671905517578,118.18000030517578
2017-06-21,211.1542205810547,25.589824676513672,20.389802932739258,21.835668563842773,68.5427017211914,58.36962890625,43.84208297729492,41.126338958740234,20.216554641723633,22.373191833496094,23.86979103088379,,98.51750183105469,118.5199966430664
2017-06-22,211.05865478515625,25.598974227905273,20.2630558013916,21.822017669677734,69.25596618652344,58.24929428100586,43.55159378051758,41.03020477294922,20.12232780456543,22.398244857788086,23.88455581665039,,98.73372650146484,118.91999816894531
2017-06-23,211.31068420410156,25.75910758972168,20.187013626098633,21.968746185302734,69.1528549194336,58.464195251464844,43.567298889160156,40.979854583740234,20.054494857788086,22.485933303833008,23.98792266845703,,98.68743133544922,119.43000030517578
2017-06-26,211.44973754882812,25.62184715270996,20.296857833862305,21.92097282409668,69.08409881591797,58.48139953613281,43.74000930786133,41.126338958740234,20.190170288085938,22.5527400970459,24.09866714477539,,99.0581283569336,118.36000061035156
2017-06-27,209.74627685546875,25.200923919677734,20.39826011657715,21.886856079101562,68.45675659179688,58.0429801940918,43.3631477355957,40.80131530761719,19.964033126831055,22.414945602416992,24.0026912689209,,98.00006866455078,118.80999755859375
2017-06-28,211.62356567382812,25.516616821289062,20.719356536865234,22.00628089904785,68.81773376464844,58.56735610961914,43.52017593383789,41.213314056396484,19.77182388305664,22.61956024169922,24.032222747802734,,97.67568969726562,118.9000015258789
2017-06-29,209.76365661621094,25.059083938598633,20.863006591796875,22.054059982299805,68.19035339355469,58.06875991821289,43.056941986083984,40.8150520324707,19.613527297973633,22.348142623901367,23.788578033447266,,96.85702514648438,118.31999969482422
2017-06-30,210.1547393798828,25.036203384399414,20.846107482910156,22.153018951416016,68.0958251953125,58.550167083740234,43.13544845581055,41.03020477294922,19.5833797454834,22.46923828125,23.773813247680664,,96.63301086425781,118.0199966430664
2017-07-03,210.51107788085938,24.862342834472656,21.150306701660156,22.579559326171875,68.21612548828125,58.91120529174805,43.0962028503418,40.9890022277832,19.492919921875,22.665489196777344,23.99530601501465,,96.32193756103516,116.08999633789062
2017-07-05,210.99781799316406,25.109413146972656,21.184114456176758,22.12230682373047,68.62002563476562,59.08314514160156,43.06479263305664,40.88828659057617,19.39869499206543,22.5903263092041,23.707365036010742,,96.34514617919922,116.5199966430664
2017-07-06,209.06834411621094,24.880647659301758,21.02355194091797,21.876617431640625,67.73489379882812,58.56735610961914,42.82140350341797,40.47172546386719,19.39116668701172,22.490114212036133,23.27913475036621,,95.54798889160156,116.47000122070312
2017-07-07,210.42410278320312,25.168888092041016,21.167205810546875,21.842493057250977,68.07865142822266,59.02297592163086,42.797847747802734,40.8333625793457,19.406238555908203,22.607030868530273,23.41203498840332,,94.97531127929688,115.27999877929688
2017-07-10,210.65013122558594,25.351911544799805,21.14185905456543,21.914154052734375,67.94973754882812,59.19488525390625,42.49949645996094,40.92034912109375,19.39116668701172,22.74899673461914,23.22745704650879,,95.11463928222656,115.47000122070312
2017-07-11,210.49371337890625,25.406810760498047,20.95595359802246,22.03358268737793,67.87239074707031,59.143333435058594,42.38173294067383,40.83794021606445,19.379850387573242,22.715599060058594,23.190540313720703,,95.2771224975586,115.62000274658203
2017-07-12,212.0754852294922,25.736228942871094,21.02355194091797,22.095006942749023,68.33645629882812,59.46998977661133,42.617271423339844,41.149234771728516,19.545682907104492,22.978666305541992,23.49325180053711,,95.9349594116211,116.02999877929688
2017-07-13,212.43185424804688,25.786561965942383,21.150306701660156,22.183725357055664,68.39659881591797,59.427024841308594,42.6251220703125,41.153804779052734,19.477848052978516,22.953611373901367,23.53754997253418,,95.33129119873047,115.81999969482422
2017-07-14,213.4226531982422,26.01532554626465,21.057355880737305,22.31680679321289,68.86066436767578,59.684906005859375,42.96272659301758,41.28656768798828,19.568300247192383,23.070531845092773,23.773813247680664,,95.44741821289062,116.7699966430664
2017-07-17,213.39657592773438,26.0199031829834,20.98975944519043,22.289508819580078,68.61143493652344,59.65049743652344,43.00983810424805,41.38727569580078,19.65875244140625,23.116464614868164,23.82549285888672,,95.71050262451172,117.29000091552734
2017-07-18,213.5095672607422,26.138864517211914,20.95595359802246,22.183725357055664,68.66297912597656,59.51296615600586,43.00983810424805,41.5749626159668,19.715290069580078,23.020427703857422,23.795961380004883,,96.54634094238281,118.11000061035156
2017-07-19,214.66552734375,26.271549224853516,20.96440887451172,22.507904052734375,69.22158813476562,59.573123931884766,43.1668586730957,41.776371002197266,19.79820442199707,23.241727828979492,23.97315788269043,,96.58505249023438,118.08000183105469
2017-07-20,214.76113891601562,26.326448440551758,20.95595359802246,22.439653396606445,69.67705535888672,59.23789596557617,43.174720764160156,41.68940353393555,19.941431045532227,23.070531845092773,23.906715393066406,,96.86370849609375,118.23999786376953
2017-07-21,214.5699005126953,26.29442024230957,20.95595359802246,22.217853546142578,69.59969329833984,59.12612533569336,43.245384216308594,41.71687698364258,20.084646224975586,23.07470703125,23.951005935668945,,97.27384948730469,119.26000213623047
2017-07-24,214.5177764892578,26.358474731445312,21.04891014099121,22.176898956298828,69.57391357421875,58.9971809387207,43.10405731201172,41.5749626159668,19.89619255065918,23.053829193115234,23.93623924255371,,96.89463806152344,119.30999755859375
2017-07-25,215.03919982910156,26.30814552307129,21.310850143432617,22.456710815429688,69.07549285888672,58.91981506347656,43.40240478515625,41.86792755126953,19.783130645751953,23.300189971923828,23.93623924255371,,95.63311004638672,118.91999816894531
2017-07-26,215.04788208007812,26.408809661865234,21.167205810546875,22.480600357055664,68.84347534179688,58.9971809387207,43.394554138183594,41.84962844848633,19.971574783325195,23.158214569091797,24.13558006286621,,95.78790283203125,119.87999725341797
2017-07-27,214.84799194335938,26.30814552307129,21.04891014099121,22.70923614501953,68.37081146240234,58.66192626953125,43.81854248046875,42.156307220458984,20.020570755004883,23.07470703125,24.11343765258789,,95.3158187866211,119.79000091552734
2017-07-28,214.595947265625,26.28069305419922,21.04891014099121,22.68193244934082,68.7145767211914,58.79946517944336,43.44951629638672,41.835880279541016,19.990421295166016,22.991191864013672,24.09866714477539,,95.88079833984375,120.69000244140625
2017-07-31,214.47430419921875,26.15258026123047,21.20100212097168,22.733116149902344,68.65441131591797,58.72209548950195,43.43381118774414,41.8221549987793,20.058265686035156,22.815811157226562,24.061756134033203,,95.99689483642578,120.75
2017-08-01,214.9523468017578,26.28527069091797,21.35310173034668,22.729703903198242,68.49972534179688,58.550167083740234,43.38669967651367,41.89540481567383,20.171323776245117,22.83251953125,24.165117263793945,,96.67088317871094,120.6500015258789
2017-08-02,215.05665588378906,26.358474731445312,21.38690948486328,22.644397735595703,68.34503173828125,58.80805587768555,43.35530471801758,41.780948638916016,20.258020401000977,22.853391647338867,24.046993255615234,,96.72515869140625,120.4000015258789
2017-08-03,214.63941955566406,26.298994064331055,21.310850143432617,22.327045440673828,68.45675659179688,59.1003303527832,43.316036224365234,41.666507720947266,20.35977554321289,22.682191848754883,23.98792266845703,,97.72566986083984,120.58999633789062
2017-08-04,215.03054809570312,26.358474731445312,21.45450210571289,22.39870834350586,68.30206298828125,59.21208572387695,43.19826889038086,41.67108154296875,20.269323348999023,22.790761947631836,24.061756134033203,,96.89581298828125,119.6500015258789
2017-08-07,215.43031311035156,26.518617630004883,21.42070770263672,22.22808265686035,68.44816589355469,59.21208572387695,43.52017593383789,41.767215728759766,20.333396911621094,22.803285598754883,24.046993255615234,,97.00438690185547,119.51000213623047
2017-08-08,214.90017700195312,26.482013702392578,21.361555099487305,22.176898956298828,68.13019561767578,59.03156280517578,43.35530471801758,41.790103912353516,20.416311264038086,22.623733520507812,23.93623924255371,,96.65531921386719,119.86000061035156
2017-08-09,214.8914794921875,26.468284606933594,21.361555099487305,22.197378158569336,68.2075424194336,59.048763275146484,43.425968170166016,41.547489166259766,20.310781478881836,22.644609451293945,23.965776443481445,,97.1827621459961,121.30999755859375
2017-08-10,211.85824584960938,25.946697235107422,20.981304168701172,21.961925506591797,67.35674285888672,58.30088806152344,43.245384216308594,40.9249267578125,20.374849319458008,22.385719299316406,23.751659393310547,,98.01270294189453,122.20999908447266
2017-08-11,212.1710968017578,26.125137329101562,20.896808624267578,21.818607330322266,67.54583740234375,58.33525848388672,43.27678680419922,41.135501861572266,20.25424575805664,22.33143424987793,23.596616744995117,,98.05921173095703,122.79000091552734
2017-08-14,214.27438354492188,26.541494369506836,21.184114456176758,21.75377082824707,68.00130462646484,58.94560623168945,43.48876190185547,41.42848205566406,20.37108039855957,22.540218353271484,23.98792266845703,,97.5550765991211,121.91999816894531
2017-08-15,214.2483367919922,26.582666397094727,21.20100212097168,21.6718692779541,68.00130462646484,58.81664276123047,43.7086067199707,41.04850769042969,20.48415184020996,22.544403076171875,23.943626403808594,,97.14398956298828,120.9800033569336
2017-08-16,214.6220245361328,26.66044807434082,21.158754348754883,21.46371841430664,68.19035339355469,58.97998809814453,43.8577880859375,41.25909423828125,20.567068099975586,22.765708923339844,24.017457962036133,,97.50078582763672,121.87000274658203
2017-08-17,211.27590942382812,26.138864517211914,20.795406341552734,21.16002082824707,67.339599609375,57.9570198059082,43.45736312866211,40.59989929199219,20.420080184936523,22.41912841796875,23.84764289855957,,98.22982025146484,122.48999786376953
2017-08-18,210.94561767578125,26.11141014099121,20.80385971069336,21.265806198120117,67.03023529052734,57.724918365478516,43.339599609375,40.398475646972656,20.540685653686523,22.427478790283203,23.67044448852539,,98.2065658569336,122.30000305175781
2017-08-21,211.11082458496094,26.102256774902344,20.74470329284668,21.156600952148438,67.33100891113281,57.81947326660156,43.49662399291992,40.47172546386719,20.61606216430664,22.448352813720703,23.91408920288086,,98.44700622558594,122.76000213623047
2017-08-22,213.31834411621094,26.49116325378418,20.97286033630371,21.2965087890625,68.14738464355469,58.48139953613281,43.50447463989258,40.906612396240234,20.661291122436523,22.740657806396484,23.89932632446289,,98.0669937133789,122.20999908447266
2017-08-23,212.55355834960938,26.427099227905273,20.905256271362305,21.388648986816406,67.63176727294922,57.93122100830078,43.37884521484375,40.5587043762207,20.7291259765625,22.698894500732422,24.142976760864258,,98.73395538330078,122.66999816894531
2017-08-24,212.05812072753906,26.40423011779785,20.905256271362305,21.402297973632812,67.82942199707031,57.75070571899414,42.782142639160156,40.47172546386719,20.714054107666016,22.657136917114258,24.09866714477539,,98.36946105957031,122.29000091552734
2017-08-25,212.55355834960938,26.399656295776367,20.96440887451172,21.497846603393555,67.84662628173828,58.02579879760742,42.92346954345703,40.57243347167969,20.781896591186523,22.728132247924805,24.21680450439453,,98.74946594238281,122.73999786376953
2017-08-28,212.56222534179688,26.449981689453125,20.829206466674805,21.402297973632812,68.2075424194336,57.991397857666016,42.797847747802734,40.59532928466797,20.819589614868164,22.761526107788086,24.091289520263672,,98.68743133544922,124.69000244140625
2017-08-29,212.80560302734375,26.564367294311523,20.76161003112793,21.3750057220459,68.33645629882812,58.41261291503906,42.94702911376953,40.5587043762207,20.774354934692383,22.6529598236084,24.076519012451172,,99.00542449951172,124.41999816894531
2017-08-30,213.81378173828125,26.756528854370117,20.846107482910156,21.385238647460938,68.68878936767578,58.65332794189453,42.939178466796875,40.85167694091797,20.714054107666016,22.81999397277832,24.187273025512695,,98.97443389892578,124.36000061035156
2017-08-31,215.1000518798828,26.916667938232422,20.871456146240234,21.487606048583984,69.85752868652344,58.85105895996094,42.954864501953125,41.0439453125,20.71782112121582,22.995363235473633,24.305395126342773,,99.26912689208984,125.81999969482422
2017-09-01,215.40431213378906,26.893789291381836,20.93061065673828,21.695762634277344,69.80595397949219,58.90261459350586,43.159019470214844,41.231632232666016,20.65375518798828,23.14569664001465,24.305395126342773,,98.50981140136719,126.05999755859375
2017-09-05,213.8572540283203,26.655872344970703,20.482757568359375,21.815189361572266,69.50518798828125,58.30947494506836,43.221824645996094,41.062255859375,20.706514358520508,22.88262176513672,24.283248901367188,,100.07201385498047,127.45999908447266
2017-09-06,214.5872802734375,26.678747177124023,20.533458709716797,22.170082092285156,69.84033203125,58.36962890625,43.40240478515625,41.31861114501953,20.612295150756836,22.94108772277832,24.320171356201172,,99.4580078125,126.80999755859375
2017-09-07,214.5612335205078,26.77025604248047,20.178558349609375,22.21102523803711,70.61373901367188,58.49000549316406,43.46522521972656,40.9615364074707,20.76681900024414,22.978666305541992,24.50474739074707,,100.47618103027344,128.1300048828125
2017-09-08,214.30917358398438,26.55063819885254,20.364456176757812,21.97557258605957,70.93171691894531,58.68771743774414,43.25322723388672,40.81962966918945,20.86481285095215,22.970317840576172,24.512130737304688,,100.25849151611328,127.97000122070312
2017-09-11,216.59494018554688,26.925819396972656,20.719356536865234,22.183725357055664,71.48173522949219,59.19488525390625,43.52017593383789,41.03478240966797,21.041955947875977,23.270957946777344,24.68932342529297,,99.06159973144531,126.19000244140625
2017-09-12,217.3250274658203,26.9898738861084,20.96440887451172,22.32022476196289,71.63639068603516,59.47859191894531,43.61439895629883,41.2178955078125,20.691442489624023,23.467214584350586,24.42353057861328,,98.54090881347656,126.55999755859375
2017-09-13,217.4293670654297,26.953269958496094,20.998207092285156,22.60003089904785,71.36998748779297,59.39261245727539,43.63795471191406,41.51544952392578,20.58968162536621,23.45886993408203,24.320171356201172,,98.15230560302734,125.61000061035156
2017-09-14,217.3598175048828,26.86176300048828,20.95595359802246,22.70923614501953,71.46451568603516,59.67627716064453,43.55159378051758,41.291133880615234,20.7630558013916,23.5382022857666,24.48998260498047,,98.55645751953125,126.16000366210938
2017-09-15,217.6524200439453,26.97150993347168,21.017898559570312,22.762819290161133,71.23594665527344,59.923274993896484,43.62744140625,41.17536544799805,20.79229164123535,23.539043426513672,24.57623863220215,,98.59532165527344,125.52999877929688
2017-09-18,218.1153106689453,26.99446678161621,21.263973236083984,22.859621047973633,71.21869659423828,60.26007080078125,43.69063949584961,41.03293991088867,20.579622268676758,23.669185638427734,24.434947967529297,,98.02793884277344,124.36000061035156
2017-09-19,218.33370971679688,27.113845825195312,21.42519187927246,22.952978134155273,70.65806579589844,60.32052993774414,43.55632781982422,40.99620819091797,20.5378475189209,23.790929794311523,24.189563751220703,,97.78705596923828,124.62000274658203
2017-09-20,218.4123077392578,27.00364112854004,21.552473068237305,23.108552932739258,70.7270736694336,60.76094055175781,43.13758087158203,41.13401794433594,20.38593864440918,23.874893188476562,24.12263298034668,,97.85700988769531,123.62000274658203
2017-09-21,217.82711791992188,26.85671043395996,21.60337257385254,23.115461349487305,70.36482238769531,60.942298889160156,42.72675704956055,41.065120697021484,20.382143020629883,23.82451820373535,24.085453033447266,,97.80257415771484,122.68000030517578
2017-09-22,217.8707733154297,26.87049102783203,21.577924728393555,23.233007431030273,70.36482238769531,61.09774398803711,42.600341796875,41.13401794433594,20.215044021606445,23.740549087524414,23.87724494934082,,98.0823745727539,123.23999786376953
2017-09-25,217.42530822753906,26.55366325378418,21.552473068237305,23.568370819091797,70.15779876708984,61.09774398803711,42.908477783203125,41.0467414855957,20.401138305664062,23.782541275024414,23.96648406982422,,98.69632720947266,124.52999877929688
2017-09-26,217.55636596679688,26.650089263916016,21.543973922729492,23.558002471923828,70.0456771850586,61.09774398803711,43.011165618896484,41.05133819580078,20.3631534576416,23.677581787109375,23.98879051208496,,98.51758575439453,123.13999938964844
2017-09-27,218.40354919433594,26.92099952697754,21.807029724121094,23.658260345458984,70.0197982788086,61.166831970214844,42.67933654785156,41.27644729614258,20.089723587036133,23.677581787109375,23.788015365600586,,97.03313446044922,121.9800033569336
2017-09-28,218.66558837890625,26.95313835144043,21.84096336364746,23.679004669189453,70.0801773071289,61.132266998291016,42.67933654785156,41.22589874267578,20.16187858581543,23.845510482788086,23.959041595458984,,96.74561309814453,122.20999908447266
2017-09-29,219.43423461914062,27.136804580688477,21.94278907775879,23.675540924072266,70.49417114257812,61.31364059448242,42.64775085449219,41.382102966308594,20.146692276000977,23.845510482788086,23.97392463684082,,96.96318817138672,121.58000183105469
2017-10-02,220.38624572753906,27.178131103515625,22.12946319580078,23.668628692626953,71.21009063720703,61.73676681518555,42.568748474121094,41.46019744873047,20.180862426757812,24.10579490661621,23.88468360900879,,96.78564453125,120.7699966430664
2017-10-03,220.85794067382812,27.24241828918457,22.205835342407227,23.644426345825195,71.19283294677734,62.00450134277344,42.61614227294922,41.63477325439453,20.1239013671875,24.2065486907959,23.87724494934082,,96.87909698486328,120.83000183105469
2017-10-04,221.12002563476562,27.22404670715332,22.104005813598633,23.627140045166016,71.53785705566406,61.987220764160156,42.75046157836914,41.85067367553711,20.32517433166504,24.21494483947754,24.085453033447266,,96.88687133789062,121.16999816894531
2017-10-05,222.4300994873047,27.48577308654785,22.333106994628906,23.734317779541016,71.58960723876953,62.13404083251953,42.9400749206543,42.0849723815918,20.306194305419922,24.361881256103516,24.159818649291992,,96.52088928222656,120.5199966430664
2017-10-06,222.1768341064453,27.527097702026367,22.358564376831055,23.533796310424805,71.49472045898438,62.125404357910156,42.5134391784668,42.1355094909668,20.290996551513672,24.30730438232422,24.092897415161133,,96.248291015625,121.08999633789062
2017-10-09,221.8099822998047,27.595972061157227,22.27371597290039,23.58219337463379,71.04621124267578,61.952667236328125,42.394927978515625,42.00226593017578,20.31757926940918,24.3031063079834,24.14494514465332,,96.55201721191406,122.08000183105469
2017-10-10,222.39515686035156,27.623525619506836,22.37553596496582,23.602941513061523,71.21009063720703,62.04766845703125,42.76625442504883,41.96091842651367,20.515064239501953,24.319902420043945,24.1821231842041,,96.70774841308594,122.4000015258789
2017-10-11,222.7445526123047,27.715354919433594,22.333106994628906,23.658260345458984,71.34811401367188,62.01311492919922,42.853172302246094,41.98389434814453,20.6024112701416,24.332496643066406,24.31597900390625,,96.89468383789062,122.79000091552734
2017-10-12,222.4126434326172,27.646484375,22.163406372070312,23.57183074951172,71.27046203613281,62.34128189086914,43.03487014770508,41.70367431640625,20.708744049072266,24.37867546081543,24.48700714111328,,97.30742645263672,122.88999938964844
2017-10-13,222.6834259033203,27.779638290405273,22.171890258789062,23.558002471923828,71.0893325805664,62.22903823852539,43.1138916015625,41.90580368041992,20.564428329467773,24.4962215423584,24.553930282592773,,98.00828552246094,123.81999969482422
2017-10-16,222.98040771484375,27.88065528869629,22.316139221191406,23.60985565185547,70.77881622314453,62.29810333251953,43.129676818847656,41.96091842651367,20.518856048583984,24.47943687438965,24.434947967529297,,97.93821716308594,122.97000122070312
2017-10-17,223.13760375976562,27.88065528869629,22.205835342407227,23.623685836791992,71.72760772705078,62.13404083251953,42.971675872802734,41.98389434814453,20.6403865814209,24.41645622253418,24.434947967529297,,98.06285858154297,122.12999725341797
2017-10-18,223.35597229003906,27.94953155517578,22.324630737304688,23.457733154296875,71.83111572265625,62.159908294677734,42.916378021240234,41.869041442871094,20.6024112701416,24.357683181762695,24.39034080505371,,97.41646575927734,121.66999816894531
2017-10-19,223.41705322265625,27.866884231567383,22.341598510742188,23.385128021240234,72.27098846435547,62.33263397216797,42.687252044677734,41.869041442871094,20.818878173828125,24.45003890991211,24.37546157836914,,97.58777618408203,122.38999938964844
2017-10-20,224.57000732421875,28.05514144897461,22.60464096069336,23.430068969726562,72.3486099243164,63.006282806396484,42.58454513549805,41.970115661621094,20.834068298339844,24.659950256347656,24.33828353881836,,96.55201721191406,121.61000061035156
2017-10-23,223.69662475585938,27.921981811523438,22.587663650512695,23.309064865112305,72.16748046875,62.60899353027344,42.55293655395508,41.68528747558594,20.8454647064209,24.613765716552734,24.249052047729492,,96.72331237792969,121.80000305175781
2017-10-24,224.0896759033203,28.000041961669922,22.748886108398438,23.354015350341797,71.68448638916016,62.96304702758789,42.402835845947266,41.78636169433594,20.864444732666016,24.752309799194336,24.092897415161133,,96.12369537353516,121.33000183105469
2017-10-25,222.98040771484375,27.84851837158203,22.613117218017578,23.1915225982666,71.58096313476562,62.34128189086914,42.2843132019043,41.625587463378906,20.773305892944336,24.622169494628906,24.03340721130371,,95.66423034667969,121.3499984741211
2017-10-26,223.2686004638672,27.96331024169922,22.74040412902832,23.23992919921875,70.86508178710938,62.427635192871094,42.3159294128418,41.772579193115234,20.777103424072266,24.949621200561523,23.899555206298828,,95.34493255615234,120.33000183105469
2017-10-27,225.09410095214844,28.716341018676758,22.723432540893555,23.28141212463379,70.84781646728516,62.45353698730469,41.952491760253906,42.44789123535156,20.906221389770508,24.819480895996094,23.936735153198242,,95.97571563720703,120.9000015258789
2017-10-30,224.25559997558594,28.78062629699707,22.630090713500977,23.402420043945312,70.08879852294922,62.02174377441406,41.59696960449219,42.25495147705078,20.910018920898438,24.70193099975586,24.085453033447266,,96.89468383789062,121.12999725341797
2017-10-31,224.60501098632812,28.90460205078125,22.570695877075195,23.47848129272461,69.95943450927734,61.771339416503906,41.94459533691406,42.25952911376953,20.93280601501465,24.769105911254883,24.167253494262695,,96.92581176757812,120.66999816894531
2017-11-01,224.9019317626953,28.90919303894043,22.60464096069336,23.744688034057617,70.13191223144531,61.73676681518555,42.07889938354492,42.273319244384766,20.815080642700195,24.890853881835938,24.14494514465332,,97.35736846923828,121.11000061035156
2017-11-02,224.98928833007812,28.922969818115234,22.81676483154297,23.675540924072266,69.81278991699219,62.090850830078125,41.9761962890625,41.956336975097656,20.891027450561523,24.710330963134766,24.353158950805664,,97.78665924072266,121.19000244140625
2017-11-03,225.74046325683594,29.15254783630371,22.723432540893555,23.744688034057617,70.39068603515625,62.03041076660156,41.98408889770508,42.12630844116211,20.96698570251465,24.697731018066406,24.353158950805664,,98.05199432373047,120.62000274658203
2017-11-06,226.08981323242188,29.216838836669922,22.697973251342773,24.287479400634766,70.17505645751953,62.06495666503906,41.53375244140625,42.43410873413086,20.887231826782227,24.592777252197266,24.724966049194336,,98.41875457763672,121.6500015258789
2017-11-07,225.93260192871094,29.230615615844727,22.38401985168457,24.25637435913086,70.32169342041016,62.159908294677734,41.99988555908203,42.18144989013672,21.137882232666016,24.617969512939453,24.95547866821289,,98.8323974609375,121.20999908447266
2017-11-08,226.3168487548828,29.391315460205078,22.27371597290039,24.138818740844727,70.48555755615234,62.056312561035156,42.4581413269043,42.227378845214844,21.153072357177734,24.643156051635742,25.141382217407227,,98.61389923095703,121.62999725341797
2017-11-09,225.49586486816406,29.157140731811523,22.19734764099121,24.211421966552734,70.49417114257812,61.279083251953125,42.45022964477539,42.291690826416016,21.179656982421875,24.433250427246094,25.141382217407227,,98.33292388916016,122.12999725341797
2017-11-10,225.42604064941406,29.157140731811523,22.12946319580078,24.08350372314453,70.03704833984375,61.365440368652344,42.884765625,42.43410873413086,21.080915451049805,24.395469665527344,25.141382217407227,,96.85011291503906,121.12999725341797
2017-11-13,225.63565063476562,29.147953033447266,22.163406372070312,23.94521141052246,70.1060562133789,61.1581916809082,43.129676818847656,42.57652282714844,21.33156394958496,24.521411895751953,25.215734481811523,,97.05303955078125,121.30999755859375
2017-11-14,225.11155700683594,29.088266372680664,22.154918670654297,23.558002471923828,69.82140350341797,60.99411392211914,43.27980041503906,42.6132698059082,21.597402572631836,24.29891014099121,25.193429946899414,,97.70857238769531,121.55999755859375
2017-11-15,223.98486328125,28.872461318969727,22.214319229125977,23.291784286499023,69.6230239868164,60.64868927001953,42.82157516479492,42.42951202392578,21.41131591796875,24.151968002319336,25.00753402709961,,98.76994323730469,121.41000366210938
2017-11-16,225.88893127441406,29.27652931213379,22.22280502319336,23.198440551757812,70.34754943847656,61.21864700317383,43.41411209106445,42.783260345458984,21.34295654296875,24.445842742919922,25.10420036315918,,97.9114990234375,121.4000015258789
2017-11-17,225.22511291503906,29.088266372680664,22.19734764099121,23.312530517578125,70.07154846191406,60.881839752197266,43.263999938964844,42.97160339355469,21.194841384887695,24.47943687438965,24.95547866821289,,98.63728332519531,122.86000061035156
2017-11-20,225.6094512939453,29.19846534729004,22.29916763305664,23.2572078704834,69.77830505371094,61.1581916809082,43.216590881347656,43.05428695678711,21.130290985107422,24.513015747070312,24.8959903717041,,98.59827423095703,121.30999755859375
2017-11-21,227.0855255126953,29.506113052368164,22.367050170898438,23.309064865112305,70.39068603515625,61.59860610961914,43.358821868896484,43.320735931396484,21.187252044677734,24.643156051635742,25.029836654663086,,98.91043090820312,121.51000213623047
2017-11-22,226.88467407226562,29.451004028320312,22.256744384765625,23.402420043945312,70.36482238769531,61.6677131652832,43.30350112915039,43.36207580566406,21.187252044677734,24.575990676879883,24.94804573059082,,99.2303695678711,122.62999725341797
2017-11-24,227.40870666503906,29.616313934326172,22.248252868652344,23.468101501464844,70.52867126464844,61.6677131652832,43.27189254760742,43.472328186035156,21.221426010131836,24.70193099975586,25.037269592285156,,98.95726013183594,122.31999969482422
2017-11-27,227.295166015625,29.616313934326172,22.23128890991211,23.22955322265625,70.58904266357422,61.771339416503906,43.29560852050781,43.50448989868164,21.312578201293945,24.554996490478516,24.96291160583496,,98.8167724609375,122.83000183105469
2017-11-28,229.60110473632812,29.712732315063477,22.808279037475586,23.409326553344727,71.1065902709961,62.71261978149414,43.65113067626953,43.98685836791992,21.41131591796875,24.8278751373291,24.903423309326172,,98.94943237304688,122.80999755859375
2017-11-29,229.4613037109375,29.056121826171875,23.1986026763916,23.537254333496094,71.4602279663086,63.26530075073242,43.88026428222656,44.17520523071289,21.422710418701172,24.86566162109375,24.843935012817383,,97.97393035888672,122.04000091552734
2017-11-30,231.4701690673828,29.31325912475586,23.35133934020996,23.88990020751953,71.99498748779297,64.34478759765625,44.283172607421875,44.400299072265625,21.494869232177734,25.004201889038086,24.87368392944336,,97.64613342285156,121.0999984741211
2017-12-01,230.9897918701172,29.16172981262207,23.402246475219727,24.090421676635742,71.84834289550781,63.550270080566406,44.39379119873047,44.38193130493164,21.422710418701172,24.798494338989258,24.918296813964844,,98.96381378173828,121.58999633789062
2017-12-04,230.7103271484375,28.693384170532227,23.758628845214844,24.080049514770508,70.96859741210938,64.0857162475586,44.812522888183594,44.89645767211914,21.301183700561523,25.054574966430664,24.591110229492188,,99.01077270507812,121.18000030517578
2017-12-05,229.8805694580078,28.702566146850586,23.63134765625,23.976327896118164,70.84781646728516,63.541629791259766,44.741416931152344,44.639190673828125,21.03154754638672,24.928634643554688,24.494443893432617,,99.50341033935547,120.31999969482422
2017-12-06,229.92422485351562,28.88623809814453,23.54649543762207,23.665170669555664,70.78746032714844,63.63663101196289,45.02585983276367,44.34977340698242,21.111299514770508,24.781692504882812,24.531625747680664,,99.8475112915039,120.06999969482422
2017-12-07,230.64923095703125,29.0653076171875,23.622867584228516,23.734317779541016,70.80469512939453,64.22386932373047,44.59130859375,44.46460723876953,21.149280548095703,24.949621200561523,24.6282958984375,,99.06549835205078,118.48999786376953
2017-12-08,231.9069366455078,29.203060150146484,23.767112731933594,23.95212745666504,71.59819793701172,64.50021362304688,44.70981979370117,44.67593765258789,21.217634201049805,24.949621200561523,24.68777847290039,,99.07329559326172,118.4800033569336
2017-12-11,232.605712890625,29.455602645874023,23.707712173461914,24.1249942779541,71.90009307861328,64.37067413330078,44.70191192626953,44.77241897583008,21.346757888793945,24.98320960998535,24.747264862060547,,98.86998748779297,118.01000213623047
2017-12-12,233.0162353515625,29.446422576904297,23.94530487060547,24.059303283691406,72.18474578857422,64.43977355957031,44.70981979370117,44.79078674316406,20.982179641723633,24.987409591674805,24.858808517456055,,98.83087158203125,118.1500015258789
2017-12-13,232.99005126953125,29.455602645874023,23.648319244384766,24.024728775024414,72.43486785888672,64.69017791748047,44.962646484375,44.82753372192383,21.03914451599121,25.054574966430664,24.851375579833984,,99.57379913330078,119.16999816894531
2017-12-14,232.0379638671875,29.418861389160156,23.49558448791504,23.938304901123047,71.70171356201172,64.24979400634766,44.7651252746582,44.96535110473633,21.01255989074707,24.777494430541992,24.87368392944336,,99.99612426757812,118.93000030517578
2017-12-15,233.97023010253906,29.754383087158203,23.70699691772461,23.916723251342773,72.49061584472656,64.70301818847656,45.27293014526367,45.15988540649414,21.089599609375,24.924306869506836,24.952621459960938,,100.3714828491211,119.18000030517578
2017-12-18,235.45391845703125,30.017086029052734,23.920106887817383,24.101181030273438,72.51659393310547,65.1632080078125,45.24905776977539,45.56552505493164,20.855785369873047,25.29134178161621,25.03531837463379,,99.45654296875,119.7300033569336
2017-12-19,234.5496826171875,29.832738876342773,23.817811965942383,24.1359806060791,72.43000030517578,65.18054962158203,45.30477523803711,45.50560760498047,20.47631072998047,25.261812210083008,24.561681747436523,,98.16618347167969,119.81999969482422
2017-12-20,234.42674255371094,29.823518753051758,23.775190353393555,24.47705078125,72.19618225097656,65.39761352539062,45.225181579589844,45.418025970458984,20.315319061279297,25.270246505737305,24.298545837402344,,97.07918548583984,120.13999938964844
2017-12-21,234.90953063964844,29.76361083984375,23.979785919189453,24.995616912841797,72.03164672851562,65.44974517822266,45.193336486816406,45.71303939819336,20.073843002319336,25.358844757080078,24.215848922729492,,97.6449966430664,120.30999755859375
2017-12-22,234.84812927246094,29.74517250061035,23.91158103942871,25.04782485961914,71.79784393310547,65.46708679199219,45.26496887207031,45.62544631958008,20.104507446289062,25.455869674682617,24.37372398376465,,97.77820587158203,120.94000244140625
2017-12-26,234.5672149658203,29.546995162963867,23.84339141845703,25.26708221435547,71.8151626586914,65.53656768798828,45.368446350097656,45.72685623168945,19.98567771911621,25.434778213500977,24.50153350830078,,98.0681381225586,121.7699966430664
2017-12-27,234.68130493164062,29.579256057739258,23.86896514892578,25.18355941772461,71.93640899658203,65.69284057617188,45.36049270629883,45.63467025756836,20.070009231567383,25.468528747558594,24.599271774291992,,99.34554290771484,122.2300033569336
2017-12-28,235.16421508789062,29.629953384399414,23.96273422241211,25.221843719482422,72.04033660888672,65.82306671142578,45.288841247558594,45.75912857055664,20.181163787841797,25.582433700561523,24.74211311340332,,99.25931549072266,122.8499984741211
2017-12-29,234.27748107910156,29.473249435424805,23.792245864868164,25.148754119873047,71.59867858886719,65.70153045654297,45.2808952331543,45.49177169799805,20.192659378051758,25.536026000976562,24.764667510986328,,99.41610717773438,123.6500015258789
2018-01-02,235.95428466796875,29.837352752685547,23.800765991210938,25.562910079956055,72.4040298461914,66.09225463867188,45.002315521240234,46.183197021484375,20.00484275817871,25.898836135864258,24.621824264526367,,98.34248352050781,125.1500015258789
2018-01-03,237.44674682617188,30.086223602294922,23.928638458251953,25.945749282836914,73.09681701660156,66.44822692871094,44.986392974853516,46.39524459838867,19.847681045532227,26.080244064331055,24.62934112548828,,98.81267547607422,124.81999969482422
2018-01-04,238.44761657714844,30.238313674926758,24.15027618408203,26.102354049682617,73.20071411132812,66.93446350097656,45.11374282836914,46.547359466552734,19.682865142822266,26.30805778503418,24.208328247070312,,98.79696655273438,125.45999908447266
2018-01-05,240.03656005859375,30.55632781982422,24.218473434448242,26.0919132232666,73.82421112060547,67.39462280273438,45.3127326965332,46.91613006591797,19.67519760131836,26.51898956298828,24.260953903198242,,98.5148696899414,125.33000183105469
2018-01-08,240.4754638671875,30.671537399291992,24.184375762939453,26.24852752685547,73.55577087402344,67.67247009277344,45.424163818359375,46.9714469909668,19.859182357788086,26.556961059570312,24.426353454589844,,98.45216369628906,125.30999755859375
2018-01-09,241.01980590820312,30.593189239501953,24.371915817260742,26.182405471801758,74.4217529296875,68.10661315917969,45.36049270629883,47.06362533569336,19.663694381713867,26.51477813720703,24.14818572998047,,97.13561248779297,124.7300033569336
2018-01-10,240.65109252929688,30.487192153930664,24.57650375366211,26.151081085205078,74.29185485839844,68.09791564941406,45.137630462646484,47.0313606262207,19.44904899597168,26.35446548461914,23.77227783203125,,97.0180435180664,125.02999877929688
2018-01-11,242.40684509277344,30.611623764038086,24.695852279663086,26.68705177307129,74.61226654052734,68.96620178222656,45.073951721191406,47.79656219482422,19.376218795776367,26.700401306152344,23.621915817260742,,97.41776275634766,125.44000244140625
2018-01-12,243.98712158203125,30.791364669799805,24.9174861907959,26.94460105895996,75.183837890625,69.60870361328125,45.08987045288086,48.41423416137695,19.265052795410156,26.742591857910156,23.448999404907227,,97.582275390625,126.95999908447266
2018-01-16,243.1530303955078,30.671537399291992,24.84929656982422,26.603525161743164,75.55615997314453,68.9835433959961,45.296817779541016,48.06851577758789,19.2228946685791,26.43039321899414,23.561771392822266,,97.98977661132812,127.16999816894531
2018-01-17,245.4707794189453,31.132421493530273,25.03683090209961,26.836708068847656,76.28360748291016,69.36558532714844,45.814178466796875,48.29899597167969,19.341720581054688,26.5527400970459,23.697097778320312,,97.85659790039062,126.13999938964844
2018-01-18,245.0581817626953,31.18773078918457,25.002742767333984,26.61743927001953,76.30091094970703,68.9922103881836,45.67885971069336,48.257511138916016,19.219058990478516,26.535873413085938,23.471553802490234,,96.94751739501953,125.86000061035156
2018-01-19,246.17311096191406,31.247634887695312,25.18175506591797,26.5826416015625,76.58667755126953,69.19193267822266,46.188270568847656,48.676979064941406,19.161569595336914,26.696176528930664,23.63694953918457,,96.43814849853516,126.41999816894531
2018-01-22,248.17469787597656,31.55183219909668,25.386348724365234,27.15689468383789,77.08893585205078,69.19193267822266,46.538475036621094,49.2162971496582,19.188398361206055,26.632905960083008,23.862497329711914,,96.53218078613281,126.6500015258789
2018-01-23,248.70147705078125,31.690080642700195,25.41191864013672,27.11512565612793,76.716552734375,69.22666931152344,46.387245178222656,49.63115692138672,19.372385025024414,26.628679275512695,24.230884552001953,,96.94751739501953,127.27999877929688
2018-01-24,248.60498046875,31.445819854736328,25.582412719726562,27.04204559326172,76.94171142578125,69.16587829589844,46.48275375366211,49.84320068359375,19.253562927246094,26.742591857910156,24.163219451904297,,96.42243957519531,128.8300018310547
2018-01-25,248.71023559570312,31.390506744384766,25.531267166137695,26.829734802246094,77.599853515625,69.23534393310547,46.50664520263672,49.755619049072266,19.552539825439453,26.919776916503906,24.110593795776367,,97.21399688720703,127.97000122070312
2018-01-26,251.58975219726562,31.888263702392578,25.718807220458984,26.975919723510742,79.27117919921875,70.0341567993164,46.72948455810547,50.24423599243164,19.564037322998047,27.037900924682617,24.178258895874023,,96.85350036621094,128.07000732421875
2018-01-29,249.9217987060547,31.5978946685791,25.616514205932617,26.5687198638916,79.05470275878906,69.56529235839844,46.546424865722656,50.105934143066406,19.31488800048828,26.729938507080078,23.900083541870117,,96.17951965332031,127.3499984741211
2018-01-30,247.3582763671875,31.312162399291992,25.284055709838867,26.032751083374023,77.39204406738281,69.01829528808594,46.23602294921875,49.85702896118164,19.34938621520996,26.535873413085938,23.802350997924805,,95.61528015136719,126.80000305175781
2018-01-31,247.4811553955078,31.547210693359375,25.352245330810547,26.050153732299805,76.292236328125,69.22666931152344,46.021114349365234,49.69569778442383,19.564037322998047,26.556961059570312,24.291027069091797,,96.17951965332031,127.6500015258789
2018-02-01,247.2002716064453,31.574871063232422,25.590938568115234,26.31814193725586,76.31822204589844,69.10511779785156,45.82212448120117,49.14254379272461,19.257394790649414,26.19414710998535,23.84746551513672,,94.78559112548828,128.07000732421875
2018-02-02,241.81875610351562,30.639284133911133,25.028318405151367,25.218364715576172,75.2444076538086,67.71588134765625,44.94660186767578,48.67236328125,19.119403839111328,25.506494522094727,23.57680892944336,,93.90606689453125,126.38999938964844
2018-02-05,231.70521545410156,29.358030319213867,23.766666412353516,24.16033935546875,71.91043090820312,64.6422348022461,43.31492233276367,47.0313606262207,18.805084228515625,24.531967163085938,22.96784019470215,,94.79352569580078,126.70999908447266
2018-02-06,236.27035522460938,30.201444625854492,24.2014217376709,24.351757049560547,72.70711517333984,65.82306671142578,43.79249572753906,48.23447036743164,18.5252742767334,25.333526611328125,22.922727584838867,,94.20451354980469,125.37999725341797
2018-02-07,234.98866271972656,29.81430435180664,24.218473434448242,23.94456672668457,72.62049102783203,65.94463348388672,43.60146713256836,48.08695602416992,18.43711280822754,25.10572052001953,22.817474365234375,,93.30929565429688,124.79000091552734
2018-02-08,226.17446899414062,28.579143524169922,23.15289878845215,23.220659255981445,70.10055541992188,63.40062713623047,42.662261962890625,46.16938018798828,18.23012351989746,24.2239990234375,22.103254318237305,,93.2071762084961,124.9800033569336
2018-02-09,229.5719757080078,29.279682159423828,23.596172332763672,23.203258514404297,71.09640502929688,64.08654022216797,42.749813079833984,46.47822570800781,18.61343765258789,24.645875930786133,22.622007369995117,,92.61821746826172,124.7699966430664
2018-02-12,232.94309997558594,29.805078506469727,23.928638458251953,23.582605361938477,71.76319885253906,65.1197738647461,43.18757629394531,47.1097297668457,18.7552547454834,25.143688201904297,22.682151794433594,,93.02662658691406,125.37000274658203
2018-02-13,233.5225067138672,29.878826141357422,24.030929565429688,23.485164642333984,71.8151626586914,65.26737976074219,43.38655090332031,47.354026794433594,18.839582443237305,25.080402374267578,22.847545623779297,,93.44275665283203,126.08000183105469
2018-02-14,236.6741180419922,30.427270889282227,24.602081298828125,23.826229095458984,72.6291732788086,66.09225463867188,43.362674713134766,48.1099967956543,18.62877082824707,25.417898178100586,22.7047061920166,,92.40618896484375,128.22999572753906
2018-02-15,239.69415283203125,31.007978439331055,24.738473892211914,23.767072677612305,73.43453216552734,67.09072875976562,44.07902908325195,48.5386962890625,19.042739868164062,25.607751846313477,22.915212631225586,,92.72027587890625,128.3800048828125
2018-02-16,239.764404296875,30.961889266967773,24.70438003540039,23.707908630371094,73.96278381347656,67.10810852050781,44.25412368774414,48.303611755371094,19.211393356323242,25.514936447143555,23.065576553344727,,93.22286987304688,127.95999908447266
2018-02-20,238.2631378173828,30.98953628540039,24.62765884399414,23.579130172729492,73.14875030517578,66.43086242675781,43.25125503540039,48.156097412109375,18.962244033813477,25.401023864746094,22.83251190185547,,92.81452941894531,126.23999786376953
2018-02-21,237.07809448242188,30.791364669799805,24.661754608154297,23.182374954223633,72.84567260742188,66.44822692871094,42.73389434814453,48.08695602416992,18.71309471130371,25.312429428100586,22.4114990234375,,91.67583465576172,125.66000366210938
2018-02-22,237.38525390625,30.828235626220703,24.45716094970703,23.436431884765625,72.73307800292969,66.89102172851562,42.84531784057617,48.14687728881836,18.808923721313477,25.481184005737305,22.667112350463867,,91.95071411132812,126.30000305175781
2018-02-23,241.1690216064453,31.473480224609375,24.82372283935547,23.94456672668457,73.89347839355469,67.44673156738281,43.25921630859375,48.819881439208984,19.29955291748047,25.856653213500977,23.080615997314453,,92.76738739013672,126.13999938964844
2018-02-26,243.96951293945312,31.96660804748535,25.198808670043945,24.08725357055664,74.82875061035156,68.37577056884766,43.52983474731445,49.230125427246094,19.2420654296875,25.970556259155273,23.16330337524414,,92.79874420166016,126.44999694824219
2018-02-27,240.92312622070312,31.644001007080078,24.960113525390625,23.774024963378906,74.04940032958984,67.51620483398438,42.95676040649414,48.1883544921875,18.935409545898438,25.611967086791992,22.667112350463867,,92.66533660888672,125.12999725341797
2018-02-28,238.48265075683594,31.41815948486328,24.610605239868164,23.22761344909668,72.86299896240234,66.55241394042969,42.51102066040039,47.97171401977539,18.805084228515625,25.156339645385742,22.637042999267578,,93.2542953491211,125.0
2018-03-01,235.0149688720703,30.89736557006836,24.184375762939453,23.19281768798828,71.70259857177734,65.25003051757812,42.4155158996582,47.455448150634766,18.808923721313477,24.898996353149414,22.524267196655273,,93.8908920288086,124.72000122070312
2018-03-02,236.22642517089844,31.19233512878418,24.244041442871094,23.30069923400879,72.43000030517578,65.23265838623047,42.77369689941406,47.50154495239258,18.75908660888672,24.873685836791992,22.4490909576416,,93.12760162353516,125.38999938964844
2018-03-05,238.95675659179688,31.510332107543945,24.585033416748047,23.547809600830078,73.08814239501953,66.01409912109375,43.14778518676758,48.06851577758789,19.142396926879883,25.202749252319336,22.764848709106445,,92.87583923339844,125.18000030517578
2018-03-06,239.56248474121094,31.579465866088867,24.687332153320312,23.56173324584961,72.98423767089844,66.30931091308594,43.179630279541016,48.400413513183594,18.885587692260742,25.481184005737305,22.855066299438477,,92.96236419677734,126.52999877929688
2018-03-07,239.4747314453125,31.75461196899414,24.644702911376953,23.384235382080078,73.35661315917969,66.30062866210938,42.78961181640625,48.073143005371094,18.743757247924805,25.38837432861328,22.952804565429688,,92.8600845336914,125.72000122070312
2018-03-08,240.63348388671875,31.892864227294922,24.72142219543457,23.377269744873047,73.85018920898438,66.6479263305664,43.179630279541016,48.225250244140625,18.881746292114258,25.409465789794922,23.133241653442383,,93.39511108398438,125.41999816894531
2018-03-09,244.82110595703125,32.496620178222656,25.318151473999023,23.82274627685547,74.91534423828125,68.11529541015625,43.458194732666016,48.971988677978516,18.935409545898438,25.86931037902832,23.283599853515625,,92.78141021728516,125.54000091552734
2018-03-12,244.5138397216797,32.5980110168457,25.232906341552734,23.815792083740234,74.59492492675781,67.27308654785156,43.37860107421875,49.13331985473633,19.015907287597656,25.806028366088867,23.396371841430664,,93.31644439697266,125.54000091552734
2018-03-13,242.93362426757812,32.224700927734375,24.951589584350586,23.6452579498291,74.6902084350586,66.9431381225586,43.346763610839844,48.78761291503906,19.058073043823242,25.700551986694336,23.471553802490234,,93.7885971069336,125.77999877929688
2018-03-14,241.6869659423828,32.197044372558594,24.670272827148438,23.506046295166016,74.32648468017578,66.21377563476562,42.90900802612305,48.727691650390625,19.253562927246094,25.3841495513916,23.51665687561035,,94.61481475830078,125.69999694824219
2018-03-15,241.42367553710938,32.215484619140625,24.678804397583008,23.384235382080078,74.20524597167969,66.4048080444336,42.60653305053711,48.676979064941406,19.2420654296875,25.050872802734375,23.51665687561035,,94.61481475830078,124.9000015258789
2018-03-16,241.68545532226562,32.18218994140625,24.7001953125,23.592782974243164,74.20524597167969,66.7596206665039,42.62173843383789,48.626121520996094,19.410865783691406,25.049179077148438,23.639928817749023,,94.2764663696289,124.5999984741211
2018-03-19,238.41534423828125,31.54419708251953,24.520526885986328,23.228254318237305,73.00599670410156,66.24527740478516,42.20553207397461,48.02048873901367,19.291114807128906,24.68921661376953,23.40549659729004,,93.97747039794922,124.87000274658203
2018-03-20,238.82086181640625,31.53032112121582,24.580413818359375,23.424530029296875,73.11029815673828,66.47193145751953,42.085479736328125,48.307125091552734,19.202272415161133,24.66381072998047,23.397930145263672,,93.5997085571289,124.30999755859375
2018-03-21,238.36245727539062,31.34076690673828,24.571853637695312,24.037939071655273,72.79743957519531,66.55040740966797,41.56521224975586,48.2701530456543,19.136608123779297,24.943307876586914,23.186189651489258,,93.70204162597656,126.4800033569336
2018-03-22,232.40406799316406,30.531713485717773,23.66495704650879,23.54722023010254,70.70313262939453,64.3535385131836,41.22102355957031,47.243804931640625,19.221582412719727,24.197973251342773,23.102996826171875,,94.63055419921875,125.9800033569336
2018-03-23,227.45050048828125,29.718021392822266,22.94628143310547,23.40351104736328,69.23446655273438,63.412052154541016,40.70878219604492,46.31455993652344,18.951187133789062,23.72367286682129,22.740009307861328,,94.55976867675781,127.61000061035156
2018-03-26,233.67330932617188,30.846088409423828,23.690628051757812,23.824121475219727,70.66838836669922,64.94636535644531,41.29308319091797,47.683013916015625,19.148193359375,24.21068000793457,23.050065994262695,,94.19776916503906,128.27999877929688
2018-03-27,229.69818115234375,29.856727600097656,23.228620529174805,23.59979820251465,69.83409118652344,64.04843139648438,41.26906204223633,46.74913787841797,19.422456741333008,23.96505355834961,23.087879180908203,,95.20496368408203,127.48999786376953
2018-03-28,229.0194091796875,29.657920837402344,23.271400451660156,23.1406307220459,70.20775604248047,63.83050537109375,41.83735275268555,46.180484771728516,19.414730072021484,23.660146713256836,23.511369705200195,,95.45677947998047,125.7300033569336
2018-03-29,231.94577026367188,30.24507713317871,23.587953567504883,23.62783432006836,70.73786926269531,64.76329040527344,42.1254997253418,46.827735900878906,19.519027709960938,24.1132755279541,23.503801345825195,,95.92105865478516,125.79000091552734
2018-04-02,226.9392852783203,29.523849487304688,23.066055297851562,23.15464973449707,69.13018035888672,63.42948532104492,41.09297561645508,45.50551223754883,19.368375778198242,23.58814811706543,23.21643829345703,,96.11030578613281,127.26000213623047
2018-04-03,229.84796142578125,29.815113067626953,23.38262176513672,23.648862838745117,70.18167877197266,64.30997467041016,41.637245178222656,46.083396911621094,19.434045791625977,23.922706604003906,23.299617767333984,,95.36908721923828,126.30000305175781
2018-04-04,232.30715942382812,30.231201171875,23.630735397338867,23.61732292175293,71.18107604980469,64.58892822265625,42.285587310791016,46.929447174072266,19.47653579711914,24.07940101623535,23.57186508178711,,95.17191314697266,126.44999694824219
2018-04-05,234.1404571533203,30.35602378845215,23.818960189819336,24.04143714904785,71.1289291381836,65.24275970458984,42.389625549316406,47.55818557739258,19.63104820251465,24.528289794921875,23.594552993774414,,94.4621810913086,125.80000305175781
2018-04-06,228.9224853515625,29.611692428588867,23.245731353759766,23.60680389404297,69.41696166992188,63.43821334838867,41.95740509033203,46.54571533203125,19.47653579711914,23.93117332458496,23.352556228637695,,95.49520874023438,126.38999938964844
2018-04-09,230.0506591796875,29.842851638793945,23.374067306518555,23.71896743774414,70.10350036621094,63.24640655517578,41.93339920043945,46.43476486206055,19.51516342163086,24.062461853027344,23.34499168395996,,95.65292358398438,126.81999969482422
2018-04-10,233.70855712890625,30.57793426513672,23.724849700927734,24.504106521606445,71.28536224365234,64.21408081054688,42.02943801879883,46.99878692626953,19.3645076751709,24.55793571472168,23.186189651489258,,95.47944641113281,127.12000274658203
2018-04-11,232.48338317871094,30.39763069152832,23.442506790161133,24.759981155395508,70.70313262939453,63.743316650390625,41.949405670166016,46.85546875,19.337467193603516,24.375837326049805,23.24669075012207,,95.81855773925781,128.11000061035156
2018-04-12,234.39608764648438,30.76286506652832,23.853174209594727,24.7564754486084,71.18107604980469,64.65865325927734,41.885379791259766,47.05887985229492,19.08252716064453,24.634159088134766,22.97443962097168,,95.11669158935547,126.62000274658203
2018-04-13,233.70855712890625,30.66115951538086,23.49384307861328,25.029876708984375,71.14630889892578,64.50174713134766,42.09349060058594,46.795372009277344,19.233169555664062,24.608753204345703,23.095439910888672,,95.3375015258789,127.44999694824219
2018-04-16,235.6300811767578,30.896940231323242,23.59651756286621,25.28573989868164,71.711181640625,65.14685821533203,42.54970932006836,47.14670944213867,19.495847702026367,24.939077377319336,23.201311111450195,,95.36908721923828,127.62999725341797
2018-04-17,238.15093994140625,31.4702205657959,23.59651756286621,25.383886337280273,72.2673568725586,65.6960678100586,42.645755767822266,48.02511215209961,19.692855834960938,25.222810745239258,23.511369705200195,,95.62925720214844,127.75
2018-04-18,238.3271942138672,31.38701057434082,23.485286712646484,25.783464431762695,72.32817840576172,66.37602996826172,42.32559585571289,48.25164794921875,19.619462966918945,25.404903411865234,23.45086669921875,,94.86439514160156,127.8499984741211
2018-04-19,237.0050811767578,31.04026985168457,23.844627380371094,25.815013885498047,71.7198715209961,66.1929702758789,41.1009635925293,48.099082946777344,19.607872009277344,25.121171951293945,23.057628631591797,,94.0915756225586,127.5999984741211
2018-04-20,234.99542236328125,30.610309600830078,23.853174209594727,25.692338943481445,71.33746337890625,65.90528869628906,40.412620544433594,47.609031677246094,19.430179595947266,24.985658645629883,22.853437423706055,,93.4134292602539,126.62999725341797
2018-04-23,234.96023559570312,30.499347686767578,23.827516555786133,25.85006332397461,71.61557006835938,65.82683563232422,40.364593505859375,47.71073913574219,19.441768646240234,24.91366195678711,22.898818969726562,,93.43708038330078,125.62000274658203
2018-04-24,231.79592895507812,29.967679977416992,23.67351531982422,25.573162078857422,71.07681274414062,63.987422943115234,40.10847091674805,46.95717239379883,19.573104858398438,24.240320205688477,22.921504974365234,,93.01123809814453,126.2300033569336
2018-04-25,232.36880493164062,29.972301483154297,23.656400680541992,25.776458740234375,71.3983154296875,64.17047882080078,40.18050765991211,47.15135192871094,19.57696533203125,24.371599197387695,22.84587860107422,,92.38825988769531,125.41000366210938
2018-04-26,234.7310333251953,30.517845153808594,23.66495704650879,26.151498794555664,72.30209350585938,63.93510055541992,40.42062759399414,47.91416931152344,19.77397346496582,24.52405548095703,23.140810012817383,,93.03488159179688,124.97000122070312
2018-04-27,234.95138549804688,30.462358474731445,23.69917869567871,25.87460708618164,72.59754943847656,63.804344177246094,40.63673400878906,48.13145065307617,19.9748477935791,24.46053123474121,23.45086669921875,,93.75249481201172,125.5
2018-04-30,233.1444854736328,30.263565063476562,23.485286712646484,25.871105194091797,71.4852294921875,62.958736419677734,40.38060760498047,47.94192123413086,19.91690444946289,24.142915725708008,23.360116958618164,,93.91807556152344,124.58999633789062
2018-05-01,233.5587158203125,30.64266586303711,23.49384307861328,25.713369369506836,71.45047760009766,62.67104721069336,40.02842330932617,48.00661849975586,19.855098724365234,24.121747970581055,23.526493072509766,,93.57981872558594,123.70999908447266
2018-05-02,231.98980712890625,30.610309600830078,23.228620529174805,25.818519592285156,70.4684829711914,62.121829986572266,39.244022369384766,47.67839050292969,19.835783004760742,24.066696166992188,23.420621871948242,,93.47708892822266,123.6500015258789
2018-05-03,231.47854614257812,30.679655075073242,23.031835556030273,25.758930206298828,69.83409118652344,62.2700309753418,39.20401382446289,47.465721130371094,19.808738708496094,24.176801681518555,23.413057327270508,,93.89595794677734,124.27999877929688
2018-05-04,234.47537231445312,31.26217269897461,23.331287384033203,25.885120391845703,70.3902587890625,62.99359130859375,39.77228927612305,48.08985137939453,19.8975887298584,24.477468490600586,23.67774200439453,,94.03821563720703,124.54000091552734
2018-05-07,235.2687530517578,31.47946548461914,23.485286712646484,25.920164108276367,70.28599548339844,63.412052154541016,39.52416229248047,48.25164794921875,19.79329490661621,24.46900177001953,23.723114013671875,,93.8880615234375,124.56999969482422
2018-05-08,235.2687530517578,31.548812866210938,23.647846221923828,26.123464584350586,69.75589752197266,63.8653564453125,39.364078521728516,48.0482292175293,19.298843383789062,24.41818618774414,23.556743621826172,,93.80116271972656,124.58999633789062
2018-05-09,237.54266357421875,31.93716812133789,23.998628616333008,26.65624237060547,70.1556625366211,64.5540542602539,39.420108795166016,48.21467971801758,19.163644790649414,24.769678115844727,23.73823356628418,,93.2400131225586,124.33000183105469
2018-05-10,239.76390075683594,32.35326385498047,24.195409774780273,26.856027603149414,71.09417724609375,64.98995971679688,39.65222930908203,48.390350341796875,19.434045791625977,24.947542190551758,23.957544326782227,,93.99080657958984,125.18000030517578
2018-05-11,240.49549865722656,32.307029724121094,24.178295135498047,26.894580841064453,72.15438079833984,65.1294174194336,39.65222930908203,48.49205017089844,19.46108055114746,24.939077377319336,23.84410858154297,,94.22792053222656,125.0
2018-05-14,240.61007690429688,32.30240249633789,24.161182403564453,27.08035659790039,72.63231658935547,65.0160903930664,39.636234283447266,48.58450698852539,19.3876895904541,25.03647232055664,23.67774200439453,,93.72998809814453,124.48999786376953
2018-05-15,238.9530487060547,31.99726104736328,24.118412017822266,27.087366104125977,71.69378662109375,64.79814147949219,39.484153747558594,48.30250549316406,19.225446701049805,24.960243225097656,23.276939392089844,,92.66312408447266,122.4800033569336
2018-05-16,239.95787048339844,32.14059066772461,24.161182403564453,27.182003021240234,72.09356689453125,65.03353118896484,39.7642936706543,48.7047233581543,19.074800491333008,25.25668716430664,23.21643829345703,,92.3074722290039,122.29000091552734
2018-05-17,239.75509643554688,31.97416114807129,24.10985565185547,27.592098236083984,72.11961364746094,65.28634643554688,39.900360107421875,48.54291534423828,18.92028045654297,25.31597328186035,23.095439910888672,,91.84117126464844,122.36000061035156
2018-05-18,239.15567016601562,31.84007453918457,23.913068771362305,27.378284454345703,72.30209350585938,65.66993713378906,39.65222930908203,48.48280715942383,18.92414665222168,25.349855422973633,23.110559463500977,,92.6314926147461,122.41000366210938
2018-05-21,240.95382690429688,32.11747360229492,24.084182739257812,27.6586971282959,72.37162780761719,66.66374969482422,39.8203125,48.750938415527344,19.020715713500977,25.485374450683594,23.34499168395996,,92.67886352539062,122.4800033569336
2018-05-22,240.28399658203125,32.071231842041016,24.24673843383789,27.290660858154297,72.23261260986328,65.84427642822266,39.748287200927734,48.53366470336914,19.09025001525879,25.273624420166016,23.375247955322266,,92.53665161132812,122.41000366210938
2018-05-23,240.94500732421875,32.307029724121094,24.092741012573242,27.287151336669922,72.46721649169922,65.78324127197266,39.89236068725586,48.88502502441406,19.26407814025879,25.214332580566406,23.564306259155273,,93.20838165283203,122.54000091552734
2018-05-24,240.4514617919922,32.27003860473633,23.90451431274414,26.83850860595703,72.18043518066406,66.10577392578125,39.86034393310547,48.991355895996094,19.422456741333008,25.12540054321289,23.473556518554688,,93.95126342773438,123.58999633789062
2018-05-25,239.87850952148438,32.2469367980957,23.827516555786133,26.140995025634766,72.07615661621094,65.98374938964844,39.92436981201172,49.0653190612793,19.50743865966797,24.98988914489746,23.58698844909668,,94.53609466552734,123.20999908447266
2018-05-29,237.1197052001953,32.071231842041016,23.031835556030273,26.06036949157715,71.33746337890625,64.92892456054688,39.83632278442383,48.68623733520508,19.50743865966797,24.55793571472168,23.647493362426758,,96.60669708251953,123.19000244140625
2018-05-30,240.28399658203125,32.307029724121094,23.45106315612793,26.84902000427246,72.4063949584961,65.84427642822266,40.3966178894043,49.130043029785156,19.665815353393555,24.845905303955078,23.957544326782227,,95.95864868164062,123.37000274658203
2018-05-31,238.81201171875,32.3162727355957,23.254283905029297,26.645723342895508,71.61557006835938,64.89403533935547,39.748287200927734,48.89426803588867,19.696718215942383,24.63840103149414,23.881929397583008,,95.80060577392578,123.0999984741211
2018-06-01,241.15663146972656,32.86642837524414,23.51095199584961,26.771907806396484,72.44113159179688,65.60888671875,39.748287200927734,49.25487518310547,19.395414352416992,25.015296936035156,23.9802303314209,,95.2944107055664,122.48999786376953
2018-06-04,242.3024444580078,33.129966735839844,23.587953567504883,26.540569305419922,72.71051788330078,65.51300811767578,40.07644271850586,49.805030822753906,19.240901947021484,25.159282684326172,24.21466827392578,,94.60526275634766,122.37000274658203
2018-06-05,242.47869873046875,33.245540618896484,23.485286712646484,26.47747802734375,72.56281280517578,65.5914535522461,39.89236068725586,50.096282958984375,19.140464782714844,25.349855422973633,24.093669891357422,,94.82705688476562,122.8499984741211
2018-06-06,244.5059814453125,33.462833404541016,23.913068771362305,26.60366439819336,73.37968444824219,66.14066314697266,39.94038772583008,50.56321334838867,18.684642791748047,25.81991958618164,24.16172981262207,,94.05864715576172,122.91999816894531
2018-06-07,244.47952270507812,33.19468688964844,23.990074157714844,27.006755828857422,73.47527313232422,66.4196548461914,40.18850326538086,50.7111701965332,18.81598472595215,25.688644409179688,24.16172981262207,,94.96965026855469,122.86000061035156
2018-06-08,245.20225524902344,33.139198303222656,24.024293899536133,26.95416259765625,73.90109252929688,66.6375961303711,40.68476867675781,50.81748580932617,18.808258056640625,25.760629653930664,24.244916915893555,,94.68447875976562,123.01000213623047
2018-06-11,245.52838134765625,33.17619323730469,23.972965240478516,27.094377517700195,74.04012298583984,66.76832580566406,41.020938873291016,51.020896911621094,18.769638061523438,25.79874610900879,24.237354278564453,,94.51018524169922,123.2300033569336
2018-06-12,245.845703125,33.338008880615234,23.913068771362305,26.8875732421875,73.9966812133789,66.6985855102539,41.1009635925293,51.26593017578125,18.9859561920166,25.83262825012207,24.373476028442383,,94.53395080566406,122.81999969482422
2018-06-13,245.06129455566406,33.16695785522461,23.827516555786133,26.785926818847656,74.01407623291016,66.16682434082031,40.972904205322266,51.34452819824219,18.935731887817383,25.553125381469727,23.82898712158203,,94.4864273071289,123.19000244140625
2018-06-14,245.67823791503906,33.40271759033203,23.605072021484375,26.747360229492188,74.39643096923828,65.91400909423828,41.04494094848633,51.88081741333008,19.171369552612305,25.59124755859375,24.055856704711914,,95.2706527709961,123.37999725341797
2018-06-15,245.36483764648438,33.2751350402832,23.60420799255371,26.17288589477539,74.54122161865234,65.74947357177734,41.572452545166016,51.96610641479492,19.307781219482422,25.412548065185547,24.01696014404297,,95.3577651977539,121.33999633789062
2018-06-18,244.86019897460938,33.312255859375,23.561248779296875,26.43401527404785,73.82596588134766,65.47811889648438,40.96751022338867,51.87803268432617,19.37013816833496,25.348730087280273,23.994081497192383,,95.2706527709961,121.11000061035156
2018-06-19,243.92166137695312,33.14058303833008,23.501096725463867,26.3740177154541,74.01787567138672,64.09523010253906,41.185306549072266,51.813133239746094,19.561111450195312,24.88498306274414,24.024593353271484,46.20410919189453,95.82512664794922,120.80000305175781
2018-06-20,244.33773803710938,33.210182189941406,23.440946578979492,26.4904727935791,74.17488098144531,64.13897705078125,41.225624084472656,52.058799743652344,19.576698303222656,24.804141998291016,24.28389549255371,46.777496337890625,94.98546600341797,120.26000213623047
2018-06-21,242.80604553222656,32.95500564575195,23.372207641601562,25.999971389770508,73.74748992919922,63.33374786376953,41.3062858581543,51.68798065185547,19.642953872680664,24.540361404418945,24.428810119628906,46.49079895019531,95.48450469970703,120.05000305175781
2018-06-22,243.24880981445312,32.848297119140625,23.2605037689209,26.51871109008789,74.0789566040039,63.55257034301758,41.64506912231445,51.59989547729492,19.779367446899414,24.897747039794922,24.642366409301758,46.69426727294922,95.47663879394531,120.33999633789062
2018-06-25,239.93748474121094,32.16627883911133,23.011310577392578,25.985858917236328,73.39859771728516,62.747344970703125,41.85478210449219,50.47817611694336,20.10675048828125,24.510576248168945,24.581344604492188,45.732452392578125,95.69049835205078,119.88999938964844
2018-06-26,240.46875,32.29618453979492,22.933979034423828,26.314037322998047,73.17180633544922,62.98362731933594,41.67732620239258,50.83972930908203,20.13013458251953,24.604185104370117,24.711009979248047,45.808284759521484,95.82512664794922,119.26000213623047
2018-06-27,238.4766387939453,31.855424880981445,22.650421142578125,26.666919708251953,72.55252838134766,62.475975036621094,41.58861541748047,50.18152618408203,20.227567672729492,24.52760124206543,24.642366409301758,45.40876388549805,96.7281723022461,118.58000183105469
2018-06-28,239.84005737304688,32.24515914916992,22.84804916381836,26.631624221801758,72.64845275878906,62.56352615356445,41.58861541748047,50.57551193237305,20.219778060913086,24.62119483947754,24.88642692565918,45.861915588378906,96.75192260742188,118.22000122070312
2018-06-29,240.18540954589844,32.231231689453125,22.84804916381836,26.79747200012207,72.79673767089844,62.694793701171875,41.56440353393555,50.6635856628418,20.250947952270508,24.7062931060791,24.94744110107422,45.80643081665039,96.41926574707031,118.6500015258789
2018-07-02,240.6988983154297,32.518890380859375,22.95975112915039,26.402250289916992,73.0235366821289,62.8348503112793,41.322418212890625,50.73310852050781,20.39515495300293,24.57440185546875,24.802520751953125,46.093135833740234,96.34384155273438,117.45999908447266
2018-07-03,239.84896850585938,32.13379669189453,22.75352668762207,26.56810760498047,73.19798278808594,62.6335563659668,41.4192008972168,50.47817611694336,20.45362091064453,24.531856536865234,24.94744110107422,45.52899169921875,96.85991668701172,118.6500015258789
2018-07-05,241.80557250976562,32.58848190307617,22.805082321166992,26.53988265991211,73.95682525634766,62.93988037109375,41.99190902709961,50.728485107421875,20.562747955322266,24.744583129882812,25.2753963470459,46.22260665893555,97.13775634765625,119.05000305175781
2018-07-06,243.850830078125,32.968929290771484,22.916786193847656,26.70219612121582,75.02095794677734,63.158687591552734,42.12095642089844,51.127132415771484,20.722536087036133,24.867961883544922,25.382165908813477,46.953216552734375,97.45531463623047,118.86000061035156
2018-07-09,246.0465850830078,33.21946334838867,23.440946578979492,27.1009578704834,75.57047271728516,64.33152770996094,41.95964050292969,51.73897171020508,20.083362579345703,25.08919906616211,25.145734786987305,47.22141647338867,96.82810974121094,119.1500015258789
2018-07-10,246.93194580078125,33.298336029052734,23.355018615722656,27.302091598510742,75.8582992553711,64.53288269042969,42.4597282409668,51.850215911865234,20.274341583251953,25.30193519592285,25.26776123046875,47.20199203491211,96.82018280029297,118.93000030517578
2018-07-11,245.12574768066406,33.168426513671875,23.24331283569336,26.723377227783203,75.25646209716797,63.47379684448242,42.32260513305664,51.72970199584961,20.45751953125,24.876476287841797,25.191492080688477,47.13817596435547,97.19332885742188,117.63999938964844
2018-07-12,247.34800720214844,33.69270324707031,23.28627586364746,26.769237518310547,76.09379577636719,64.21778106689453,42.26613998413086,52.07270050048828,20.473108291625977,24.936031341552734,25.25251007080078,47.87803268432617,97.18539428710938,118.12999725341797
2018-07-13,247.54287719726562,33.65559005737305,23.183168411254883,26.910400390625,76.23336029052734,64.55035400390625,42.54039001464844,52.1885986328125,20.477005004882812,24.92327308654785,25.168621063232422,47.80405044555664,97.4314956665039,117.61000061035156
2018-07-16,247.3214874267578,33.576717376708984,23.595613479614258,26.599863052368164,75.77107238769531,64.28775787353516,42.338748931884766,52.31837463378906,20.45751953125,24.72330665588379,25.031333923339844,47.665321350097656,97.02658081054688,117.55000305175781
2018-07-17,248.32203674316406,33.82725524902344,23.621397018432617,26.494007110595703,76.18974304199219,64.54161071777344,42.701717376708984,52.36937713623047,20.441925048828125,25.046659469604492,24.863536834716797,47.67457962036133,96.8440170288086,116.27999877929688
2018-07-18,248.84437561035156,33.771583557128906,23.999481201171875,26.51164436340332,76.25080871582031,65.25057220458984,42.35486602783203,52.336917877197266,20.33669662475586,24.812652587890625,24.77202606201172,47.53585433959961,96.45492553710938,116.30999755859375
2018-07-19,247.9059295654297,33.65095138549805,23.638580322265625,26.51871109008789,75.82340240478516,65.22428894042969,42.37907028198242,52.21641159057617,20.523771286010742,24.902002334594727,25.008451461791992,47.20292663574219,97.0663070678711,115.80999755859375
2018-07-20,247.62257385253906,33.66022872924805,23.68153953552246,26.426956176757812,75.67514038085938,65.15426635742188,42.63719177246094,51.984642028808594,20.37956428527832,24.799894332885742,24.787273406982422,47.04569625854492,95.87538146972656,116.55999755859375
2018-07-23,248.08297729492188,33.831886291503906,24.008068084716797,26.310510635375977,75.8321533203125,64.75167846679688,42.37099838256836,51.929012298583984,20.235366821289062,24.663747787475586,24.7186336517334,47.23990249633789,94.69245910644531,116.0
2018-07-24,249.33135986328125,34.01747131347656,24.076810836791992,26.642210006713867,76.5212173461914,65.02301025390625,42.451656341552734,51.77604675292969,20.305513381958008,24.982837677001953,24.649991989135742,47.57284927368164,95.01792907714844,116.04000091552734
2018-07-25,251.45628356933594,34.44432067871094,24.12836265563965,26.864519119262695,77.49808502197266,66.01202392578125,42.774314880371094,52.156158447265625,20.363981246948242,25.17854881286621,24.8940486907959,47.915035247802734,94.86711120605469,116.68000030517578
2018-07-26,250.8630828857422,33.9153938293457,24.119773864746094,27.15741729736328,77.28003692626953,66.51969909667969,43.000152587890625,51.88267135620117,20.582233428955078,25.323204040527344,24.97794532775879,46.1079216003418,94.68452453613281,115.7699966430664
2018-07-27,249.1632080078125,33.33545684814453,24.171335220336914,27.04096221923828,76.72181701660156,66.52845001220703,43.05662536621094,51.74824523925781,20.51597785949707,25.229598999023438,24.749134063720703,45.2330436706543,94.8432846069336,115.83000183105469
2018-07-30,247.86167907714844,32.8158073425293,24.188512802124023,27.263277053833008,76.7654037475586,65.87200164794922,43.00822448730469,51.33570861816406,20.39125633239746,25.182802200317383,24.72625732421875,44.52092742919922,94.5177993774414,115.6500015258789
2018-07-31,249.0833282470703,32.903968811035156,24.016660690307617,27.213869094848633,77.56787872314453,67.32493591308594,43.20987319946289,51.57673263549805,20.57444190979004,25.412548065185547,25.206748962402344,44.81687545776367,95.03385162353516,115.98999786376953
2018-08-01,248.66726684570312,33.200889587402344,24.016660690307617,26.836307525634766,77.5853271484375,66.41464233398438,42.84689712524414,51.321800231933594,20.441925048828125,25.153018951416016,25.37453842163086,44.63191223144531,94.25959777832031,115.13999938964844
2018-08-02,250.02197265625,33.61848449707031,24.025243759155273,26.688081741333008,77.87317657470703,66.32711029052734,43.282466888427734,51.674068450927734,20.54325294494629,24.987091064453125,25.25251007080078,44.92786407470703,94.3948745727539,114.5199966430664
2018-08-03,251.09326171875,33.739105224609375,24.162742614746094,26.550460815429688,78.33543395996094,66.38838195800781,43.79063034057617,51.850215911865234,20.77320671081543,25.22534942626953,25.580467224121094,45.2330436706543,94.86438751220703,114.91999816894531
2018-08-06,252.01400756835938,33.9200553894043,24.291624069213867,26.649274826049805,78.47501373291016,66.48467254638672,43.83096694946289,52.19786834716797,20.788793563842773,25.216838836669922,25.527080535888672,45.68620681762695,94.92005157470703,114.33000183105469
2018-08-07,252.8462371826172,34.049957275390625,24.403335571289062,26.846881866455078,78.4837417602539,66.95728302001953,43.56476593017578,52.438899993896484,20.757614135742188,25.30193519592285,25.473690032958984,45.74169921875,94.42672729492188,114.58999633789062
2018-08-08,252.73997497558594,34.14274215698242,24.463478088378906,26.65279769897461,78.60586547851562,66.65972137451172,43.23408889770508,52.49452590942383,20.648487091064453,25.195566177368164,25.313526153564453,45.70469665527344,94.52222442626953,114.91000366210938
2018-08-09,252.3947296142578,34.15666961669922,24.317407608032227,26.40578269958496,78.51863098144531,66.2920913696289,43.105018615722656,52.689208984375,20.742023468017578,25.331710815429688,25.359289169311523,45.95439910888672,95.31792449951172,114.73999786376953
2018-08-10,250.7036590576172,33.88292694091797,24.03384780883789,26.56810760498047,78.17843627929688,65.70570373535156,42.943687438964844,52.24885559082031,20.652381896972656,24.965816497802734,25.115232467651367,45.56599426269531,96.01019287109375,114.69000244140625
2018-08-13,249.7651824951172,33.836524963378906,23.80183982849121,26.22934913635254,78.20462036132812,65.3906021118164,42.943687438964844,51.984642028808594,20.67966651916504,24.714792251586914,25.10759925842285,45.50125503540039,95.81124877929688,112.95999908447266
2018-08-14,251.35885620117188,34.045310974121094,24.025243759155273,26.292863845825195,78.5709457397461,65.84575653076172,43.242130279541016,52.48988342285156,20.722536087036133,24.92327308654785,25.206748962402344,45.8249397277832,95.5964126586914,113.06999969482422
2018-08-15,249.4818115234375,33.739105224609375,23.836210250854492,25.375385284423828,78.44010925292969,65.5306396484375,43.419586181640625,51.850215911865234,20.91351318359375,24.52760124206543,25.42793083190918,45.186805725097656,96.15338134765625,111.19000244140625
2018-08-16,251.50050354003906,33.88755798339844,24.154142379760742,25.558883666992188,79.2076644897461,66.36214447021484,44.04066848754883,52.10516357421875,21.139562606811523,24.6765079498291,25.626220703125,45.16830062866211,96.14544677734375,111.0999984741211
2018-08-17,252.38584899902344,33.93860626220703,24.205698013305664,25.622394561767578,79.45189666748047,66.7647705078125,44.37944793701172,52.15150833129883,21.248689651489258,24.859453201293945,25.870285034179688,44.95559310913086,96.2647933959961,112.12999725341797
2018-08-20,252.92599487304688,33.88755798339844,24.28303337097168,25.795310974121094,79.71357727050781,67.21112823486328,44.355262756347656,52.52233123779297,21.17463493347168,25.033891677856445,25.90079116821289,45.02956771850586,96.90930938720703,112.69000244140625
2018-08-21,253.51922607421875,33.94324493408203,24.377553939819336,25.925870895385742,79.71357727050781,67.71003723144531,44.04066848754883,52.939510345458984,21.022645950317383,25.131750106811523,25.664365768432617,45.307037353515625,96.58307647705078,113.0199966430664
2018-08-22,253.36862182617188,34.045310974121094,24.291624069213867,26.236400604248047,79.79206848144531,67.05360412597656,43.76642608642578,52.99513244628906,20.86674690246582,25.004108428955078,25.504194259643555,45.25153732299805,96.96500396728516,113.2699966430664
2018-08-23,253.0321502685547,34.11954879760742,24.179920196533203,26.11289405822754,79.76590728759766,66.86104583740234,43.66157913208008,52.94414520263672,20.851152420043945,24.83392333984375,25.443187713623047,45.06657791137695,97.11620330810547,112.19999694824219
2018-08-24,254.55499267578125,34.46287155151367,24.265846252441406,26.303451538085938,80.14969635009766,67.14987182617188,43.60512161254883,53.25470733642578,20.940792083740234,25.157272338867188,25.618593215942383,45.72319793701172,97.30713653564453,114.16000366210938
2018-08-27,256.56475830078125,34.778358459472656,24.592376708984375,26.49753761291504,80.4375228881836,67.9988784790039,43.62931442260742,53.597713470458984,20.81218719482422,25.501890182495117,25.580467224121094,46.167110443115234,96.75016784667969,114.58999633789062
2018-08-28,256.6888427734375,34.83868408203125,24.56659507751465,26.384611129760742,80.48114013671875,67.85883331298828,43.4841194152832,53.70432662963867,20.769311904907227,25.404035568237305,25.893163681030273,45.96365737915039,96.16932678222656,113.68000030517578
2018-08-29,258.0700378417969,35.154170989990234,24.557998657226562,26.546932220458984,81.0044937133789,67.91133117675781,43.53250503540039,54.30691146850586,20.921308517456055,25.59549331665039,25.855039596557617,46.22260665893555,96.29663848876953,114.19999694824219
2018-08-30,257.0251770019531,35.047454833984375,24.36895751953125,26.472835540771484,80.94343566894531,67.438720703125,43.3953971862793,53.9963493347168,20.929100036621094,25.293424606323242,25.717748641967773,45.93592071533203,96.5035400390625,113.63999938964844
2018-08-31,257.0341491699219,35.075286865234375,24.343183517456055,26.26816177368164,80.92597198486328,67.48249053955078,43.37926483154297,54.20957946777344,20.839460372924805,25.216838836669922,25.816898345947266,45.48274612426758,96.28071594238281,113.51000213623047
2018-09-04,256.59136962890625,34.940757751464844,24.463478088378906,26.211698532104492,80.28052520751953,67.42992401123047,43.32279968261719,54.31155776977539,20.932998657226562,25.042402267456055,25.58809471130371,44.918617248535156,95.72407531738281,112.93000030517578
2018-09-05,255.90089416503906,34.50462341308594,24.48066520690918,26.17641258239746,80.603271484375,67.91133117675781,43.8228874206543,53.727508544921875,21.22530746459961,25.208328247070312,25.748260498046875,44.335960388183594,95.46887969970703,113.31999969482422
2018-09-06,255.13058471679688,34.25410461425781,24.36895751953125,25.692970275878906,80.603271484375,68.12142181396484,43.943878173828125,53.57917785644531,21.346120834350586,25.25937843322754,25.832157135009766,44.0030403137207,95.81971740722656,113.54000091552734
2018-09-07,254.6348114013672,34.138099670410156,24.343183517456055,25.689443588256836,80.7253646850586,67.91133117675781,43.855159759521484,53.57453536987305,21.084997177124023,25.09345817565918,25.504194259643555,44.09551239013672,95.00631713867188,113.2300033569336
2018-09-10,255.07742309570312,34.244808197021484,24.317407608032227,25.67885398864746,80.51602172851562,68.26145935058594,44.008426666259766,53.77385330200195,21.19022560119629,25.12323760986328,25.641477584838867,44.187992095947266,95.35720825195312,113.1500015258789
2018-09-11,255.91844177246094,34.537105560302734,24.343183517456055,25.92234230041504,80.44625854492188,68.24394989013672,43.84710693359375,54.2049446105957,21.135665893554688,25.17429542541504,25.649112701416016,44.63191223144531,94.63147735595703,113.22000122070312
2018-09-12,255.98048400878906,34.393280029296875,24.119773864746094,26.05643081665039,80.84747314453125,68.4540023803711,44.355262756347656,54.30691146850586,21.116178512573242,25.187055587768555,25.671985626220703,44.50243377685547,94.85476684570312,114.16999816894531
2018-09-13,257.49456787109375,34.79692840576172,24.08540153503418,26.067026138305664,81.85054779052734,68.86536407470703,44.29072952270508,54.399620056152344,21.275972366333008,25.2849063873291,25.832157135009766,44.81687545776367,94.99832153320312,113.76000213623047
2018-09-14,257.538818359375,34.769081115722656,24.25725746154785,26.20465087890625,81.58016204833984,69.20672607421875,44.169734954833984,54.1956672668457,21.16294288635254,25.276399612426758,25.610973358154297,44.733638763427734,94.54374694824219,113.0199966430664
2018-09-17,256.17529296875,34.33296585083008,24.154142379760742,26.24698829650879,81.28359985351562,69.23298645019531,44.33106231689453,53.52355194091797,21.23310089111328,25.365747451782227,25.755884170532227,44.29896926879883,94.54374694824219,113.61000061035156
2018-09-18,257.5653381347656,34.551021575927734,24.274438858032227,26.41990089416504,81.75460052490234,69.86320495605469,44.145530700683594,54.2049446105957,21.194129943847656,25.391273498535156,25.603347778320312,44.61343002319336,93.55482482910156,113.44000244140625
2018-09-19,257.83984375,34.46287155151367,24.686891555786133,26.501052856445312,81.6412124633789,69.8019027709961,44.06487274169922,54.22811508178711,20.734230041503906,25.667823791503906,25.359289169311523,44.733638763427734,92.99661254882812,113.87999725341797
2018-09-20,259.92926025390625,34.87116622924805,24.901710510253906,26.50811767578125,82.4349365234375,69.90695190429688,44.62143325805664,54.59893798828125,20.777101516723633,25.944368362426758,25.54996109008789,45.22380447387695,93.42723083496094,114.2699966430664
2018-09-21,259.6918640136719,34.73334884643555,24.805038452148438,26.68328094482422,82.54615020751953,70.35901641845703,44.69292068481445,54.35765075683594,20.865585327148438,25.888370513916016,25.549962997436523,45.02163314819336,93.3873519897461,113.48999786376953
2018-09-24,258.82916259765625,34.90561294555664,24.52885627746582,27.074119567871094,82.7125244140625,69.15408325195312,44.01058578491211,54.004310607910156,20.680761337280273,25.525005340576172,25.048980712890625,45.02163314819336,93.14811706542969,113.47000122070312
2018-09-25,258.5890808105469,34.86371994018555,24.433916091918945,27.248218536376953,82.45858764648438,68.94303131103516,43.75063705444336,54.23212432861328,20.397619247436523,25.392494201660156,25.025856018066406,45.04018783569336,93.05243682861328,113.6500015258789
2018-09-26,257.81524658203125,34.73334884643555,24.140472412109375,26.985286712646484,82.64248657226562,68.8990478515625,43.79939270019531,54.35765075683594,20.19706916809082,25.140281677246094,24.748390197753906,45.21638107299805,93.70635223388672,113.05000305175781
2018-09-27,258.53564453125,34.93819046020508,24.054162979125977,26.985286712646484,83.0627670288086,68.99578094482422,43.74252700805664,54.543617248535156,20.405487060546875,24.922256469726562,24.825471878051758,45.60585403442383,93.77020263671875,112.05000305175781
2018-09-28,258.56231689453125,35.068538665771484,23.803871154785156,26.91067886352539,83.31671905517578,68.95182800292969,43.80751419067383,54.49713134765625,20.704347610473633,24.764089584350586,25.133760452270508,45.438934326171875,93.52294158935547,112.76000213623047
2018-10-01,259.460693359375,35.23613357543945,23.8988094329834,27.283748626708984,83.72825622558594,69.55867004394531,43.7750129699707,54.32975769042969,20.633567810058594,25.01202964782715,24.941076278686523,45.25346755981445,92.83639526367188,112.56999969482422
2018-10-02,259.3093566894531,35.24079513549805,23.8988094329834,27.312175750732422,83.63195037841797,69.71696472167969,44.02683639526367,53.595191955566406,20.912769317626953,25.118900299072266,24.864002227783203,45.21638107299805,93.40383911132812,113.87000274658203
2018-10-03,259.4516906738281,35.34786605834961,24.123207092285156,27.53246307373047,83.47433471679688,70.00720977783203,43.55569076538086,53.413875579833984,20.661096572875977,24.93935775756836,24.578828811645508,45.420387268066406,91.78131103515625,113.41999816894531
2018-10-04,257.4238586425781,34.710086822509766,24.28719139099121,27.418764114379883,82.65998840332031,69.77853393554688,43.450096130371094,52.57703399658203,20.77120018005371,24.82394027709961,24.463220596313477,44.771244049072266,91.13391876220703,113.4800033569336
2018-10-05,255.98306274414062,34.272491455078125,24.166362762451172,27.41521644592285,82.56365203857422,69.4179458618164,43.40947723388672,52.18185043334961,21.08972930908203,24.64011573791504,24.47092628479004,44.344688415527344,90.35061645507812,113.80000305175781
2018-10-08,255.98306274414062,33.88610076904297,24.330350875854492,27.393890380859375,82.52864837646484,69.59383392333984,44.01058578491211,52.31667709350586,21.266691207885742,24.62729263305664,24.786930084228516,44.196319580078125,90.04688262939453,112.54000091552734
2018-10-09,255.60958862304688,34.00713348388672,24.23540687561035,27.63905143737793,82.66875457763672,68.52088928222656,43.91311264038086,52.16326141357422,21.35320281982422,23.810800552368164,24.871707916259766,44.168495178222656,90.95805358886719,112.5999984741211
2018-10-10,247.51608276367188,32.35913848876953,23.484521865844727,26.77210235595703,80.71609497070312,66.31336212158203,43.38510513305664,50.4058837890625,21.2352352142334,23.186677932739258,24.478635787963867,42.42513656616211,90.71029663085938,112.87999725341797
2018-10-11,242.06422424316406,31.94947052001953,22.785429000854492,25.8660888671875,78.5357437133789,64.56317138671875,42.312862396240234,49.51791000366211,20.84592056274414,22.917362213134766,23.761844635009766,42.0634765625,91.81327056884766,115.77999877929688
2018-10-12,245.4261016845703,32.973655700683594,22.81131935119629,25.937143325805664,79.74410247802734,64.99412536621094,42.548439025878906,50.43378448486328,20.822328567504883,22.981489181518555,23.746431350708008,43.00006103515625,91.49359893798828,115.2300033569336
2018-10-15,244.0475311279297,32.433624267578125,22.707752227783203,25.72041130065918,79.19245910644531,65.11727142333984,42.80836868286133,50.317562103271484,20.920629501342773,22.904537200927734,23.892871856689453,42.833160400390625,91.45366668701172,116.0
2018-10-16,249.38377380371094,33.411251068115234,23.087501525878906,25.93359375,81.36404418945312,66.21659851074219,43.287635803222656,51.326412200927734,21.136920928955078,23.272174835205078,24.339902877807617,43.9644889831543,91.66141510009766,115.80000305175781
2018-10-17,249.4283447265625,33.25762939453125,23.320539474487305,25.77015495300293,81.79312133789062,65.73290252685547,43.49070358276367,50.9033317565918,21.097599029541016,23.122554779052734,24.270530700683594,44.14067459106445,91.117919921875,115.79000091552734
2018-10-18,245.82623291015625,32.605873107910156,22.932153701782227,25.642242431640625,80.86493682861328,64.59833526611328,43.433841705322266,49.92701721191406,21.12904930114746,22.861787796020508,24.278244018554688,43.33390808105469,91.08596801757812,115.91999816894531
2018-10-19,245.69288635253906,32.5919075012207,23.018457412719727,25.414852142333984,80.12940216064453,64.36090850830078,44.42486572265625,49.43886947631836,21.459383010864258,22.699352264404297,24.524877548217773,43.32463836669922,90.88611602783203,116.01000213623047
2018-10-22,244.590087890625,32.86193084716797,22.526500701904297,25.134159088134766,79.47267150878906,64.14104461669922,44.09181213378906,49.63877487182617,21.321746826171875,22.519805908203125,24.178041458129883,43.296810150146484,90.76624298095703,115.70999908447266
2018-10-23,243.34495544433594,32.736228942871094,22.34525489807129,24.476844787597656,79.04361724853516,63.08563232421875,44.28675842285156,49.64807891845703,21.203771591186523,22.297513961791992,24.332189559936523,43.20408248901367,91.05397033691406,116.38999938964844
2018-10-24,235.97190856933594,31.26979637145996,21.784250259399414,23.510421752929688,76.43421173095703,60.9484748840332,44.473594665527344,48.165008544921875,21.718923568725586,21.592164993286133,24.617368698120117,41.14542007446289,91.74138641357422,116.66000366210938
2018-10-25,240.20533752441406,32.34518051147461,22.120845794677734,23.798221588134766,77.42367553710938,61.37942123413086,44.57920455932617,49.620182037353516,21.3807315826416,21.870027542114258,24.910245895385742,42.50859832763672,91.35773468017578,116.4000015258789
2018-10-26,235.98080444335938,31.698083877563477,21.801509857177734,23.620561599731445,76.54805755615234,60.7725715637207,43.726280212402344,48.07667922973633,20.98748779296875,21.741788864135742,24.26282501220703,41.358699798583984,91.90922546386719,116.7699966430664
2018-10-29,234.67340087890625,31.162734985351562,21.99138641357422,23.179988861083984,76.74069213867188,59.76116943359375,44.22990798950195,47.653602600097656,21.28242301940918,21.690492630004883,24.663606643676758,40.71884536743164,91.70135498046875,116.30999755859375
2018-10-30,238.1509246826172,31.51188087463379,22.37114143371582,23.71649742126465,77.56378936767578,60.99246597290039,45.10719299316406,48.36956787109375,21.36499786376953,22.186372756958008,25.072097778320312,41.8316535949707,91.24580383300781,115.80000305175781
2018-10-31,240.69454956054688,32.261390686035156,22.68185806274414,23.8621768951416,77.66886138916016,61.45857620239258,44.68479537963867,48.992557525634766,21.113325119018555,22.489879608154297,24.73297119140625,42.69404983520508,90.78223419189453,115.1500015258789
2018-11-01,243.25601196289062,32.63847351074219,22.785429000854492,24.064701080322266,78.64958190917969,62.54036331176758,45.0015983581543,49.992122650146484,21.018949508666992,23.122554779052734,24.825471878051758,42.944435119628906,90.86637115478516,116.62999725341797
2018-11-02,241.81524658203125,32.00067138671875,22.768163681030273,24.004297256469727,78.15923309326172,62.434814453125,44.766029357910156,50.196678161621094,20.900970458984375,23.06698226928711,24.617368698120117,42.50859832763672,89.73663330078125,116.6500015258789
2018-11-05,243.1492156982422,31.968101501464844,23.130661010742188,24.405790328979492,78.85099792480469,62.760231018066406,45.326515197753906,50.266414642333984,21.195913314819336,23.135377883911133,25.025856018066406,42.332393646240234,90.08914184570312,116.37000274658203
2018-11-06,244.68788146972656,32.16828155517578,23.251493453979492,24.519487380981445,79.2537612915039,63.41984176635742,45.60270690917969,50.48958206176758,21.337472915649414,23.51584243774414,25.164588928222656,42.58277130126953,90.0330581665039,116.04000091552734
2018-11-07,249.9264373779297,33.11330032348633,23.553573608398438,24.920974731445312,81.58295440673828,64.4488296508789,45.862640380859375,51.856422424316406,21.581289291381836,23.939050674438477,25.442052841186523,43.36172103881836,90.15327453613281,116.02999877929688
2018-11-08,249.47280883789062,33.085384368896484,23.622617721557617,24.380916595458984,81.6267318725586,64.34330749511719,45.88701248168945,51.870361328125,21.545896530151367,23.83645248413086,25.49600601196289,42.95370864868164,90.145263671875,115.77999877929688
2018-11-09,247.03590393066406,32.51277160644531,23.406848907470703,24.338281631469727,81.39031982421875,63.69251251220703,46.15506362915039,51.149749755859375,21.57735252380371,23.50301170349121,25.52684211730957,42.0727424621582,90.81829071044922,114.4800033569336
2018-11-12,242.41998291015625,31.367568969726562,22.94078254699707,23.833755493164062,80.28701782226562,62.434814453125,45.9113655090332,50.1223030090332,21.565555572509766,23.15675163269043,25.58078956604004,41.4421501159668,91.41116333007812,113.66000366210938
2018-11-13,241.96633911132812,31.40481185913086,23.070241928100586,23.28658676147461,79.72660064697266,62.71627426147461,45.8057861328125,50.09904479980469,21.656002044677734,23.088356018066406,25.634740829467773,41.31233596801758,91.35511016845703,113.69999694824219
2018-11-14,240.3121795654297,31.02771759033203,22.759536743164062,23.24749755859375,79.08740234375,62.50517272949219,45.497093200683594,49.72246170043945,21.431856155395508,23.062707901000977,25.62703514099121,41.516353607177734,91.41116333007812,114.63999938964844
2018-11-15,242.82008361816406,31.805171966552734,23.09614372253418,23.58858871459961,79.78791046142578,63.3318977355957,45.423988342285156,49.64807891845703,21.254894256591797,23.379045486450195,25.426645278930664,41.822364807128906,91.37113189697266,114.7699966430664
2018-11-16,243.45162963867188,31.753957748413086,23.12203025817871,23.869285583496094,80.5934829711914,63.31429672241211,45.53771209716797,49.45280456542969,21.581289291381836,23.61415672302246,25.788883209228516,41.61835861206055,91.89995574951172,115.62000274658203
2018-11-19,239.33372497558594,30.543569564819336,23.1133975982666,23.8621768951416,79.56897735595703,62.311676025390625,45.4646110534668,48.24404525756836,21.675668716430664,23.276453018188477,25.858253479003906,40.35718536376953,92.15632629394531,115.66999816894531
2018-11-20,234.90464782714844,29.88717269897461,22.604177474975586,23.08050537109375,78.82469940185547,61.01883316040039,44.709163665771484,47.151493072509766,21.585216522216797,22.853242874145508,25.519126892089844,39.82862854003906,92.18836975097656,115.66999816894531
2018-11-21,235.70509338378906,30.105968475341797,22.621440887451172,23.442920684814453,78.37812042236328,61.44979476928711,44.35175323486328,47.64429473876953,21.266691207885742,23.037059783935547,25.50371551513672,40.301551818847656,92.15632629394531,115.86000061035156
2018-11-23,234.13087463378906,29.831308364868164,22.440195083618164,22.707441329956055,78.49195861816406,61.3266716003418,44.50608825683594,47.430442810058594,21.278488159179688,22.78912353515625,25.41122817993164,39.772972106933594,92.25244903564453,115.7699966430664
2018-11-26,237.9108123779297,30.506332397460938,22.897628784179688,23.04852867126465,79.2537612915039,61.77521514892578,44.562957763671875,48.495094299316406,21.40433120727539,23.04987907409668,25.46517562866211,40.6817512512207,92.04415893554688,115.63999938964844
2018-11-27,238.7112274169922,30.56684684753418,22.914888381958008,22.984575271606445,80.07686614990234,61.66967010498047,44.96097183227539,48.639225006103516,21.565555572509766,22.767742156982422,25.603914260864258,40.811561584472656,92.14830780029297,114.94999694824219
2018-11-28,244.20767211914062,31.637569427490234,23.355064392089844,23.37895965576172,82.00326538085938,63.14720916748047,45.33464431762695,50.0758056640625,21.54982566833496,23.1182804107666,25.81201171875,41.664730072021484,91.6996841430664,115.37999725341797
2018-11-29,243.6739959716797,31.330326080322266,23.15655517578125,23.531747817993164,82.27473449707031,63.18235397338867,45.407737731933594,49.84333419799805,21.54196548461914,23.285003662109375,25.842838287353516,41.8038215637207,92.0601806640625,115.73999786376953
2018-11-30,245.15924072265625,31.62825584411621,23.277385711669922,23.489105224609375,83.94719696044922,63.797996520996094,45.700164794921875,50.20597457885742,21.860492706298828,23.344844818115234,26.089473724365234,41.73890686035156,92.40467071533203,115.54000091552734
2018-12-03,248.4054718017578,32.32655715942383,23.42410659790039,24.011402130126953,83.54436492919922,64.53678894042969,45.740787506103516,51.145103454589844,22.080707550048828,23.755229949951172,26.212791442871094,41.8038215637207,93.06077575683594,116.41000366210938
2018-12-04,240.3566131591797,31.102201461791992,22.405668258666992,23.322111129760742,81.67927551269531,61.792789459228516,44.9691047668457,49.30403518676758,22.096435546875,23.04987907409668,25.8659610748291,40.57047653198242,94.61874389648438,117.12000274658203
2018-12-06,239.99192810058594,31.172035217285156,22.0949649810791,22.892196655273438,81.372802734375,61.44979476928711,45.017845153808594,49.5411491394043,22.12003517150879,22.73781967163086,26.575040817260742,41.024871826171875,94.9158706665039,117.13999938964844
2018-12-07,234.41549682617188,30.073381423950195,21.67204475402832,22.764284133911133,79.29754638671875,59.83153533935547,44.44922637939453,48.05807876586914,22.202619552612305,22.19064712524414,26.174259185791016,40.24592590332031,95.09257507324219,118.08999633789062
2018-12-10,234.86021423339844,30.48770523071289,21.369966506958008,22.40898895263672,79.60404205322266,59.98103713989258,44.44922637939453,48.09526824951172,22.24587631225586,22.250486373901367,26.074058532714844,40.55195236206055,95.48612976074219,117.68000030517578
2018-12-11,234.91354370117188,30.524948120117188,21.162830352783203,22.416088104248047,79.8492202758789,59.629249572753906,44.81476593017578,48.113868713378906,22.336320877075195,22.17781639099121,26.120298385620117,40.58902359008789,95.4700698852539,117.54000091552734
2018-12-12,236.09640502929688,30.76237678527832,21.283658981323242,22.50491714477539,80.53218078613281,59.96346664428711,44.75790786743164,48.620628356933594,22.19474983215332,22.37018394470215,25.62703514099121,41.024871826171875,95.04444122314453,117.79000091552734
2018-12-13,236.016357421875,30.813581466674805,21.128307342529297,22.575973510742188,80.61100769042969,59.79634094238281,45.03408432006836,48.37885665893555,22.38743782043457,22.10942268371582,25.804304122924805,40.83939743041992,94.81956481933594,117.52999877929688
2018-12-14,231.6584014892578,30.059425354003906,20.921165466308594,22.060789108276367,77.89653778076172,58.969642639160156,44.27052307128906,47.57456588745117,22.34418296813965,21.938430786132812,25.7580623626709,40.44065475463867,95.1488037109375,117.05999755859375
2018-12-17,227.1136016845703,29.4216365814209,20.71402359008789,21.6592960357666,76.34664916992188,58.002193450927734,43.24702072143555,46.36579513549805,21.624544143676758,21.562238693237305,24.79463005065918,39.652427673339844,95.70294189453125,117.87000274658203
2018-12-18,226.86460876464844,29.65440559387207,20.636348724365234,21.147659301757812,75.6811752319336,58.29243469238281,42.735267639160156,46.728424072265625,21.479049682617188,21.68193817138672,25.041271209716797,39.82862854003906,96.27608489990234,118.1500015258789
2018-12-19,223.4671173095703,29.06783103942871,20.377422332763672,20.898942947387695,74.69168853759766,57.19308090209961,42.32100296020508,45.80324935913086,21.443655014038086,21.38697624206543,24.81005096435547,38.97547149658203,97.54798889160156,117.43000030517578
2018-12-20,219.8295135498047,28.54644012451172,20.1961727142334,20.319801330566406,73.64094543457031,56.14646911621094,41.565547943115234,44.775787353515625,21.431856155395508,21.100561141967773,24.50946044921875,38.28925704956055,97.19373321533203,119.23999786376953
2018-12-21,215.32534790039062,27.679126739501953,19.792333602905273,20.122554779052734,72.72614288330078,55.08634948730469,41.13437271118164,43.761104583740234,21.340242385864258,20.910812377929688,24.134384155273438,37.037010192871094,97.17766571044922,118.72000122070312
2018-12-24,209.63584899902344,26.940393447875977,19.375473022460938,19.308473587036133,70.98451232910156,53.3961296081543,39.94575119018555,42.93031692504883,20.447927474975586,20.368682861328125,23.245431900024414,36.25551986694336,97.6606674194336,120.0199966430664
2018-12-26,220.2275848388672,28.567474365234375,20.252622604370117,20.509872436523438,74.08075714111328,55.88276672363281,41.060585021972656,45.47401428222656,20.72553825378418,21.280839920043945,23.986223220825195,38.29298782348633,96.61416625976562,119.66000366210938
2018-12-27,221.91839599609375,28.77320098876953,20.495792388916016,20.617462158203125,74.89878845214844,56.58185958862305,41.45406723022461,45.71672058105469,20.900033950805664,21.672378540039062,24.040813446044922,38.4697380065918,96.63028717041016,120.56999969482422
2018-12-28,221.63214111328125,28.707738876342773,20.487106323242188,20.459667205810547,74.98674011230469,56.431427001953125,41.45406723022461,45.721397399902344,20.951595306396484,21.556209564208984,24.126588821411133,38.34880447387695,97.44332122802734,121.05999755859375
2018-12-31,223.57339477539062,28.97892189025879,20.68685531616211,20.56725311279297,76.0950698852539,56.997772216796875,41.6262092590332,46.211456298828125,20.98728370666504,21.736913681030273,24.173372268676758,38.40460968017578,97.81360626220703,121.25
2019-01-02,223.80596923828125,28.997623443603516,20.860549926757812,20.97249984741211,74.94275665283203,57.289794921875,41.38029098510742,46.56150436401367,20.626386642456055,21.84878921508789,23.619726181030273,38.91632080078125,98.32879638671875,121.33000183105469
2019-01-03,218.46534729003906,27.5341854095459,20.391582489013672,20.764501571655273,73.42103576660156,55.546512603759766,41.14257049560547,45.55336380004883,20.622425079345703,21.22920799255371,23.72889518737793,38.265071868896484,99.44770050048828,122.43000030517578
2019-01-04,225.78297424316406,28.754497528076172,21.06898307800293,21.47099494934082,75.61125946044922,57.652618408203125,42.019683837890625,47.06093215942383,20.927791595458984,22.063920974731445,23.97062873840332,39.91177749633789,98.29657745361328,121.44000244140625
2019-01-07,227.56320190429688,29.011646270751953,21.095035552978516,21.7901668548584,75.90155029296875,58.12163162231445,41.962303161621094,48.12508773803711,20.785022735595703,22.14136505126953,24.173372268676758,40.367637634277344,98.00679779052734,121.86000061035156
2019-01-08,229.70123291015625,29.254776000976562,21.11240577697754,21.958724975585938,76.49085998535156,58.918060302734375,42.347591400146484,48.65715408325195,21.042804718017578,22.373716354370117,24.594459533691406,41.04679489135742,97.74920654296875,121.52999877929688
2019-01-09,230.77476501464844,29.633499145507812,21.21662139892578,22.30659294128418,76.83392333984375,59.31626892089844,41.9541015625,48.904518127441406,20.915897369384766,22.382312774658203,24.49308967590332,41.10261917114258,97.59626007080078,122.30999755859375
2019-01-10,231.58880615234375,29.764415740966797,21.225303649902344,22.371143341064453,76.98344421386719,60.12155532836914,42.20002365112305,48.76450729370117,21.18954086303711,22.580232620239258,24.882980346679688,41.18635559082031,96.96839141845703,121.58999633789062
2019-01-11,231.6782684326172,29.70830535888672,21.27741241455078,22.238454818725586,77.23853302001953,60.059608459472656,42.322998046875,48.81119155883789,21.11022186279297,22.489877700805664,24.929767608642578,40.98167419433594,97.34672546386719,121.80000305175781
2019-01-14,230.26487731933594,29.432451248168945,21.425050735473633,22.184659957885742,76.38533020019531,60.05074691772461,42.1180534362793,48.51247024536133,20.634321212768555,22.317773818969727,24.851787567138672,40.832828521728516,96.98445892333984,122.08999633789062
2019-01-15,232.9038543701172,29.876623153686523,21.61611557006836,22.26355743408203,77.75752258300781,59.86491775512695,42.5361213684082,48.95119857788086,20.888134002685547,22.171483993530273,25.132511138916016,41.5119743347168,96.63028717041016,121.87999725341797
2019-01-16,233.46737670898438,29.904678344726562,22.076404571533203,22.23487091064453,77.61676788330078,59.92686462402344,42.30659866333008,48.83919143676758,20.963489532470703,22.257537841796875,25.249479293823242,41.335205078125,96.72685241699219,122.2699966430664
2019-01-17,235.2386932373047,30.09638214111328,22.197988510131836,22.439285278320312,78.30287170410156,60.95338439941406,42.4869384765625,49.17056655883789,21.050739288330078,22.649080276489258,25.374242782592773,41.50267791748047,96.75101470947266,122.11000061035156
2019-01-18,238.36972045898438,30.55457878112793,22.58011245727539,22.89474105834961,79.2352523803711,62.11262130737305,42.99517822265625,49.85199737548828,21.07453155517578,23.02340316772461,25.467817306518555,41.83759307861328,96.24388122558594,121.0199966430664
2019-01-22,235.14923095703125,30.0402774810791,22.319578170776367,22.39624786376953,78.68990325927734,60.82948684692383,42.601707458496094,49.105228424072266,21.114187240600586,22.70501136779785,25.421030044555664,40.97235107421875,96.89593505859375,121.44999694824219
2019-01-23,235.64126586914062,30.14313316345215,22.345626831054688,22.166730880737305,78.77787017822266,60.91796875,43.10993576049805,49.203243255615234,21.328353881835938,22.550119400024414,25.436620712280273,40.78630828857422,96.85566711425781,121.27999877929688
2019-01-24,235.76646423339844,30.39560317993164,22.39773178100586,22.285072326660156,78.11817169189453,61.227691650390625,42.57710266113281,49.40861129760742,21.43939208984375,22.42964744567871,25.538000106811523,40.97235107421875,97.49160766601562,121.08999633789062
2019-01-25,237.76138305664062,30.82575798034668,22.58011245727539,22.568387985229492,78.21491241455078,62.006439208984375,42.404964447021484,49.95466995239258,21.145917892456055,22.855606079101562,25.834320068359375,41.49336624145508,97.02474975585938,122.86000061035156
2019-01-28,235.95433044433594,30.414310455322266,22.510631561279297,22.342453002929688,77.32653045654297,61.41352081298828,42.58531188964844,49.665313720703125,21.046772003173828,22.82119369506836,26.091650009155273,41.13053894042969,96.92813110351562,123.29000091552734
2019-01-29,235.64126586914062,30.087017059326172,22.432472229003906,22.410593032836914,77.70474243164062,62.2630615234375,42.68367004394531,49.34326171875,21.106258392333984,23.057830810546875,26.294391632080078,40.64674758911133,97.41915893554688,123.9800033569336
2019-01-30,239.37159729003906,31.022123336791992,22.562746047973633,22.72618293762207,78.76908111572266,63.236446380615234,42.97057342529297,50.314056396484375,21.268861770629883,23.303077697753906,26.512731552124023,41.23286437988281,97.34672546386719,124.69000244140625
2019-01-31,241.473876953125,30.989395141601562,22.52800750732422,22.873226165771484,79.7542495727539,63.51081085205078,43.765724182128906,50.77146530151367,21.716997146606445,22.954566955566406,26.770061492919922,42.91678237915039,98.18387603759766,124.75
2019-02-01,241.59022521972656,31.17174530029297,22.62353515625,23.271299362182617,79.8245849609375,63.60813903808594,43.626373291015625,50.02936553955078,21.633718490600586,23.02340316772461,26.606306076049805,42.767948150634766,97.59088897705078,124.5
2019-02-04,243.28990173339844,31.672033309936523,22.71906280517578,23.32509422302246,79.59590911865234,64.43112182617188,43.90507507324219,50.356082916259766,21.66940689086914,22.98468589782715,26.762264251708984,43.167991638183594,97.1552505493164,123.95999908447266
2019-02-05,244.3097686767578,31.938541412353516,22.65827751159668,23.360950469970703,79.4815444946289,64.98861694335938,43.913272857666016,50.827484130859375,21.71303367614746,23.152488708496094,26.941612243652344,43.6424560546875,97.59895324707031,124.27999877929688
2019-02-06,243.9876251220703,32.046058654785156,22.632217407226562,23.188819885253906,79.84219360351562,65.00629425048828,43.92148208618164,50.61744689941406,21.70113754272461,23.014802932739258,26.731075286865234,42.66560363769531,97.64739227294922,123.44000244140625
2019-02-07,241.6617889404297,31.606576919555664,22.40641975402832,22.675983428955078,78.96257019042969,64.5638656616211,43.88869094848633,50.202056884765625,21.986669540405273,22.696409225463867,26.95721435546875,42.25626754760742,98.29281616210938,123.73999786376953
2019-02-08,241.95697021484375,31.78891944885254,22.293516159057617,22.571969985961914,79.11212921142578,64.66117095947266,44.093624114990234,50.0013542175293,22.081857681274414,22.674898147583008,26.95721435546875,42.54465103149414,98.71232604980469,124.20999908447266
2019-02-11,242.0911865234375,31.774879455566406,22.362998962402344,22.679567337036133,79.01536560058594,65.00629425048828,44.20838165283203,50.09003448486328,22.073923110961914,22.709320068359375,27.035184860229492,42.10739517211914,98.32510375976562,123.5999984741211
2019-02-12,245.20428466796875,32.19568634033203,22.693012237548828,22.966468811035156,80.0972671508789,66.0151138305664,44.55266571044922,50.86014938354492,22.1254825592041,23.217025756835938,26.84804344177246,42.59117126464844,98.07496643066406,123.86000061035156
2019-02-13,246.00050354003906,32.237762451171875,22.75380516052246,23.253368377685547,80.273193359375,66.40447235107422,44.6346435546875,51.205543518066406,22.06202507019043,23.247142791748047,27.027387619018555,42.61908721923828,97.70384216308594,123.37000274658203
2019-02-14,245.45480346679688,32.29387283325195,22.475894927978516,23.335851669311523,80.45792388916016,66.09476470947266,44.13460922241211,51.018829345703125,22.026336669921875,23.126670837402344,27.128772735595703,42.77723693847656,98.26053619384766,124.05999755859375
2019-02-15,248.12953186035156,32.551025390625,22.953550338745117,23.712411880493164,81.6717758178711,66.97966003417969,44.55266571044922,51.368892669677734,22.093751907348633,23.440763473510742,27.292516708374023,42.96331024169922,98.41385650634766,124.80000305175781
2019-02-19,248.55897521972656,32.56037139892578,22.98828887939453,23.78413200378418,81.478271484375,66.9531478881836,44.78219223022461,51.57892990112305,22.22463035583496,23.587051391601562,27.323705673217773,43.009830474853516,98.66395568847656,126.69999694824219
2019-02-20,249.05992126464844,32.5977783203125,23.13593101501465,23.884552001953125,81.38151550292969,67.27169799804688,44.70022964477539,51.681602478027344,22.323772430419922,23.991497039794922,27.15216064453125,42.86098098754883,98.3815689086914,126.4800033569336
2019-02-21,248.17430114746094,32.611812591552734,23.014347076416016,23.515169143676758,80.66901397705078,66.99739837646484,44.831382751464844,51.57892990112305,22.48637580871582,23.896848678588867,27.198951721191406,42.460933685302734,97.50214385986328,125.05000305175781
2019-02-22,249.71295166015625,33.02793884277344,22.97960662841797,23.58330535888672,81.40788269042969,67.43982696533203,44.61825180053711,51.85896682739258,22.625179290771484,24.00010871887207,27.35490608215332,42.86098098754883,98.08306121826172,125.5
2019-02-25,250.05296325683594,33.1869010925293,23.07513427734375,23.62275505065918,81.52226257324219,67.70532989501953,44.37233352661133,51.68627166748047,22.478445053100586,24.155004501342773,27.128772735595703,42.907493591308594,97.7925796508789,125.37000274658203
2019-02-26,249.8740997314453,33.25703048706055,23.005659103393555,23.547449111938477,81.23197174072266,67.51947784423828,44.39692306518555,51.75628662109375,22.45068359375,24.017318725585938,27.074174880981445,42.907493591308594,98.27667236328125,125.58000183105469
2019-02-27,249.76669311523438,33.224308013916016,23.092500686645508,23.63709831237793,80.853759765625,67.78497314453125,44.33133316040039,51.71894836425781,22.478445053100586,23.97859001159668,26.988399505615234,42.693511962890625,97.163330078125,124.69000244140625
2019-02-28,249.30154418945312,33.13078689575195,23.03171157836914,23.400402069091797,80.61625671386719,67.55488586425781,44.54448318481445,51.438899993896484,22.609317779541016,23.686017990112305,27.066377639770508,42.721405029296875,96.83247375488281,123.98999786376953
2019-03-01,250.8580322265625,33.35520935058594,23.17935562133789,23.83075523376465,81.7597427368164,67.61681365966797,44.462493896484375,51.85429000854492,22.656906127929688,23.655895233154297,27.035184860229492,43.056339263916016,95.93750762939453,121.87999725341797
2019-03-04,249.9455108642578,33.22896194458008,23.03171157836914,23.873790740966797,80.65143585205078,67.31597137451172,44.38872146606445,51.690940856933594,22.696565628051758,23.763460159301758,27.144365310668945,43.112159729003906,96.68940734863281,121.55999755859375
2019-03-05,249.60565185546875,33.13078689575195,22.944868087768555,23.794893264770508,80.60745239257812,66.88236236572266,44.35594177246094,51.82161331176758,22.66880226135254,23.651596069335938,27.22233772277832,43.3819580078125,96.89151000976562,121.72000122070312
2019-03-06,248.09384155273438,32.95779800415039,22.79722785949707,23.49364471435547,79.42877197265625,66.25404357910156,44.29035186767578,51.57892990112305,22.66880226135254,23.70322608947754,27.15216064453125,43.36335372924805,97.24727630615234,121.61000061035156
2019-03-07,246.0183868408203,32.64455032348633,22.562746047973633,23.353782653808594,78.80426788330078,65.85584259033203,44.003448486328125,50.953495025634766,22.744155883789062,23.509605407714844,27.128772735595703,42.98191833496094,97.87789154052734,121.51000213623047
2019-03-08,245.52635192871094,32.63987350463867,22.554058074951172,22.916261672973633,78.63715362548828,65.72309875488281,44.02804183959961,50.598785400390625,22.823474884033203,23.548328399658203,27.15216064453125,42.954017639160156,98.29024505615234,122.83999633789062
2019-03-11,249.08677673339844,33.341182708740234,22.788545608520508,23.274885177612305,79.53433990478516,66.28060913085938,44.60185623168945,51.294212341308594,22.98607063293457,23.883934020996094,27.5732421875,43.7261962890625,97.99918365478516,122.23999786376953
2019-03-12,250.02613830566406,33.537559509277344,22.840648651123047,23.42551040649414,80.11487579345703,65.7319564819336,44.61825180053711,51.438899993896484,23.144704818725586,23.97429656982422,27.721399307250977,43.92155838012695,98.68639373779297,122.9800033569336
2019-03-13,251.68106079101562,33.7573127746582,22.99697494506836,23.662206649780273,80.97689819335938,66.30714416503906,44.87237548828125,51.62092971801758,23.168500900268555,24.0904598236084,27.853961944580078,44.05181121826172,98.50045776367188,123.83999633789062
2019-03-14,251.51992797851562,33.827449798583984,23.08382225036621,23.68730926513672,80.84495544433594,66.08589935302734,44.831382751464844,51.46690368652344,23.164539337158203,23.90974998474121,27.92414665222168,43.856441497802734,97.78897857666016,122.41000366210938
2019-03-15,252.7626953125,34.2369384765625,23.24531364440918,23.677906036376953,81.21663665771484,65.85270690917969,45.08524703979492,51.797080993652344,23.248428344726562,23.939571380615234,27.809646606445312,43.82195281982422,98.43576049804688,122.97000122070312
2019-03-18,253.6791534423828,34.38233947753906,23.48099136352539,24.00681495666504,81.09303283691406,66.49353790283203,45.151180267333984,52.298179626464844,23.160545349121094,23.995742797851562,27.668479919433594,43.44916915893555,98.379150390625,123.04000091552734
2019-03-19,253.74205017089844,34.45270919799805,23.297687530517578,23.941761016845703,81.73756408691406,66.25321197509766,45.11821365356445,52.56045150756836,22.89685821533203,23.965492248535156,27.590059280395508,43.52372741699219,98.160888671875,123.37999725341797
2019-03-20,252.978271484375,34.3588981628418,22.817590713500977,24.15139389038086,81.17251586914062,65.7993392944336,44.92863845825195,52.6353874206543,22.956775665283203,23.943889617919922,27.715538024902344,43.915157318115234,99.18765258789062,124.18000030517578
2019-03-21,255.83560180664062,35.22197341918945,22.747751235961914,24.321269989013672,81.49034881591797,66.4312515258789,45.456146240234375,53.35660934448242,23.200498580932617,24.198843002319336,28.209617614746094,44.492984771728516,99.40596771240234,123.68000030517578
2019-03-22,250.9116973876953,34.39173126220703,22.119274139404297,23.663454055786133,80.0071029663086,64.92710876464844,45.39845657348633,52.298179626464844,23.368297576904297,23.47719955444336,28.07628631591797,43.77536392211914,100.95021057128906,123.97000122070312
2019-03-25,250.72305297851562,34.241615295410156,22.023250579833984,23.674291610717773,79.96295928955078,65.07840728759766,45.48912048339844,52.6072883605957,23.388269424438477,23.433982849121094,28.099817276000977,43.700801849365234,101.11192321777344,124.91999816894531
2019-03-26,252.59202575683594,34.42924499511719,22.285118103027344,24.014055252075195,80.51033020019531,65.51451110839844,45.876502990722656,52.83208465576172,23.556066513061523,23.576587677001953,28.272357940673828,43.915157318115234,101.03916931152344,124.30000305175781
2019-03-27,251.2711639404297,34.23225402832031,22.18910026550293,23.84417152404785,79.83934783935547,65.58573913574219,45.71990203857422,52.72437286376953,23.39226531982422,23.546335220336914,28.178241729736328,43.5982780456543,101.9689712524414,123.6500015258789
2019-03-28,252.22357177734375,34.37297058105469,22.38113784790039,23.93453025817871,80.04241180419922,66.06633758544922,45.94243621826172,53.0428352355957,23.116592407226562,23.775362014770508,28.41352081298828,43.495750427246094,102.32469177246094,121.9000015258789
2019-03-29,253.81390380859375,34.710689544677734,22.44223976135254,23.898387908935547,81.00474548339844,66.77835083007812,46.247398376464844,53.319129943847656,23.24044418334961,23.982784271240234,28.405683517456055,43.58896255493164,102.22770690917969,122.01000213623047
2019-04-01,256.823974609375,35.1844482421875,22.99216651916504,24.212841033935547,81.12835693359375,68.15790557861328,46.09079360961914,53.90454864501953,23.080636978149414,24.341447830200195,28.319406509399414,44.25065994262695,100.775634765625,121.52999877929688
2019-04-02,256.9497985839844,35.306400299072266,22.97471046447754,24.046573638916016,80.94293975830078,68.13119506835938,45.711647033691406,53.89518737792969,23.112598419189453,24.423545837402344,28.562530517578125,44.48366928100586,100.96200561523438,121.9800033569336
2019-04-03,257.3541259765625,35.592529296875,23.04454803466797,23.81525421142578,80.83699798583984,67.92648315429688,45.48912048339844,54.27451705932617,23.076637268066406,24.743318557739258,28.531156539916992,44.65143585205078,100.08686828613281,121.80000305175781
2019-04-04,258.0369873046875,35.44242858886719,23.1842041015625,24.014055252075195,80.66926574707031,68.34477233886719,45.66221618652344,54.714759826660156,22.996734619140625,24.993947982788086,28.444889068603516,44.903053283691406,100.37049865722656,122.11000061035156
2019-04-05,259.2859802246094,35.61129379272461,23.2191219329834,24.43692970275879,81.22549438476562,68.54058837890625,45.81880569458008,55.037906646728516,23.212480545043945,24.985307693481445,28.66448402404785,45.033546447753906,100.5001449584961,121.9800033569336
2019-04-08,259.48358154296875,35.7473258972168,23.24531364440918,24.545364379882812,81.20783233642578,68.24689483642578,46.00837326049805,55.2346076965332,23.04867172241211,24.993947982788086,28.523313522338867,44.94966125488281,100.14360809326172,122.51000213623047
2019-04-09,258.15380859375,35.57845687866211,23.053272247314453,24.245370864868164,80.99592590332031,67.32127380371094,45.95067596435547,54.73818588256836,23.10460662841797,24.812454223632812,28.437042236328125,45.070823669433594,100.4596176147461,123.1500015258789
2019-04-10,259.0343322753906,35.82706069946289,23.123104095458984,24.33572769165039,81.02239227294922,67.30347442626953,46.08256149291992,55.00044250488281,23.03269386291504,24.799488067626953,28.66448402404785,45.26654815673828,100.70272064208984,123.52999877929688
2019-04-11,258.9624938964844,35.78015899658203,23.262760162353516,24.353803634643555,80.02474975585938,67.88197326660156,46.17322540283203,55.07069778442383,23.148557662963867,24.78652572631836,28.625267028808594,45.294498443603516,100.11119079589844,121.94999694824219
2019-04-12,260.714599609375,36.02874755859375,23.690486907958984,24.418861389160156,79.29195404052734,68.7808837890625,46.32158660888672,55.41257095336914,23.256425857543945,25.11493492126465,28.782123565673828,45.68592834472656,99.39814758300781,121.83000183105469
2019-04-15,260.5439453125,36.01469039916992,23.54209327697754,24.274290084838867,79.60978698730469,68.39818572998047,46.59358215332031,55.524967193603516,23.2524356842041,24.998271942138672,28.609580993652344,45.64864730834961,99.64933013916016,121.5999984741211
2019-04-16,260.714599609375,36.1976318359375,23.873796463012695,24.433313369750977,77.9764633178711,68.8165054321289,46.60182571411133,55.76850128173828,22.96476936340332,25.110620498657227,27.935121536254883,45.695255279541016,99.02544403076172,120.51000213623047
2019-04-17,260.07666015625,36.399322509765625,23.934904098510742,24.400789260864258,75.73391723632812,68.90550994873047,46.832603454589844,55.876224517822266,22.876873016357422,24.955053329467773,27.64495086669922,45.77913284301758,99.06591796875,120.27999877929688
2019-04-18,260.5887451171875,36.50251007080078,23.86507225036621,24.28512954711914,75.85752868652344,69.6976089477539,46.873809814453125,55.85747528076172,22.88886833190918,24.985307693481445,27.864547729492188,45.807090759277344,99.58451843261719,120.37000274658203
2019-04-22,260.81341552734375,36.58694839477539,23.79523468017578,24.798376083374023,75.90167999267578,69.48401641845703,46.89029312133789,55.646728515625,22.868885040283203,24.8167781829834,27.55867576599121,46.012123107910156,99.10648345947266,120.37000274658203
2019-04-23,263.1586608886719,36.98565673828125,23.94363021850586,24.75861358642578,77.1023941040039,70.08922576904297,46.741943359375,56.31175994873047,22.93280792236328,24.929126739501953,27.87238311767578,46.627227783203125,99.31710815429688,120.12000274658203
2019-04-24,262.5746154785156,36.99972152709961,23.917438507080078,24.324888229370117,77.01411437988281,69.8845443725586,46.840843200683594,56.36327362060547,23.080636978149414,24.773561477661133,28.068445205688477,46.412872314453125,100.12738800048828,120.47000122070312
2019-04-25,262.412841796875,36.99034118652344,23.961084365844727,24.24898338317871,77.80870819091797,68.47830963134766,46.544132232666016,56.068241119384766,23.176523208618164,24.45811653137207,28.03708267211914,46.934791564941406,99.98152923583984,120.56999969482422
2019-04-26,263.63482666015625,36.84962463378906,24.179309844970703,23.93453025817871,78.58565521240234,68.99452209472656,46.964473724365234,56.51313781738281,23.212480545043945,24.661216735839844,28.225303649902344,47.307586669921875,100.32186889648438,121.37000274658203
2019-04-29,264.048095703125,36.8589973449707,24.423721313476562,23.9128475189209,78.44438934326172,69.15469360351562,47.02217102050781,56.31644821166992,23.076637268066406,24.613683700561523,27.935121536254883,47.73630905151367,99.68173217773438,120.83000183105469
2019-04-30,264.1828918457031,36.919986724853516,24.458642959594727,23.8947696685791,78.80638122558594,69.43060302734375,47.566162109375,56.23215103149414,23.45619010925293,24.825416564941406,28.256668090820312,46.66450881958008,100.19223022460938,121.19999694824219
2019-05-01,262.1971435546875,36.82616424560547,24.25787353515625,23.41767692565918,78.66511535644531,68.97671508789062,46.9809684753418,55.54838180541992,23.216476440429688,24.37601661682129,28.256668090820312,46.42219924926758,100.60551452636719,120.4000015258789
2019-05-02,261.6309814453125,36.633846282958984,24.284059524536133,23.00924301147461,79.00061798095703,68.94111633300781,46.964473724365234,55.59053421020508,23.16453742980957,24.25069808959961,28.311569213867188,46.23579406738281,100.1264419555664,119.94000244140625
2019-05-03,264.19189453125,36.9809455871582,24.502281188964844,23.22249412536621,79.60094451904297,69.7777328491211,47.318904876708984,56.246185302734375,23.292381286621094,24.488357543945312,28.50762176513672,46.68314743041992,100.41063690185547,120.6500015258789
2019-05-06,263.1046447753906,36.6948356628418,24.336429595947266,23.24418067932129,80.0071029663086,69.1102066040039,47.244712829589844,55.90431213378906,23.16453742980957,24.13834571838379,28.389997482299805,46.60859680175781,100.6867446899414,120.80999755859375
2019-05-07,258.7109069824219,35.90680694580078,23.934904098510742,23.04177474975586,78.47086334228516,67.71287536621094,46.77490997314453,55.056636810302734,23.092622756958008,23.714860916137695,27.903757095336914,45.853694915771484,101.45811462402344,121.20999908447266
2019-05-08,258.3514099121094,35.864585876464844,23.88252830505371,23.04177474975586,78.63861846923828,67.71287536621094,46.76667785644531,55.075374603271484,22.77699851989746,23.693262100219727,27.903757095336914,45.77913284301758,101.0196533203125,120.91000366210938
2019-05-09,257.5697326660156,35.62067413330078,23.83015251159668,23.04177474975586,78.47086334228516,67.61495971679688,46.66775131225586,54.85056686401367,22.749027252197266,23.5074462890625,27.997861862182617,45.63933181762695,101.43377685546875,121.19999694824219
2019-05-10,258.8636474609375,35.733253479003906,23.987272262573242,23.150209426879883,78.49736785888672,67.88197326660156,47.23646926879883,54.93019104003906,23.15654182434082,23.827219009399414,28.319406509399414,45.76980972290039,101.29572296142578,121.43000030517578
2019-05-13,252.35829162597656,34.387046813964844,23.288959503173828,22.752620697021484,77.02291107177734,65.95061492919922,46.79139709472656,53.29573059082031,23.404253005981445,23.291385650634766,28.319406509399414,44.35319900512695,102.09149169921875,122.66999816894531
2019-05-14,254.6405792236328,34.9405403137207,23.47226333618164,23.03093147277832,77.41138458251953,66.63594055175781,47.013938903808594,53.83429718017578,23.248428344726562,23.490158081054688,28.421367645263672,44.604827880859375,101.7910385131836,122.45999908447266
2019-05-15,256.1321716308594,35.32047653198242,23.384971618652344,23.150209426879883,77.6409683227539,66.72493743896484,47.38483810424805,54.19960403442383,23.20848274230957,23.429662704467773,28.609580993652344,45.602054595947266,102.41627502441406,122.38999938964844
2019-05-16,258.50421142578125,35.64413070678711,23.62065887451172,23.276714324951172,78.25016021728516,67.33907318115234,47.75574493408203,54.700706481933594,23.36429786682129,23.758073806762695,28.774274826049805,46.002811431884766,102.07522583007812,121.51000213623047
2019-05-17,256.8330383300781,35.35799026489258,23.46352767944336,23.04177474975586,78.08241271972656,66.59146118164062,47.59914016723633,54.283897399902344,23.48415184020996,23.615476608276367,28.735061645507812,45.66729736328125,102.30258178710938,120.6500015258789
2019-05-20,255.13478088378906,34.74352264404297,23.48971939086914,23.052621841430664,78.04708862304688,66.42236328125,47.48374557495117,53.899864196777344,23.516117095947266,23.278417587280273,28.272357940673828,44.91238784790039,102.09149169921875,120.63999938964844
2019-05-21,257.43499755859375,35.170379638671875,23.734134674072266,23.32008171081543,78.7798843383789,67.20555877685547,47.38483810424805,54.27451705932617,23.560068130493164,23.637086868286133,28.50762176513672,45.40633010864258,101.9290542602539,120.36000061035156
2019-05-22,256.644287109375,34.98744583129883,23.594467163085938,22.95864486694336,79.23014831542969,66.65377044677734,47.59914016723633,53.71722412109375,23.735857009887695,23.47287368774414,28.64095687866211,45.3597297668457,102.51371002197266,120.23999786376953
2019-05-23,253.50845336914062,34.37297058105469,23.262760162353516,22.18877601623535,78.95643615722656,65.63912963867188,47.582645416259766,53.052188873291016,23.939611434936523,23.11421775817871,28.782123565673828,44.725982666015625,103.66676330566406,121.16999816894531
2019-05-24,254.08346557617188,34.38233947753906,23.446073532104492,22.27191162109375,79.07122802734375,65.66582489013672,47.40956497192383,53.12245178222656,23.90365982055664,23.243852615356445,28.821327209472656,44.7166633605957,103.75603485107422,121.30000305175781
2019-05-28,251.72035217285156,34.283836364746094,23.175477981567383,22.040590286254883,77.94111633300781,65.06060028076172,46.63478088378906,52.771209716796875,23.512121200561523,23.0105037689209,28.523313522338867,44.91238784790039,104.5030288696289,120.83000183105469
2019-05-29,250.03114318847656,34.0821418762207,23.131832122802734,21.89963150024414,77.19068145751953,64.76691436767578,46.29685592651367,52.302879333496094,23.200498580932617,23.014822006225586,28.193925857543945,44.47434616088867,104.81977081298828,120.87000274658203
2019-05-30,250.7140350341797,34.29322814941406,23.053272247314453,21.621318817138672,77.61448669433594,65.01610565185547,46.49467086791992,52.64476013183594,23.16453742980957,23.0537166595459,28.366456985473633,44.57685852050781,105.72103118896484,121.69000244140625
2019-05-31,247.33567810058594,33.720977783203125,22.70411491394043,21.241804122924805,77.05824279785156,64.1261215209961,45.835296630859375,51.95631408691406,23.272403717041016,22.794445037841797,28.601747512817383,43.887203216552734,107.0445785522461,123.33000183105469
2019-06-03,246.70672607421875,33.12995147705078,22.85250473022461,21.51288414001465,77.24365997314453,64.56217193603516,46.41224670410156,51.5207633972168,23.504135131835938,23.511768341064453,28.71153450012207,42.50785446166992,107.76065826416016,125.11000061035156
2019-06-04,252.06190490722656,34.2369384765625,23.47226333618164,21.885169982910156,78.52384948730469,66.10193634033203,46.832603454589844,52.916378021240234,23.524106979370117,24.172910690307617,28.5546817779541,43.421199798583984,106.5320053100586,125.1500015258789
2019-06-05,254.24525451660156,34.68254470825195,23.62065887451172,21.643001556396484,79.11538696289062,66.74274444580078,47.36834716796875,53.17864227294922,24.027511596679688,24.350086212158203,29.205615997314453,43.43986129760742,105.92990112304688,125.47000122070312
2019-06-06,255.8986053466797,35.085941314697266,23.70794677734375,22.044200897216797,79.52151489257812,66.85845947265625,47.86288833618164,53.45026779174805,24.175331115722656,24.63960075378418,29.260520935058594,43.6262321472168,106.2716293334961,125.87999725341797
2019-06-07,258.4592590332031,35.73794174194336,23.67302894592285,22.145404815673828,80.35143280029297,67.39248657226562,48.3244514465332,54.223018646240234,23.99555015563965,24.859987258911133,29.354618072509766,44.33454132080078,107.19104766845703,126.58999633789062
2019-06-10,259.64532470703125,36.10380554199219,23.873796463012695,22.210464477539062,80.58979797363281,67.4814453125,48.3409423828125,54.68198013305664,23.831743240356445,24.903200149536133,29.252674102783203,44.297271728515625,106.18212890625,125.33000183105469
2019-06-11,259.58245849609375,36.10380554199219,23.88252830505371,22.253835678100586,80.45736694335938,66.9029541015625,48.49754333496094,54.89272689819336,23.687915802001953,24.88591194152832,29.30756950378418,44.48366928100586,106.24724578857422,125.18000030517578
2019-06-12,259.1241760253906,35.902103424072266,23.6468448638916,21.93938446044922,80.84583282470703,67.04535675048828,48.57172393798828,54.8786735534668,23.99555015563965,24.968021392822266,29.417369842529297,44.269309997558594,106.32858276367188,125.83000183105469
2019-06-13,260.1933898925781,36.0099983215332,23.725400924682617,22.19600486755371,80.74871826171875,67.38358306884766,48.678871154785156,55.37042236328125,24.043489456176758,25.11493492126465,29.456573486328125,44.76326370239258,106.69475555419922,126.5999984741211
2019-06-14,259.9059753417969,35.69572067260742,23.777780532836914,22.05143165588379,80.56331634521484,67.11653137207031,48.703609466552734,55.49217987060547,24.295196533203125,25.006908416748047,29.58205795288086,44.847145080566406,106.9632568359375,126.55999755859375
2019-06-17,260.00469970703125,35.72386169433594,23.559553146362305,22.235761642456055,80.92528533935547,66.88514709472656,48.56348419189453,55.51559829711914,24.22727394104004,24.77788734436035,29.903608322143555,45.3597297668457,107.150390625,126.4800033569336
2019-06-18,262.727294921875,36.37118148803711,23.873796463012695,22.542991638183594,81.61395263671875,68.1845932006836,48.299739837646484,55.93709182739258,24.127395629882812,24.97234344482422,29.81732940673828,45.611366271972656,107.6874008178711,127.12000274658203
2019-06-19,263.3202819824219,36.50251007080078,23.83015251159668,22.517683029174805,82.34675598144531,68.13119506835938,48.49754333496094,56.04014587402344,24.31117820739746,24.83405876159668,30.013402938842773,45.66729736328125,107.84201049804688,127.88999938964844
2019-06-20,265.83612060546875,37.03724670410156,23.934904098510742,23.0164737701416,82.7087173461914,69.2704086303711,48.926143646240234,56.4288444519043,24.466991424560547,25.149511337280273,30.19377326965332,45.95621109008789,108.12680053710938,131.11000061035156
2019-06-21,265.4497375488281,36.86214065551758,23.881385803222656,23.18279266357422,83.1059341430664,68.90122985839844,48.76752471923828,56.16754913330078,24.561635971069336,25.06952476501465,29.85624122619629,46.15053176879883,106.93880462646484,131.97999572753906
2019-06-24,265.12469482421875,36.9327507019043,23.784875869750977,22.974895477294922,82.67147064208984,68.76715087890625,48.89208984375,55.86677932739258,24.569683074951172,25.16515350341797,29.7060489654541,46.262630462646484,107.73619842529297,133.94000244140625
2019-06-25,262.5243835449219,36.254913330078125,23.705913543701172,22.792522430419922,82.33456420898438,68.24869537353516,48.86717987060547,55.3310661315918,24.420677185058594,25.17819595336914,29.30290985107422,45.40314483642578,108.06981658935547,134.1999969482422
2019-06-26,262.26251220703125,36.64559555053711,23.662046432495117,23.142677307128906,81.29718017578125,68.41852569580078,48.169551849365234,55.5096321105957,23.889095306396484,25.134729385375977,28.733760833740234,45.22564697265625,107.37820434570312,132.97000122070312
2019-06-27,263.1924743652344,36.7397575378418,23.87260627746582,22.97125244140625,81.86461639404297,68.48111724853516,48.260902404785156,55.857391357421875,23.921314239501953,25.217317581176758,28.970909118652344,45.543277740478516,108.13494110107422,132.83999633789062
2019-06-28,264.546875,36.73504638671875,24.214771270751953,23.237503051757812,82.13948059082031,69.20516204833984,48.227684020996094,56.017173767089844,24.013938903808594,25.430330276489258,29.065773010253906,45.98236083984375,108.06168365478516,133.1999969482422
2019-07-01,266.9485168457031,37.31873321533203,24.50429916381836,23.259387969970703,82.54735565185547,69.26773071289062,48.51835632324219,56.5106086730957,23.953529357910156,25.625947952270508,29.010440826416016,46.35604476928711,107.80894470214844,130.6199951171875
2019-07-02,267.6437072753906,37.41758346557617,24.442890167236328,22.88735580444336,82.99067687988281,69.1783447265625,48.941925048828125,56.632789611816406,24.27973175048828,25.599864959716797,29.54796028137207,46.785797119140625,108.64044189453125,133.41000366210938
2019-07-03,269.7835998535156,37.704734802246094,24.63589859008789,22.97854232788086,83.69998931884766,69.5627212524414,49.54819107055664,57.12623977661133,24.448871612548828,25.73027992248535,29.974815368652344,47.0286865234375,109.41500091552734,133.6300048828125
2019-07-05,269.47662353515625,37.634132385253906,24.70608901977539,23.011367797851562,83.12366485595703,69.2856216430664,49.3322639465332,57.1920166015625,24.436784744262695,25.612905502319336,29.80881690979004,47.09408187866211,107.96382904052734,132.13999938964844
2019-07-08,267.9958801269531,37.34697723388672,24.583261489868164,23.044198989868164,82.50301361083984,68.71353912353516,49.39870834350586,57.26253128051758,24.473033905029297,25.317306518554688,29.919471740722656,46.673683166503906,108.11054992675781,131.2899932861328
2019-07-09,268.3299255371094,37.478782653808594,24.62713050842285,23.062437057495117,82.58282470703125,68.56155395507812,49.10802459716797,57.3236083984375,24.5052490234375,25.06952476501465,30.077587127685547,46.963294982910156,108.06983947753906,131.75
2019-07-10,269.612060546875,37.775333404541016,24.53939437866211,23.357868194580078,82.8665542602539,68.40067291259766,49.42361068725586,57.5303840637207,24.561635971069336,25.017358779907227,30.243572235107422,47.495792388916016,107.47469329833984,133.8300018310547
2019-07-11,270.24407958984375,37.91655349731445,24.679767608642578,23.40528678894043,82.88429260253906,68.865478515625,49.54819107055664,57.64787673950195,24.569683074951172,25.126033782958984,29.85624122619629,47.52383041381836,106.03985595703125,132.6999969482422
2019-07-12,271.45391845703125,38.194271087646484,24.846467971801758,23.503767013549805,81.96216583251953,70.07222747802734,49.68938446044922,58.31049728393555,24.408597946166992,25.373815536499023,29.737672805786133,47.8694953918457,106.16216278076172,133.52999877929688
2019-07-15,271.5442199707031,38.321372985839844,24.70608901977539,23.29222297668457,82.13948059082031,69.78619384765625,49.8056526184082,58.49846267700195,24.5052490234375,25.39120864868164,29.777193069458008,47.878849029541016,106.77356719970703,133.52999877929688
2019-07-16,270.66845703125,37.9636344909668,24.644678115844727,23.044198989868164,81.73164367675781,70.23313903808594,49.822265625,58.423274993896484,24.364294052124023,25.452062606811523,29.729764938354492,47.76671600341797,106.45564270019531,132.39999389648438
2019-07-17,268.8265380859375,37.864776611328125,24.434106826782227,22.781583786010742,81.74935150146484,68.73139953613281,49.76412582397461,57.864051818847656,24.45692253112793,25.226015090942383,29.579574584960938,47.318294525146484,107.60514831542969,134.5800018310547
2019-07-18,269.8106384277344,38.1472053527832,24.618350982666016,22.78523063659668,82.21041870117188,68.8565444946289,50.09632873535156,57.78886413574219,24.670360565185547,25.334697723388672,29.571666717529297,46.93527603149414,107.61331939697266,136.47999572753906
2019-07-19,268.3118591308594,37.98245620727539,24.5130672454834,22.891002655029297,81.35922241210938,69.23198699951172,49.78073501586914,57.408203125,24.311941146850586,25.39120864868164,29.0894832611084,46.328025817871094,107.36055755615234,134.47000122070312
2019-07-22,268.97100830078125,38.420230865478516,24.565715789794922,22.996776580810547,81.1907730102539,69.2856216430664,49.49005889892578,57.44109344482422,24.259592056274414,25.326004028320312,29.057859420776367,46.505531311035156,107.56438446044922,134.4499969482422
2019-07-23,270.8941345214844,38.63206100463867,24.820146560668945,23.05878448486328,81.6961669921875,70.16162109375,49.84718322753906,57.8311653137207,24.106555938720703,25.84764862060547,29.342435836791992,46.68303298950195,106.97737884521484,133.69000244140625
2019-07-24,272.1672668457031,38.9521369934082,25.074575424194336,23.157264709472656,81.740478515625,70.46554565429688,49.51497268676758,58.12250900268555,24.126699447631836,25.83026123046875,29.318714141845703,47.09408187866211,107.44212341308594,134.3699951171875
2019-07-25,270.86700439453125,38.79209518432617,24.899105072021484,22.8946533203125,81.34150695800781,70.32251739501953,49.581417083740234,57.79825210571289,24.066286087036133,25.643333435058594,29.192249298095703,46.97262954711914,106.92845916748047,133.4199981689453
2019-07-26,272.68194580078125,38.87682342529297,25.171083450317383,22.777936935424805,81.63410186767578,70.17057800292969,50.137855529785156,58.06142807006836,24.154891967773438,25.673768997192383,29.2871036529541,48.317928314208984,107.18119049072266,133.63999938964844
2019-07-29,272.1852722167969,38.8532829284668,24.978063583374023,22.686756134033203,81.97103118896484,70.04541778564453,50.229217529296875,57.779449462890625,24.27973175048828,25.586824417114258,29.397762298583984,48.047000885009766,107.21382904052734,134.52999877929688
2019-07-30,271.5171203613281,38.60381317138672,24.90787696838379,22.94207000732422,81.61638641357422,70.34934997558594,50.37870788574219,57.389400482177734,24.094484329223633,25.756359100341797,29.690242767333984,47.82278060913086,107.47469329833984,134.97999572753906
2019-07-31,268.54669189453125,38.02011489868164,24.785049438476562,22.86911964416504,80.80950164794922,69.5627212524414,49.3571662902832,56.73148727416992,23.98172378540039,25.36077880859375,29.571666717529297,47.43974304199219,108.33887481689453,133.2100067138672
2019-08-01,266.2081298828125,37.82710647583008,24.223548889160156,22.351192474365234,80.91590881347656,68.21292877197266,49.18277359008789,55.960784912109375,24.227375030517578,25.217317581176758,29.6428165435791,47.21553039550781,110.4905014038086,136.41000366210938
2019-08-02,264.2037048339844,37.21048355102539,24.214771270751953,22.03021812438965,80.72970581054688,67.7749252319336,49.19107437133789,55.500240325927734,24.22334861755371,24.921724319458008,29.872055053710938,46.757774353027344,111.51163482666016,135.88999938964844
2019-08-05,256.25830078125,35.65708923339844,23.407621383666992,21.373687744140625,78.83228302001953,65.89775085449219,47.912086486816406,54.010520935058594,23.877016067504883,24.45224380493164,29.30290985107422,45.24433135986328,113.43940734863281,137.7899932861328
2019-08-06,259.85186767578125,36.25019454956055,23.784875869750977,21.34815788269043,79.85193634033203,66.88998413085938,48.343955993652344,54.83292007446289,24.17502212524414,24.482667922973633,29.666532516479492,45.898284912109375,114.3461685180664,138.91000366210938
2019-08-07,260.00531005859375,36.47614288330078,23.46902847290039,21.187671661376953,79.87853240966797,66.85423278808594,48.9087028503418,55.05379104614258,24.235431671142578,24.821739196777344,29.94319725036621,45.95433807373047,114.38707733154297,141.02000427246094
2019-08-08,265.10662841796875,37.37051773071289,23.916481018066406,21.796789169311523,80.9425048828125,67.9894790649414,49.53989028930664,56.11586380004883,24.48511505126953,25.29557228088379,30.417484283447266,46.87922286987305,114.63204193115234,141.72999572753906
2019-08-09,263.3008117675781,36.946868896484375,23.837512969970703,21.556062698364258,81.04002380371094,67.41736602783203,49.26582336425781,55.58952331542969,24.513303756713867,25.095609664916992,30.40957260131836,46.35604476928711,114.40335083007812,141.25999450683594
2019-08-12,260.0955505371094,36.46201705932617,23.381290435791016,21.300743103027344,80.25092315673828,66.48772430419922,48.933616638183594,54.781227111816406,24.46497917175293,24.704374313354492,30.385852813720703,45.86091613769531,116.78862762451172,142.6300048828125
2019-08-13,264.14056396484375,37.37522506713867,23.670818328857422,21.497703552246094,81.29718017578125,67.2833023071289,49.49005889892578,55.68351364135742,24.481090545654297,24.96953773498535,30.401674270629883,46.53356170654297,116.38833618164062,141.77999877929688
2019-08-14,256.33050537109375,36.22666931152344,22.793476104736328,20.6551570892334,79.03622436523438,65.22734832763672,48.709381103515625,53.94001388549805,24.27973175048828,24.178375244140625,29.927385330200195,44.87997817993164,119.01049041748047,142.75
2019-08-15,257.0077819824219,36.160770416259766,22.90752601623535,20.527498245239258,79.31106567382812,65.15583038330078,49.44023513793945,53.850746154785156,24.59384536743164,24.18707275390625,30.34633445739746,44.95471954345703,120.33384704589844,143.6999969482422
2019-08-16,260.7999572753906,36.8480224609375,23.311107635498047,20.797409057617188,80.28641510009766,66.41622161865234,50.00497817993164,54.46166229248047,24.71868133544922,24.613080978393555,30.559762954711914,45.533931732177734,119.36991882324219,142.77999877929688
2019-08-19,263.94195556640625,37.408172607421875,23.547992706298828,21.256975173950195,81.0577621459961,67.04193115234375,50.50328063964844,55.14778518676758,24.875751495361328,24.808700561523438,30.83643341064453,46.24394607543945,117.66268920898438,141.11000061035156
2019-08-20,261.9194641113281,37.219886779785156,23.23214340209961,21.0782527923584,80.3661880493164,66.64864349365234,49.95514678955078,55.1618766784668,24.83547592163086,24.5174503326416,30.60720443725586,45.9356575012207,118.87982940673828,142.2100067138672
2019-08-21,264.0502624511719,37.657657623291016,23.33742904663086,21.213205337524414,80.96022033691406,67.05979919433594,50.08803176879883,56.22394561767578,25.000587463378906,24.643512725830078,30.733675003051758,46.113155364990234,118.08749389648438,141.75999450683594
2019-08-22,263.9690246582031,37.56821823120117,23.495346069335938,21.118375778198242,80.56123352050781,67.15813446044922,50.353790283203125,56.23804473876953,25.024749755859375,24.47832679748535,30.88385581970215,46.01039123535156,117.30323028564453,141.39999389648438
2019-08-23,257.18829345703125,36.32551574707031,22.898752212524414,20.41077995300293,78.69928741455078,65.36141204833984,49.51497268676758,54.743621826171875,24.758956909179688,23.887126922607422,30.496532440185547,44.74919128417969,119.2310791015625,144.1699981689453
2019-08-26,260.0323181152344,36.82918930053711,23.118087768554688,20.498315811157227,79.52387237548828,65.84412384033203,50.12954330444336,55.2840576171875,25.044883728027344,23.965373992919922,30.781103134155273,45.42182540893555,118.7491683959961,144.19000244140625
2019-08-27,259.01214599609375,36.772705078125,22.977710723876953,20.37066078186035,79.0539321899414,65.50446319580078,49.98836898803711,55.01148986816406,25.089187622070312,23.982757568359375,30.678346633911133,45.50590133666992,120.57890319824219,145.57000732421875
2019-08-28,260.83599853515625,36.8056526184082,23.188276290893555,20.662450790405273,79.63026428222656,66.30894470214844,50.470069885253906,55.69760513305664,25.020723342895508,24.1696834564209,30.765283584594727,45.618019104003906,120.7341537475586,145.16000366210938
2019-08-29,264.1676025390625,37.44583511352539,23.53921890258789,20.965185165405273,80.23319244384766,67.44420623779297,50.494972229003906,56.53410339355469,25.19389533996582,24.47832679748535,30.986618041992188,46.328025817871094,120.27666473388672,144.1199951171875
2019-08-30,264.0502624511719,37.43640899658203,23.618175506591797,20.965185165405273,80.33072662353516,67.7212905883789,50.42853546142578,56.19573974609375,25.201953887939453,24.643512725830078,30.99452781677246,46.271968841552734,120.30933380126953,143.75
2019-09-03,262.50628662109375,36.979827880859375,23.372522354125977,20.863054275512695,79.86080169677734,66.80058288574219,50.71920394897461,55.965476989746094,25.64896011352539,24.447891235351562,31.437192916870117,45.814212799072266,120.46490478515625,145.75
2019-09-04,265.48590087890625,37.61058044433594,23.600631713867188,21.154850006103516,79.91400146484375,67.64977264404297,51.175994873046875,56.5200080871582,25.673128128051758,24.747846603393555,31.69805145263672,46.70172119140625,120.64488220214844,146.66000366210938
2019-09-05,268.8987731933594,38.39669418334961,24.08316993713379,21.41745948791504,80.7031021118164,68.865478515625,50.86040115356445,57.60087966918945,25.395248413085938,24.786962509155273,31.421375274658203,47.495792388916016,118.45992279052734,143.13999938964844
2019-09-06,269.10638427734375,38.363731384277344,24.074399948120117,21.530527114868164,80.92476654052734,69.00848388671875,51.02649688720703,57.741851806640625,25.294572830200195,24.882596969604492,31.460895538330078,47.393035888671875,119.30281066894531,141.9199981689453
2019-09-09,269.2419128417969,38.076602935791016,24.442890167236328,21.960920333862305,80.17999267578125,69.2140884399414,50.910221099853516,57.962738037109375,25.169727325439453,24.7521915435791,31.223766326904297,47.54250717163086,117.1833724975586,141.38999938964844
2019-09-10,269.1786804199219,37.88361740112305,24.53061294555664,22.21988868713379,80.41053009033203,69.8487548828125,50.59463882446289,57.732460021972656,25.201953887939453,24.995624542236328,30.765283584594727,47.6078987121582,115.1293716430664,140.17999267578125
2019-09-11,271.0928039550781,38.27901077270508,24.670991897583008,22.241771697998047,81.20848846435547,70.50130462646484,50.7773551940918,57.84054183959961,25.451631546020508,25.23471450805664,30.694154739379883,47.86014175415039,114.92479705810547,141.02999877929688
2019-09-12,272.0318603515625,38.48613357543945,24.80259132385254,22.10317039489746,81.18190002441406,70.5459976196289,50.98496627807617,58.11781692504883,25.508012771606445,25.430330276489258,30.875953674316406,48.00028610229492,114.17198181152344,141.32000732421875
2019-09-13,271.8512878417969,38.20368957519531,24.9956111907959,22.278247833251953,81.1375961303711,70.93036651611328,50.694297790527344,58.00033187866211,25.346921920776367,25.708541870117188,30.504438400268555,47.91619873046875,111.7333755493164,140.14999389648438
2019-09-16,271.0115966796875,38.109535217285156,24.90787696838379,23.025957107543945,80.96022033691406,70.86781311035156,50.20429229736328,57.2578125,25.367061614990234,25.28687858581543,30.82062339782715,47.73869323730469,113.15719604492188,141.32000732421875
2019-09-17,271.6977233886719,38.2648811340332,24.934200286865234,22.704988479614258,81.0843734741211,70.83203887939453,50.478363037109375,57.60557556152344,25.58855628967285,25.491188049316406,31.25538444519043,47.7854118347168,113.77095794677734,141.60000610351562
2019-09-18,271.8603210449219,38.26018524169922,25.021934509277344,22.595563888549805,81.07550811767578,70.72479248046875,50.56140899658203,57.57737350463867,25.697290420532227,25.504226684570312,31.160533905029297,47.72935104370117,114.2537612915039,140.7100067138672
2019-09-19,271.8421936035156,38.34490203857422,24.90787696838379,22.53721046447754,81.45674896240234,70.3672103881836,50.5531120300293,57.422306060791016,25.81810188293457,25.54770278930664,31.263282775878906,47.77605438232422,114.59748840332031,141.27999877929688
2019-09-20,270.5577697753906,37.89775848388672,24.761497497558594,22.55560874938965,81.91083526611328,69.92240142822266,50.39270782470703,56.76409149169922,25.920372009277344,25.4882869720459,31.130393981933594,47.466121673583984,116.11138916015625,142.9499969482422
2019-09-23,270.4942321777344,38.01579284667969,24.80558967590332,22.562973022460938,81.47457122802734,69.78760528564453,50.593204498291016,56.96211624145508,25.924428939819336,25.4271183013916,31.24180030822754,47.29757308959961,116.08685302734375,143.75
2019-09-24,268.37188720703125,37.64749526977539,24.56749725341797,22.205942153930664,80.72669982910156,69.39219665527344,50.802066802978516,56.3538818359375,26.22879981994629,25.20867347717285,31.202014923095703,46.585899353027344,117.48619842529297,144.50999450683594
2019-09-25,269.9591064453125,38.0960693359375,24.770313262939453,22.242752075195312,80.33496856689453,69.8415298461914,50.835479736328125,56.86781692504883,26.212574005126953,25.339744567871094,31.170185089111328,47.11964797973633,115.76774597167969,141.8300018310547
2019-09-26,269.3966979980469,38.1385612487793,24.655675888061523,21.951969146728516,79.8897705078125,69.94038391113281,51.11952590942383,56.62263488769531,26.350549697875977,25.282947540283203,31.472570419311523,46.66081237792969,116.5124282836914,141.7899932861328
2019-09-27,267.9454345703125,37.62860107421875,24.75267791748047,21.94828987121582,79.53366088867188,69.66178894042969,51.06104278564453,56.424598693847656,26.25720977783203,25.213043212890625,31.265682220458984,46.13642501831055,116.79873657226562,141.05999755859375
2019-09-30,269.1881103515625,38.02523422241211,24.69095230102539,21.790014266967773,80.24589538574219,69.76062774658203,51.31167984008789,56.910247802734375,26.273439407348633,25.4271183013916,31.30545997619629,46.37053298950195,117.08516693115234,138.8699951171875
2019-10-01,265.9862060546875,37.67110061645508,24.170673370361328,21.285757064819336,79.46243286132812,68.08918762207031,51.178001403808594,56.43402862548828,26.212574005126953,24.828580856323242,31.034902572631836,45.90232467651367,117.43766021728516,139.6300048828125
2019-10-02,261.2876892089844,36.96282196044922,23.676856994628906,20.763090133666992,78.30496215820312,66.80413818359375,50.15043258666992,55.42030334472656,25.86355209350586,24.38294219970703,30.843917846679688,45.209388732910156,117.72459411621094,141.25999450683594
2019-10-03,263.4282531738281,37.41610336303711,23.77385711669922,20.98761558532715,79.00833892822266,67.24447631835938,50.501312255859375,55.689064025878906,25.924428939819336,24.47032928466797,31.209957122802734,45.64950180053711,118.79844665527344,141.89999389648438
2019-10-04,266.99298095703125,38.03468704223633,24.214765548706055,21.12012481689453,80.24589538574219,67.9454116821289,51.294960021972656,56.212432861328125,26.28561782836914,24.601396560668945,31.353212356567383,46.26753616333008,119.67564392089844,141.89999389648438
2019-10-07,265.84112548828125,37.87413787841797,24.0913143157959,20.93239974975586,79.97881317138672,67.60395812988281,50.87725067138672,55.967247009277344,26.18416404724121,24.514019012451172,31.297510147094727,46.26753616333008,118.68373107910156,140.69000244140625
2019-10-08,261.7139587402344,37.180023193359375,23.615131378173828,20.575374603271484,78.45634460449219,66.56153106689453,50.39270782470703,55.37787628173828,25.940662384033203,24.085865020751953,31.146316528320312,45.518394470214844,119.00338745117188,141.9199981689453
2019-10-09,264.19927978515625,37.732479095458984,23.835586547851562,20.763090133666992,79.0261459350586,67.1276626586914,50.777000427246094,55.8493766784668,26.066469192504883,24.35673713684082,31.24180030822754,45.78995895385742,118.33116149902344,142.0500030517578
2019-10-10,265.9862060546875,37.992183685302734,24.082490921020508,21.0244197845459,79.41790008544922,67.73873138427734,50.87725067138672,56.22186279296875,26.038070678710938,24.579544067382812,31.32137680053711,46.052162170410156,116.56877899169922,140.80999755859375
2019-10-11,268.74365234375,38.51631546020508,24.38231658935547,21.30784034729004,80.0767593383789,69.01478576660156,50.827117919921875,56.85837936401367,25.940662384033203,25.055761337280273,31.217926025390625,46.595272064208984,115.12593841552734,140.02999877929688
2019-10-14,268.4444274902344,38.49271011352539,24.417587280273438,21.296798706054688,80.04113006591797,68.8800048828125,50.576499938964844,56.830101013183594,25.774269104003906,24.876638412475586,31.265682220458984,46.492279052734375,115.96215057373047,140.58999633789062
2019-10-15,271.1020202636719,38.91767501831055,24.770313262939453,21.3851375579834,81.50126647949219,69.4371337890625,50.359291076660156,57.32988357543945,25.69310760498047,25.051393508911133,31.2895450592041,47.28820037841797,114.56035614013672,139.61000061035156
2019-10-16,270.6667175292969,38.648529052734375,24.708589553833008,21.08699607849121,81.39443969726562,69.40119171142578,50.40941619873047,57.565635681152344,25.74992561340332,25.103816986083984,31.249765396118164,47.37248611450195,114.69969940185547,140.41000366210938
2019-10-17,271.4648742675781,38.572975158691406,24.726224899291992,21.101715087890625,81.9998550415039,69.74266815185547,50.643341064453125,57.716529846191406,25.81485366821289,25.169353485107422,31.45665168762207,47.65339279174805,114.42096710205078,140.61000061035156
2019-10-18,270.27667236328125,38.20466995239258,24.787952423095703,20.991291046142578,81.6971435546875,69.14060974121094,50.743595123291016,57.603355407714844,25.900083541870117,25.12566375732422,31.759050369262695,47.100929260253906,114.42096710205078,140.4600067138672
2019-10-21,272.10888671875,38.615474700927734,25.131860733032227,21.366731643676758,81.60810089111328,69.55398559570312,50.910667419433594,57.80611038208008,26.00153923034668,25.04702377319336,31.973913192749023,47.381839752197266,113.56024932861328,139.7899932861328
2019-10-22,271.219970703125,38.0960693359375,25.061317443847656,21.642784118652344,81.78619384765625,70.10212707519531,50.92738342285156,57.43833923339844,26.111112594604492,24.942171096801758,31.878416061401367,46.92300796508789,114.2242431640625,140.1999969482422
2019-10-23,272.00909423828125,38.129119873046875,25.16713523864746,21.823143005371094,82.2936782836914,70.09315490722656,51.161293029785156,57.17429733276367,26.216630935668945,25.099451065063477,31.934127807617188,47.28820037841797,114.3389892578125,140.52999877929688
2019-10-24,272.4535827636719,38.686302185058594,25.131860733032227,21.73112678527832,81.87523651123047,70.1919937133789,51.336734771728516,57.14599609375,26.305910110473633,25.178089141845703,31.81475830078125,46.75445556640625,114.10950469970703,141.52999877929688
2019-10-25,273.56927490234375,39.153770446777344,25.255313873291016,21.907798767089844,81.96427154541016,70.63233184814453,51.035972595214844,57.07999801635742,26.038070678710938,25.453336715698242,31.42482566833496,47.11964797973633,113.55206298828125,141.86000061035156
2019-10-28,275.1112365722656,39.649566650390625,25.387584686279297,21.782655715942383,82.81005859375,70.83000946044922,50.93574142456055,57.2591667175293,25.68092918395996,25.531970977783203,31.090606689453125,47.55976486206055,112.51917266845703,140.63999938964844
2019-10-29,275.02960205078125,39.290706634521484,25.44931411743164,21.870990753173828,83.9853286743164,71.06364440917969,50.93574142456055,56.9338264465332,25.705284118652344,25.689254760742188,31.170185089111328,47.12902069091797,112.59294891357422,140.25
2019-10-30,275.8731994628906,39.531517028808594,25.431678771972656,21.425622940063477,84.45718383789062,71.31529235839844,51.16965866088867,57.287452697753906,25.93254852294922,25.711095809936523,31.40096092224121,47.26011276245117,114.2406234741211,141.02000427246094
2019-10-31,275.13848876953125,39.50790786743164,25.30821990966797,21.333606719970703,84.35926055908203,70.55145263671875,51.09446334838867,56.980979919433594,26.074586868286133,25.42275047302246,31.297510147094727,47.40056610107422,115.7817611694336,142.42999267578125
2019-11-01,277.6872253417969,39.9800910949707,25.678592681884766,21.8194580078125,84.46609497070312,72.08811950683594,51.08610916137695,57.35817337036133,26.00965118408203,25.781002044677734,31.217926025390625,47.709590911865234,115.42530822753906,142.55999755859375
2019-11-04,278.8029479980469,40.187843322753906,25.89904022216797,22.529844284057617,84.2079086303711,72.923828125,50.593204498291016,57.38645935058594,25.676870346069336,25.981971740722656,30.8677921295166,47.97177505493164,113.90613555908203,142.14999389648438
2019-11-05,278.4945068359375,40.1406364440918,25.99604034423828,22.55929183959961,83.61138153076172,73.07659149169922,50.76029968261719,57.471336364746094,25.4130859375,26.025665283203125,30.334623336791992,47.99051284790039,112.62512969970703,139.85000610351562
2019-11-06,278.55810546875,40.12174987792969,26.12831687927246,22.099199295043945,83.89629364013672,73.12154388427734,50.969146728515625,57.53263473510742,25.51048469543457,26.00818634033203,30.446025848388672,47.82194519042969,113.30673217773438,140.4499969482422
2019-11-07,279.5377197265625,40.43811798095703,26.322322845458984,22.430465698242188,84.08325958251953,73.37313079833984,50.79370880126953,57.18843460083008,25.165529251098633,26.182941436767578,30.11976432800293,48.12159729003906,111.25375366210938,138.27000427246094
2019-11-08,280.2270812988281,40.66477584838867,26.313501358032227,22.33844566345215,84.69757843017578,73.47196197509766,50.76029968261719,57.21200180053711,25.060012817382812,26.287797927856445,30.06406593322754,48.25267791748047,110.7856674194336,137.38999938964844
2019-11-11,279.6919250488281,40.683658599853516,26.242956161499023,22.213302612304688,84.35034942626953,73.50794982910156,50.685096740722656,57.09413146972656,24.905797958374023,26.248485565185547,30.11976432800293,48.0279541015625,110.85962677001953,137.05999755859375
2019-11-12,280.28155517578125,40.82058334350586,26.27822494506836,22.099199295043945,84.85785675048828,73.49895477294922,50.8521842956543,57.056427001953125,24.966672897338867,26.383913040161133,29.920822143554688,48.084144592285156,111.36869812011719,137.42999267578125
2019-11-13,280.3722229003906,40.91030502319336,26.110679626464844,22.003498077392578,84.9557876586914,73.19339752197266,51.236480712890625,56.87724304199219,25.335975646972656,26.23100471496582,30.223222732543945,48.06541442871094,112.09134674072266,137.97999572753906
2019-11-14,280.7803039550781,40.86309051513672,26.163585662841797,21.944608688354492,84.9646987915039,73.42707061767578,51.21977615356445,57.1224250793457,25.425256729125977,26.392650604248047,30.525609970092773,48.280792236328125,113.24921417236328,138.55999755859375
2019-11-15,282.8121643066406,41.19361877441406,26.234132766723633,22.11392593383789,86.77207946777344,73.96623229980469,51.236480712890625,57.22616195678711,25.506427764892578,26.370805740356445,30.676815032958984,48.683441162109375,113.12602996826172,138.2100067138672
2019-11-18,283.020751953125,41.31638717651367,26.28704071044922,21.845226287841797,86.47826385498047,73.68767547607422,51.50382614135742,57.42418670654297,25.559186935424805,26.305273056030273,30.843917846679688,48.85198974609375,113.33135223388672,138.6199951171875
2019-11-19,282.9391174316406,41.39665222167969,26.339950561523438,21.52132225036621,87.06587219238281,73.624755859375,51.436988830566406,56.79237747192383,25.494247436523438,26.248485565185547,30.907581329345703,48.88007354736328,114.27572631835938,138.69000244140625
2019-11-20,281.8869323730469,41.14639663696289,26.216493606567383,21.73848533630371,86.95014953613281,73.04063415527344,51.55394744873047,56.660343170166016,25.648466110229492,25.92081069946289,30.923500061035156,48.5804328918457,115.45823669433594,138.75999450683594
2019-11-21,281.4334411621094,40.938629150390625,26.19004249572754,22.095516204833984,87.17272186279297,73.01368713378906,51.294960021972656,56.339725494384766,25.559186935424805,25.877126693725586,30.50969886779785,48.71152877807617,114.73560333251953,138.0
2019-11-22,282.059326171875,40.88669204711914,26.384044647216797,22.021900177001953,87.48433685302734,73.39112854003906,51.21141815185547,56.72636413574219,25.567302703857422,25.92081069946289,30.334623336791992,48.730262756347656,114.88335418701172,137.74000549316406
2019-11-25,284.245361328125,41.48164749145508,26.551589965820312,22.043989181518555,88.50822448730469,73.9212875366211,51.2698860168457,57.22616195678711,25.48207664489746,26.09119987487793,30.358509063720703,48.88007354736328,115.22006225585938,137.0800018310547
2019-11-26,284.8892822265625,41.5194206237793,26.52513885498047,21.8415470123291,88.43699645996094,74.13697814941406,51.68760681152344,57.617496490478516,25.567302703857422,26.222261428833008,30.780256271362305,49.03927230834961,115.89342498779297,137.74000549316406
2019-11-27,286.15924072265625,41.750797271728516,26.630952835083008,21.896757125854492,88.89104461669922,74.0650863647461,51.81292724609375,58.112579345703125,25.611942291259766,26.327116012573242,30.875743865966797,49.3857421875,115.55679321289062,137.00999450683594
2019-11-29,285.0978698730469,41.62802505493164,26.58686065673828,21.675912857055664,88.57945251464844,73.72361755371094,51.79621887207031,57.73537826538086,25.587594985961914,26.23100471496582,30.75638198852539,49.21718215942383,115.31039428710938,137.86000061035156
2019-12-02,282.6761169433594,41.0330696105957,26.419322967529297,21.675912857055664,88.18770599365234,72.51045989990234,51.913177490234375,57.2591667175293,25.42119789123535,25.968862533569336,30.191389083862305,48.748985290527344,113.77297973632812,137.7899932861328
2019-12-03,280.7803039550781,40.66948318481445,26.048952102661133,21.352005004882812,87.99182891845703,71.71966552734375,51.82963562011719,56.68392562866211,25.490192413330078,25.8028507232666,30.438074111938477,48.65534591674805,116.15852355957031,139.11000061035156
2019-12-04,282.5128479003906,40.83475112915039,26.295860290527344,21.672231674194336,88.81094360351562,71.99823760986328,52.17216491699219,56.99983215332031,25.68499183654785,25.859643936157227,30.597230911254883,48.90816879272461,114.9986343383789,138.9199981689453
2019-12-05,283.020751953125,40.985843658447266,26.419322967529297,21.569168090820312,88.81094360351562,72.0162124633789,52.15544891357422,56.9432487487793,25.729631423950195,25.990711212158203,30.64497184753418,49.11418151855469,114.43926239013672,139.0
2019-12-06,285.6059265136719,41.439151763916016,26.772050857543945,21.981416702270508,89.39855194091797,72.88787841796875,52.3559455871582,57.400611877441406,25.652530670166016,26.257211685180664,30.652935028076172,49.40447235107422,113.80593872070312,137.6199951171875
2019-12-09,284.70794677734375,41.22195053100586,26.71031951904297,21.955650329589844,88.77531433105469,72.60930633544922,52.39772415161133,57.471336364746094,25.563243865966797,26.20479393005371,30.692726135253906,49.21718215942383,114.0526351928711,137.5800018310547
2019-12-10,284.3904113769531,41.2550048828125,26.719133377075195,21.999818801879883,88.97119140625,72.51943969726562,52.23064422607422,57.37232208251953,25.559186935424805,26.047508239746094,30.477859497070312,49.04864501953125,114.06089782714844,137.97000122070312
2019-12-11,285.19775390625,41.5335807800293,26.65740203857422,21.9630126953125,89.05133819580078,72.97773742675781,52.305824279785156,57.51848602294922,25.628175735473633,26.244108200073242,30.247087478637695,49.27336502075195,114.95751953125,138.9199981689453
2019-12-12,287.65594482421875,41.97743225097656,27.177682876586914,22.367900848388672,89.87932586669922,73.624755859375,52.26406478881836,58.02299880981445,25.51860237121582,26.61109733581543,29.881040573120117,49.329551696777344,113.06548309326172,138.42999267578125
2019-12-13,287.8282470703125,42.256038665771484,27.08068084716797,22.19858169555664,89.81697845458984,73.42707061767578,52.44784927368164,58.07484817504883,25.71746063232422,26.405757904052734,29.912872314453125,49.21718215942383,114.3735122680664,139.0500030517578
2019-12-16,289.80560302734375,42.63378143310547,27.177682876586914,22.49671745300293,90.78748321533203,73.39112854003906,52.63163757324219,58.32947540283203,26.038070678710938,26.51935577392578,30.14364242553711,49.70412063598633,113.34519958496094,139.0399932861328
2019-12-17,289.869140625,42.534629821777344,27.28350257873535,22.511442184448242,90.68954467773438,73.3192138671875,52.548095703125,58.58879852294922,26.12328338623047,26.558671951293945,29.817378997802734,49.65729522705078,113.18895721435547,139.00999450683594
2019-12-18,289.8872375488281,42.52989196777344,27.168865203857422,22.596097946166992,90.81417083740234,73.01368713378906,52.46455764770508,58.645381927490234,26.22879981994629,26.523717880249023,30.239139556884766,49.99439239501953,112.2593994140625,139.02000427246094
2019-12-19,291.075439453125,42.83682632446289,27.16004180908203,22.588741302490234,91.17032623291016,73.21139526367188,52.74859619140625,58.829254150390625,26.236919403076172,26.615467071533203,30.525609970092773,50.45323944091797,112.43899536132812,139.3800048828125
2019-12-20,292.3515930175781,43.085533142089844,27.191951751708984,22.805416107177734,91.81578826904297,73.5482406616211,53.14699172973633,58.91913604736328,26.41728401184082,26.7446231842041,30.761316299438477,50.609947204589844,112.58731842041016,139.52000427246094
2019-12-23,292.7981872558594,43.20870590209961,27.129915237426758,23.039567947387695,92.18233489990234,74.1533203125,52.919593811035156,58.781959533691406,26.171890258789062,26.819303512573242,30.57628631591797,50.478572845458984,112.42253875732422,139.9499969482422
2019-12-24,292.80731201171875,43.22290802001953,27.191951751708984,23.028413772583008,92.06612396240234,73.85527801513672,52.98696517944336,58.9144172668457,26.208696365356445,26.850053787231445,30.61651611328125,50.46919631958008,112.74382019042969,141.27000427246094
2019-12-26,294.3660888671875,43.545040130615234,27.34262466430664,23.020986557006836,92.00355529785156,74.02688598632812,53.03750991821289,59.633460998535156,26.253692626953125,26.968664169311523,30.801530838012695,50.853946685791016,113.0157470703125,142.3800048828125
2019-12-27,294.2930908203125,43.54030990600586,27.271726608276367,22.924354553222656,92.03038024902344,73.96365356445312,53.273345947265625,59.628726959228516,26.33139991760254,26.867624282836914,30.914154052734375,50.76011276245117,113.13933563232422,142.3300018310547
2019-12-30,292.6705627441406,43.28924560546875,27.191951751708984,22.852001190185547,91.47785949707031,73.62049865722656,52.995384216308594,59.245548248291016,26.327306747436523,26.784160614013672,30.89002799987793,50.234580993652344,112.7273941040039,142.6300048828125
2019-12-31,293.3815612792969,43.42661666870117,27.28058433532715,22.98215103149414,91.65782928466797,73.5753402709961,53.04592514038086,59.33070373535156,26.4295597076416,26.981840133666992,31.107213973999023,50.32843780517578,111.62334442138672,142.89999389648438
2020-01-02,296.12530517578125,44.24142074584961,27.546476364135742,23.188854217529297,91.9007568359375,74.96611785888672,52.62478256225586,60.03555679321289,26.098268508911133,26.66554832458496,30.74523162841797,50.91964340209961,112.88391876220703,143.9499969482422
2020-01-03,293.88299560546875,43.744022369384766,27.253997802734375,23.119953155517578,91.09993743896484,74.82161712646484,52.540565490722656,59.524662017822266,26.151437759399414,26.235036849975586,30.970460891723633,50.5911865234375,114.62232971191406,145.86000061035156
2020-01-06,295.0041198730469,43.848243713378906,27.236270904541016,23.29985809326172,91.66683197021484,74.84871673583984,52.650062561035156,59.69021987915039,26.175979614257812,26.120819091796875,30.978500366210938,51.26686477661133,113.97148895263672,147.38999938964844
2020-01-07,294.17462158203125,43.82928466796875,27.05900764465332,23.238611221313477,91.48685455322266,74.6951675415039,52.24577331542969,59.59561538696289,26.1391658782959,26.090065002441406,30.64065170288086,51.332550048828125,113.41124725341797,147.97000122070312
2020-01-08,295.74249267578125,44.29826736450195,27.236270904541016,22.855833053588867,92.08077239990234,74.94805145263672,52.43949890136719,59.7753791809082,26.12689781188965,26.18231201171875,30.793487548828125,51.69853591918945,112.66149139404297,146.86000061035156
2020-01-09,297.747802734375,44.80042266845703,27.40467071533203,23.02425765991211,92.4766845703125,75.26411437988281,52.810096740722656,60.092323303222656,26.27005386352539,26.278963088989258,30.78544807434082,51.9706916809082,113.05694580078125,146.02999877929688
2020-01-10,296.8908386230469,44.69621276855469,27.200820922851562,22.894107818603516,92.50369262695312,74.73128509521484,52.77640151977539,59.76591110229492,26.339582443237305,26.173526763916016,31.083078384399414,51.76424026489258,114.06212615966797,146.91000366210938
2020-01-13,298.93267822265625,45.255210876464844,27.386940002441406,22.901765823364258,92.17973327636719,75.34540557861328,53.121726989746094,59.95512771606445,26.499088287353516,26.51178741455078,31.461166381835938,52.252227783203125,113.71611022949219,145.82000732421875
2020-01-14,298.4769592285156,45.042015075683594,27.333765029907227,22.905593872070312,92.73764038085938,75.35443115234375,53.138572692871094,59.93620300292969,26.576799392700195,26.401968002319336,31.308320999145508,52.1208381652832,114.301025390625,145.69000244140625
2020-01-15,299.151611328125,45.094146728515625,27.183090209960938,22.737173080444336,93.53849792480469,75.47183990478516,53.51758575439453,59.79902648925781,26.948993682861328,26.58207893371582,31.5255184173584,52.37421417236328,115.05903625488281,146.5399932861328
2020-01-16,301.6400146484375,45.70051193237305,27.42239761352539,22.775449752807617,94.02442932128906,76.22140502929688,53.6607780456543,60.33358383178711,27.116676330566406,26.74022674560547,31.807069778442383,52.77775573730469,114.69657135009766,146.30999755859375
2020-01-17,302.5788879394531,46.0084342956543,27.502166748046875,22.62999153137207,94.02442932128906,76.23043823242188,53.753421783447266,60.54645919799805,27.304821014404297,26.858840942382812,31.84728240966797,53.19065856933594,113.71611022949219,146.5800018310547
2020-01-21,301.986328125,45.98948669433594,27.271726608276367,22.224254608154297,94.12340545654297,75.39056396484375,53.938724517822266,60.36196517944336,27.554311752319336,26.56890296936035,32.169063568115234,53.143733978271484,114.91077423095703,146.74000549316406
2020-01-22,302.0228271484375,46.1552848815918,27.351491928100586,22.009889602661133,94.24040222167969,74.99319458007812,53.980831146240234,60.33358383178711,27.640199661254883,26.463470458984375,31.911640167236328,53.11557388305664,115.31446075439453,146.7899932861328
2020-01-23,302.36920166015625,46.37321472167969,27.28058433532715,21.925674438476562,93.76345825195312,75.80599975585938,53.93030548095703,60.4234619140625,27.885597229003906,26.43271827697754,32.21731948852539,52.899749755859375,116.12186431884766,147.1199951171875
2020-01-24,299.6802062988281,46.1552848815918,26.93492317199707,21.67304039001465,92.19773864746094,75.45376586914062,53.55970001220703,59.5814208984375,27.95921516418457,26.24382209777832,32.169063568115234,52.26160430908203,117.06116485595703,147.97999572753906
2020-01-27,294.8764953613281,45.056236267089844,26.518356323242188,21.07207489013672,91.4958724975586,74.02688598632812,53.3912467956543,58.692073822021484,27.88968849182129,25.677120208740234,32.03230285644531,51.44516372680664,118.88200378417969,148.99000549316406
2020-01-28,297.9666442871094,45.91843032836914,26.82856559753418,21.167768478393555,91.94577026367188,74.50552368164062,53.45862579345703,59.26448440551758,28.004207611083984,25.967063903808594,32.11275100708008,52.036380767822266,117.95095825195312,147.66000366210938
2020-01-29,297.720458984375,46.03684997558594,26.784250259399414,20.945758819580078,91.69384002685547,74.90288543701172,53.18911361694336,59.23136520385742,28.077821731567383,26.050521850585938,31.943811416625977,51.95191955566406,119.10444641113281,148.4600067138672
2020-01-30,298.6866760253906,46.434783935546875,27.121049880981445,21.11418342590332,91.0279541015625,74.9841537475586,53.82081604003906,59.13201904296875,28.33958625793457,25.88798713684082,32.016212463378906,51.4263916015625,119.1209487915039,148.47000122070312
2020-01-31,293.2631530761719,45.160457611083984,26.55381202697754,20.455799102783203,89.21025848388672,73.25020599365234,53.214385986328125,59.283390045166016,28.21280288696289,25.316892623901367,31.55768585205078,50.5911865234375,120.20846557617188,149.3300018310547
2020-02-03,295.441650390625,45.75735855102539,26.73993492126465,20.187856674194336,90.02013397216797,73.22313690185547,53.214385986328125,59.70442199707031,28.302772521972656,25.848447799682617,31.589872360229492,51.19179153442383,120.11111450195312,148.36000061035156
2020-02-04,299.9445495605469,46.95588684082031,26.996963500976562,20.260583877563477,91.60383605957031,74.60487365722656,53.53443908691406,60.79244613647461,28.020570755004883,26.305322647094727,32.00012969970703,51.7266960144043,118.49349975585938,146.42999267578125
2020-02-05,303.4083557128906,47.23065185546875,27.53761863708496,21.022314071655273,93.3675308227539,75.85112762451172,53.963993072509766,61.099937438964844,28.13509178161621,26.792943954467773,31.975994110107422,51.81114959716797,117.19788360595703,146.61000061035156
2020-02-06,304.4291687011719,47.661746978759766,27.502166748046875,20.807954788208008,93.44850158691406,76.09497833251953,54.056644439697266,60.96274185180664,28.143264770507812,26.779769897460938,32.11275100708008,52.458683013916016,117.72608947753906,147.39999389648438
2020-02-07,302.80670166015625,47.22591781616211,27.40467071533203,20.662494659423828,92.71963500976562,75.54407501220703,54.124019622802734,60.697837829589844,28.05329132080078,26.39757537841797,32.12882995605469,52.4211311340332,119.19508361816406,147.7899932861328
2020-02-10,305.0672607421875,47.865447998046875,27.48443603515625,20.55914878845215,93.21455383300781,75.96853637695312,54.3514404296875,61.383758544921875,28.159624099731445,26.3843936920166,32.49886703491211,52.73081588745117,119.5251235961914,148.1699981689453
2020-02-11,305.59600830078125,47.704383850097656,27.581926345825195,20.788818359375,93.7724609375,76.2575454711914,54.149288177490234,61.86627960205078,28.26187515258789,26.529361724853516,32.893043518066406,52.674522399902344,118.92269134521484,147.66000366210938
2020-02-12,307.5648498535156,48.22074890136719,27.599653244018555,21.068252563476562,93.88941955566406,76.97098541259766,54.124019622802734,62.50019073486328,28.282323837280273,26.674333572387695,33.102195739746094,53.35958480834961,118.3201904296875,147.5399932861328
2020-02-13,307.2366638183594,48.092830657958984,27.590795516967773,21.003175735473633,93.44850158691406,76.53749084472656,54.444087982177734,62.39137649536133,28.597253799438477,26.577688217163086,33.30329895019531,53.36896514892578,118.77416229248047,148.3800048828125
2020-02-14,307.7289123535156,48.3012809753418,27.626243591308594,20.892169952392578,93.52051544189453,76.43816375732422,54.5704345703125,62.29676055908203,28.78948402404785,26.58207893371582,33.689422607421875,53.434661865234375,119.29412078857422,149.0
2020-02-18,306.9360046386719,48.12125778198242,27.386940002441406,20.71991729736328,93.18755340576172,76.0046615600586,54.376705169677734,62.292015075683594,29.03079605102539,26.51618194580078,33.657257080078125,53.791255950927734,120.11111450195312,150.91000366210938
2020-02-19,308.40350341796875,48.69446563720703,27.590795516967773,20.995515823364258,93.61949920654297,75.97756958007812,54.317745208740234,62.57112503051758,28.71586799621582,26.586475372314453,33.18264389038086,54.035255432128906,120.10284423828125,151.7899932861328
2020-02-20,307.1365051269531,48.187583923339844,27.53761863708496,20.972549438476562,93.01659393310547,75.86920928955078,54.359867095947266,62.594783782958984,28.818117141723633,26.630399703979492,33.552677154541016,53.48157501220703,121.04364013671875,152.41000366210938
2020-02-21,303.9735412597656,47.107479095458984,27.271726608276367,20.72374725341797,93.07058715820312,75.4898910522461,54.45250701904297,61.63922119140625,28.764951705932617,26.507400512695312,33.72964859008789,52.665130615234375,122.17434692382812,154.6999969482422
2020-02-24,293.8921203613281,45.160457611083984,26.385414123535156,19.76679229736328,90.1371078491211,73.34050750732422,53.197540283203125,59.519920349121094,28.42957305908203,25.760587692260742,33.2791748046875,50.90087127685547,123.99824523925781,156.08999633789062
2020-02-25,284.9865417480469,43.71559143066406,25.490243911743164,18.894052505493164,87.4015884399414,70.35128021240234,52.23735046386719,57.930458068847656,27.832427978515625,24.649158477783203,32.442569732666016,49.540138244628906,124.65835571289062,153.3000030517578
2020-02-26,283.9383239746094,43.914546966552734,25.304119110107422,18.323713302612305,87.39258575439453,69.81843566894531,51.94255447387695,57.47158432006836,27.55021858215332,24.565690994262695,32.16101837158203,49.4462890625,123.99824523925781,153.97000122070312
2020-02-27,271.1861877441406,41.545928955078125,24.222820281982422,17.343791961669922,84.4231185913086,67.22654724121094,49.82845687866211,55.148887634277344,26.31095314025879,23.414722442626953,30.343008041381836,47.49433898925781,125.3434066772461,154.0
2020-02-28,270.0467224121094,41.86331558227539,23.566951751708984,17.328481674194336,83.33431243896484,65.99833679199219,48.843013763427734,54.794097900390625,25.431598663330078,23.159931182861328,29.594894409179688,47.635108947753906,128.17410278320312,148.3800048828125
2020-03-02,281.74151611328125,44.28407287597656,24.772329330444336,18.028968811035156,87.2396011352539,68.31930541992188,51.454044342041016,56.676856994628906,26.92853355407715,24.15274429321289,31.066991806030273,49.286766052246094,127.23110961914062,149.1999969482422
2020-03-03,273.6745910644531,42.60233688354492,23.84170913696289,17.477766036987305,85.07099914550781,66.64857482910156,50.75495910644531,55.30499267578125,26.597248077392578,23.94188117980957,31.042863845825195,47.663265228271484,129.20635986328125,153.88999938964844
2020-03-04,285.1780090332031,44.43092346191406,24.630523681640625,17.89116668701172,89.97511291503906,69.40301513671875,53.248069763183594,57.216148376464844,28.106454849243164,24.934703826904297,32.24950408935547,49.38059616088867,127.83436584472656,154.16000366210938
2020-03-05,275.69805908203125,43.02869415283203,23.4428653717041,17.23661231994629,87.88751220703125,66.00736236572266,52.24577331542969,55.0826530456543,27.672914505004883,24.143964767456055,31.509428024291992,47.57880783081055,131.01637268066406,157.49000549316406
2020-03-06,271.1405029296875,42.119140625,22.645191192626953,16.268177032470703,87.41958618164062,65.42938995361328,51.83306884765625,54.23588562011719,27.447967529296875,23.515758514404297,30.970460891723633,46.75297927856445,137.83497619628906,157.5500030517578
2020-03-09,249.96604919433594,38.921470642089844,20.21670150756836,12.991573333740234,82.8753662109375,59.39670181274414,49.575782775878906,50.8204231262207,25.95511817932129,21.314870834350586,28.782421112060547,43.63735580444336,141.57081604003906,157.80999755859375
2020-03-10,262.90045166015625,41.51749038696289,21.404356002807617,13.607853889465332,85.71886444091797,62.476261138916016,50.999210357666016,53.63037872314453,26.196430206298828,22.1802921295166,30.182132720947266,45.8614501953125,134.31414794921875,154.47999572753906
2020-03-11,250.0844268798828,39.55626678466797,20.243289947509766,12.888222694396973,82.44345092773438,58.8097038269043,48.49768829345703,50.69743347167969,24.879451751708984,21.125967025756836,28.56522560119629,43.89073181152344,129.37168884277344,153.92999267578125
2020-03-12,226.15711975097656,35.69538497924805,18.05411148071289,11.280547142028809,76.28854370117188,52.72281265258789,43.94102478027344,45.57422637939453,22.36819076538086,19.092002868652344,26.111719131469727,39.770992279052734,130.17340087890625,147.7899932861328
2020-03-13,245.49037170410156,39.88314437866211,20.429418563842773,12.321708679199219,81.57962036132812,56.840946197509766,47.68067932128906,48.39364242553711,23.58700942993164,20.431869506835938,28.404335021972656,43.34644317626953,127.23110961914062,143.27999877929688
2020-03-16,218.6279296875,34.37367630004883,17.628681182861328,10.64513111114502,73.5350341796875,50.39283752441406,44.446388244628906,42.26283645629883,20.908063888549805,18.182649612426758,23.85931968688965,38.457183837890625,135.4712371826172,141.63999938964844
2020-03-17,230.43206787109375,36.71389389038086,18.585895538330078,10.71785831451416,78.15121459960938,52.71379089355469,48.19446563720703,43.89015197753906,23.582923889160156,19.30726432800293,25.307292938232422,40.12759780883789,126.43756103515625,143.55999755859375
2020-03-18,218.7646484375,35.33060836791992,17.008270263671875,9.179078102111816,75.55966186523438,48.830467224121094,46.95634078979492,41.36875534057617,22.55633544921875,18.072826385498047,23.52950668334961,38.79502868652344,119.3049545288086,140.6999969482422
2020-03-19,219.22955322265625,35.458518981933594,17.38051986694336,9.803013801574707,74.01194763183594,48.8665885925293,45.38972854614258,42.81158447265625,21.243440628051758,18.534090042114258,23.159473419189453,39.489471435546875,122.55307006835938,138.0399932861328
2020-03-20,209.78201293945312,33.8336296081543,16.760103225708008,9.898707389831543,71.16844177246094,46.419212341308594,42.450218200683594,41.5390625,19.558366775512695,17.870750427246094,21.84825325012207,37.74397659301758,131.7685089111328,140.11000061035156
2020-03-23,204.41824340820312,33.52458190917969,15.78493595123291,9.22402572631836,67.47205352783203,44.386009216308594,41.19397735595703,41.60750198364258,18.56032943725586,16.959739685058594,20.634187698364258,37.944419860839844,137.1986083984375,146.3000030517578
2020-03-24,222.93922424316406,36.95799255371094,17.742412567138672,10.703317642211914,72.67125701904297,50.001373291015625,43.294761657714844,45.51013946533203,20.555572509765625,18.954225540161133,22.433401107788086,40.27830505371094,134.6447296142578,153.39999389648438
2020-03-25,226.27664184570312,36.910369873046875,18.225078582763672,11.208151817321777,73.63874053955078,52.63160705566406,43.17616653442383,46.30873489379883,21.080204010009766,19.396465301513672,23.43026351928711,39.657188415527344,134.33897399902344,151.3000030517578
2020-03-26,239.48890686035156,39.196128845214844,19.369171142578125,11.893009185791016,78.530517578125,55.953495025634766,45.53954315185547,48.22439956665039,22.877166748046875,20.307464599609375,25.229467391967773,41.91579055786133,135.0001220703125,153.24000549316406
2020-03-27,232.3555450439453,37.424659729003906,18.779251098632812,11.086833953857422,76.84868621826172,53.596317291259766,45.32777786254883,46.60820770263672,23.0010929107666,19.57335662841797,25.294313430786133,40.24065399169922,138.6037139892578,152.25
2020-03-30,239.9014892578125,39.000892639160156,19.13677406311035,11.200325012207031,80.44744873046875,54.379005432128906,47.09819030761719,47.582679748535156,23.85207176208496,20.196908950805664,25.95077896118164,41.70875549316406,137.46307373046875,152.9199981689453
2020-03-31,236.3256378173828,38.272308349609375,18.609424591064453,11.372518539428711,80.09479522705078,53.70552444458008,46.14098358154297,46.622467041015625,22.889556884765625,19.918302536010742,25.12411117553711,41.63345718383789,136.34738159179688,148.0500030517578
2020-04-01,225.6898193359375,36.44846725463867,17.474262237548828,10.808978080749512,77.047607421875,51.284637451171875,45.361671447753906,44.540435791015625,21.513954162597656,19.02056312561035,23.600454330444336,39.97716522216797,138.25759887695312,149.4499969482422
2020-04-02,230.897705078125,37.30084991455078,17.91223907470703,11.799083709716797,79.18154907226562,51.967220306396484,46.52217483520508,44.7067985534668,22.18729591369629,19.308012008666992,23.948955535888672,40.4853401184082,139.13499450683594,151.89999389648438
2020-04-03,227.56027221679688,36.72466278076172,17.554704666137695,11.673852920532227,78.46721649169922,51.27553176879883,46.88642501831055,43.92722702026367,21.39415740966797,18.843666076660156,23.746339797973633,39.66659927368164,139.46603393554688,152.64999389648438
2020-04-06,242.84463500976562,39.858055114746094,18.814998626708984,12.292181015014648,82.58136749267578,54.8249626159668,48.63142013549805,47.582679748535156,23.046537399291992,20.245555877685547,25.46450424194336,42.282806396484375,139.1018524169922,156.8800048828125
2020-04-07,243.0922088623047,39.50090789794922,19.002702713012695,12.554381370544434,81.9031982421875,54.697540283203125,48.07234573364258,48.29094696044922,22.757368087768555,20.785079956054688,25.472612380981445,42.59335708618164,137.6451416015625,156.0399932861328
2020-04-08,251.25241088867188,40.56283187866211,19.833955764770508,13.391864776611328,85.27590942382812,56.68159103393555,48.78390884399414,49.81208419799805,23.99664878845215,21.802223205566406,27.385278701782227,43.506221771240234,136.64361572265625,154.64999389648438
2020-04-09,255.07582092285156,40.572357177734375,20.897613525390625,13.27054500579834,85.74610137939453,57.53708267211914,49.241336822509766,50.71048355102539,25.128530502319336,22.739761352539062,28.79548454284668,43.82618713378906,136.8919677734375,158.69000244140625
2020-04-13,252.74696350097656,40.662845611572266,20.137863159179688,13.227496147155762,84.99561309814453,55.85338592529297,48.877079010009766,50.69622802734375,24.331256866455078,22.24003791809082,27.47443199157715,43.892059326171875,135.6421356201172,161.41000366210938
2020-04-14,260.2012023925781,42.367637634277344,20.227245330810547,13.16487979888916,87.81674194335938,56.9182243347168,50.952457427978516,52.67844772338867,25.045913696289062,22.527494430541992,28.39024543762207,45.190765380859375,135.6090545654297,162.67999267578125
2020-04-15,254.67237854003906,41.443809509277344,19.351295471191406,12.54655647277832,87.3646240234375,55.343727111816406,50.14772033691406,51.523345947265625,24.219724655151367,21.492656707763672,27.29613494873047,44.76725769042969,139.20123291015625,161.85000610351562
2020-04-16,255.90101623535156,41.948585510253906,19.01165008544922,12.01041030883789,89.27250671386719,54.85227584838867,50.478084564208984,52.141300201416016,24.223852157592773,21.36882972717285,27.117835998535156,44.946067810058594,140.78208923339844,161.7100067138672
2020-04-17,262.8143005371094,42.5057373046875,20.01272201538086,13.286200523376465,91.12612915039062,57.427879333496094,51.248931884765625,53.68144226074219,25.004600524902344,22.226770401000977,27.993127822875977,45.55777359008789,138.8948974609375,158.57000732421875
2020-04-20,258.18402099609375,41.82476806640625,19.664138793945312,12.871374130249023,90.40278625488281,55.898895263671875,50.24090576171875,52.7449836730957,24.058618545532227,21.678396224975586,26.95574378967285,45.14369583129883,140.0124053955078,159.6999969482422
2020-04-21,250.3447723388672,40.07233810424805,19.02951431274414,12.644392013549805,87.65397644042969,54.57923126220703,49.1735725402832,51.37598419189453,23.66204071044922,21.143293380737305,26.55862045288086,43.72266387939453,141.77532958984375,158.61000061035156
2020-04-22,255.90101623535156,41.615238189697266,19.235095977783203,13.094440460205078,88.99220275878906,55.15260696411133,49.64794158935547,52.483551025390625,24.35191535949707,21.558992385864258,27.02057647705078,44.899017333984375,140.32687377929688,161.72999572753906
2020-04-23,255.88259887695312,41.32952880859375,19.1546573638916,13.517097473144531,89.48046875,55.5894660949707,49.207454681396484,52.46928787231445,23.94294548034668,21.7093563079834,26.712600708007812,45.2189826965332,141.07177734375,163.33999633789062
2020-04-24,259.4493408203125,42.20573043823242,19.431743621826172,13.548402786254883,90.68306732177734,56.035404205322266,49.73263931274414,53.35820388793945,24.091663360595703,22.049875259399414,26.80986213684082,45.79305648803711,141.40284729003906,162.63999938964844
2020-04-27,263.19024658203125,42.56765365600586,20.093172073364258,13.84190845489502,91.84950256347656,57.427879333496094,49.87665557861328,54.35643768310547,24.343645095825195,22.63805389404297,27.587902069091797,46.16948318481445,138.77081298828125,161.55999755859375
2020-04-28,261.9799499511719,42.00095748901367,20.307687759399414,14.158900260925293,89.9958724975586,58.50179672241211,50.156192779541016,54.570343017578125,24.434534072875977,23.05817413330078,27.612215042114258,45.331912994384766,140.36817932128906,160.83999633789062
2020-04-29,268.83819580078125,43.72480773925781,20.897613525390625,15.207711219787598,90.5926513671875,59.62124252319336,49.944419860839844,55.77298355102539,24.21146011352539,23.64634895324707,27.68515396118164,47.52463150024414,139.639892578125,161.72999572753906
2020-04-30,266.3351135253906,43.529571533203125,20.370254516601562,14.8711519241333,90.17672729492188,58.438106536865234,49.3514518737793,55.42597198486328,23.653785705566406,22.943195343017578,27.490646362304688,47.31758499145508,138.0093231201172,158.8000030517578
2020-05-01,259.28436279296875,42.33431625366211,19.71776580810547,14.029757499694824,88.45872497558594,56.672489166259766,48.80931091308594,53.35344696044922,23.083709716796875,22.46115493774414,26.647768020629883,46.65884780883789,139.19113159179688,159.77999877929688
2020-05-04,259.99951171875,42.896217346191406,19.53900146484375,14.51502513885498,88.41351318359375,55.953495025634766,48.78390884399414,53.64340591430664,23.257211685180664,22.540761947631836,26.631559371948242,46.9317512512207,138.536376953125,160.33999633789062
2020-05-05,262.4017028808594,43.4867057800293,19.47643280029297,14.526768684387207,90.33041381835938,56.17192459106445,48.826263427734375,53.83830261230469,23.44723129272461,22.59825325012207,26.8017578125,47.17644119262695,137.64962768554688,161.02000427246094
2020-05-06,260.62298583984375,43.824806213378906,19.05632972717285,14.147161483764648,89.43524932861328,55.398338317871094,48.29258728027344,53.828800201416016,22.64996337890625,22.209081649780273,26.30738067626953,47.04468536376953,135.4285888671875,158.9499969482422
2020-05-07,263.7678527832031,44.48197555541992,19.503246307373047,14.51502513885498,89.42622375488281,56.044517517089844,48.15706253051758,54.674922943115234,22.740842819213867,22.664587020874023,26.542407989501953,47.92930221557617,137.69105529785156,161.38999938964844
2020-05-08,268.1322326660156,45.134368896484375,19.923343658447266,15.176401138305664,89.88739776611328,57.436981201171875,49.23286056518555,55.739715576171875,23.199378967285156,23.208532333374023,27.028676986694336,48.80450439453125,135.90093994140625,160.4199981689453
2020-05-11,268.187255859375,45.434383392333984,19.53900146484375,14.910287857055664,91.43356323242188,56.71799087524414,49.16510009765625,55.61611557006836,23.100234985351562,22.8547420501709,26.704504013061523,48.83274459838867,134.84014892578125,159.4199981689453
2020-05-12,262.8418273925781,44.496253967285156,19.02951431274414,14.648085594177246,90.04108428955078,55.12530517578125,48.75001907348633,54.39921951293945,22.89781379699707,22.50537872314453,25.569862365722656,47.88224411010742,136.22409057617188,160.0399932861328
2020-05-13,258.19317626953125,43.72957229614258,18.46640968322754,13.982795715332031,89.06454467773438,53.741939544677734,48.309532165527344,53.46278762817383,22.703664779663086,22.032190322875977,25.16463279724121,47.06349563598633,137.1772918701172,161.5800018310547
2020-05-14,261.2829895019531,44.28672790527344,18.940135955810547,14.13933277130127,90.04108428955078,54.306190490722656,48.190948486328125,54.26136779785156,22.947391510009766,22.301952362060547,25.197053909301758,47.571693420410156,138.51988220214844,163.00999450683594
2020-05-15,262.48419189453125,44.510536193847656,18.814998626708984,14.084546089172363,90.80061340332031,54.11507797241211,48.61448669433594,54.89358139038086,22.641704559326172,22.496536254882812,25.1079044342041,48.2304573059082,138.16342163085938,163.92999267578125
2020-05-18,270.4793701171875,45.60103988647461,19.780332565307617,15.23510456085205,91.55110168457031,57.68270492553711,49.38533401489258,56.970882415771484,23.571165084838867,23.522520065307617,26.331693649291992,49.24681854248047,135.13014221191406,162.69000244140625
2020-05-19,267.7012634277344,45.434383392333984,19.29766845703125,14.808537483215332,90.44799041748047,56.94551467895508,48.47895431518555,56.7664680480957,23.18285369873047,23.296981811523438,25.821107864379883,49.237396240234375,135.6357879638672,164.25999450683594
2020-05-20,272.2490234375,46.42963409423828,19.726696014404297,15.39947509765625,90.55648040771484,58.01034927368164,49.05497741699219,57.508018493652344,23.310911178588867,23.668460845947266,26.064239501953125,50.60197830200195,136.0417938232422,164.64999389648438
2020-05-21,270.369384765625,45.78200912475586,19.664138793945312,15.15291976928711,89.88739776611328,58.1468620300293,48.512840270996094,57.7124137878418,23.075448989868164,23.442916870117188,25.9345703125,50.24435043334961,136.38168334960938,162.25
2020-05-22,270.8828430175781,45.94866180419922,19.59262466430664,15.059001922607422,90.0772705078125,58.10136032104492,48.6822509765625,57.626853942871094,23.33156967163086,23.407541275024414,26.501888275146484,50.545509338378906,137.20208740234375,163.2100067138672
2020-05-26,274.22027587890625,45.90105056762695,20.61158561706543,15.477739334106445,89.91448974609375,60.54044723510742,48.944854736328125,58.539520263671875,23.484413146972656,24.048784255981445,27.344758987426758,50.68667221069336,135.36231994628906,160.88999938964844
2020-05-27,278.3003845214844,46.162960052490234,21.505414962768555,15.677324295043945,90.8458251953125,62.5609016418457,49.681827545166016,59.542518615722656,23.765316009521484,24.292015075683594,27.928285598754883,51.044281005859375,135.1136474609375,161.17999267578125
2020-05-28,277.78692626953125,46.07247543334961,21.165760040283203,15.239015579223633,92.03033447265625,61.96931076049805,50.12230682373047,58.81998825073242,24.467580795288086,24.517553329467773,28.24437141418457,50.56431198120117,134.6163787841797,161.72000122070312
2020-05-29,279.0246887207031,46.65345001220703,20.924428939819336,15.168574333190918,93.14250946044922,61.58707809448242,50.173133850097656,59.033905029296875,24.657604217529297,24.521974563598633,28.082275390625,50.83724594116211,135.57772827148438,162.91000366210938
2020-06-01,280.15252685546875,46.63916015625,21.165760040283203,15.434686660766602,92.2202377319336,61.72359848022461,50.52043533325195,59.59481430053711,24.950899124145508,24.69002342224121,28.641489028930664,51.42071533203125,134.66488647460938,163.66000366210938
2020-06-02,282.4721984863281,47.07726287841797,21.335586547851562,15.865168571472168,92.75373077392578,62.52446365356445,50.65597152709961,60.10343551635742,25.11200714111328,25.13668441772461,28.827899932861328,51.62775421142578,134.17529296875,162.60000610351562
2020-06-03,286.2313537597656,47.44394302368164,22.13109016418457,16.330867767333984,92.5728759765625,64.96354675292969,50.72373962402344,61.23952865600586,25.413564682006836,25.70716667175293,29.51678466796875,51.787742614746094,132.39122009277344,159.60000610351562
2020-06-04,285.47955322265625,47.05345916748047,22.61375617980957,16.334787368774414,91.8404541015625,65.6552734375,50.478084564208984,60.9305419921875,24.959163665771484,25.80003547668457,28.96567153930664,51.40188217163086,130.4742431640625,161.27999877929688
2020-06-05,292.79620361328125,48.29159164428711,23.453948974609375,17.54796028137207,93.32337951660156,68.06704711914062,51.18116760253906,62.38987731933594,25.27724266052246,26.458965301513672,30.027368545532227,52.23945236206055,129.5448455810547,158.00999450683594
2020-06-08,296.33538818359375,48.534446716308594,23.900863647460938,18.33847999572754,93.9653549194336,69.43220520019531,51.731781005859375,63.340576171875,25.9547176361084,26.49434471130371,30.683834075927734,53.21818923950195,130.04281616210938,159.72000122070312
2020-06-09,294.125732421875,48.763023376464844,23.39138412475586,17.649709701538086,92.9887924194336,67.70299530029297,51.3082389831543,62.846214294433594,25.43421745300293,26.171512603759766,30.327234268188477,53.086421966552734,131.51988220214844,161.25999450683594
2020-06-10,292.48455810546875,49.57732009887695,22.51543617248535,16.780925750732422,92.8441390991211,66.08301544189453,51.16423797607422,62.25679016113281,25.285507202148438,25.875213623046875,29.75992202758789,52.926456451416016,133.46994018554688,163.57000732421875
2020-06-11,275.6230773925781,46.73440170288086,20.674152374267578,15.199885368347168,87.68110656738281,61.44144058227539,49.22438049316406,58.995872497558594,24.298208236694336,23.876314163208008,27.920183181762695,50.48904800415039,135.99264526367188,162.38999938964844
2020-06-12,278.9239196777344,47.33917999267578,21.29983139038086,15.583402633666992,88.25074005126953,62.63370132446289,49.23286056518555,59.58054733276367,24.236244201660156,24.340662002563477,28.80357551574707,50.93134689331055,134.68148803710938,162.6199951171875
2020-06-15,281.5278625488281,47.79633712768555,21.594789505004883,15.63036060333252,88.44965362548828,63.25258255004883,49.80040740966797,60.146217346191406,24.40148162841797,24.597152709960938,29.168291091918945,51.75009536743164,134.75613403320312,162.3300018310547
2020-06-16,286.9465637207031,48.81540298461914,21.9344482421875,16.080413818359375,90.62883758544922,64.49032592773438,50.57974624633789,61.410648345947266,24.513019561767578,25.110145568847656,29.654558181762695,52.173580169677734,132.68991088867188,162.25
2020-06-17,285.7546081542969,48.805870056152344,21.603734970092773,15.532527923583984,90.53839111328125,64.02613830566406,50.50349807739258,61.24903869628906,24.43865966796875,24.902297973632812,29.30606460571289,52.23945236206055,133.23764038085938,162.55999755859375
2020-06-18,285.8646240234375,49.02492904663086,21.57691764831543,15.724283218383789,90.23096466064453,63.78953552246094,50.76609420776367,61.025611877441406,24.434534072875977,24.91998863220215,28.94135093688965,52.408851623535156,134.6483154296875,162.24000549316406
2020-06-19,284.23095703125,48.68682861328125,21.433908462524414,15.48556137084961,91.09900665283203,63.00685119628906,50.50349807739258,60.55026626586914,23.748790740966797,24.844812393188477,28.649593353271484,52.26768493652344,134.75613403320312,164.02999877929688
2020-06-22,286.0543212890625,49.60413360595703,21.3277587890625,15.5573091506958,90.74942779541016,63.112892150878906,50.359230041503906,61.172523498535156,23.980390548706055,24.93684959411621,28.56792449951172,52.38273620605469,134.77279663085938,165.08999633789062
2020-06-23,287.3712158203125,49.962257385253906,21.42671012878418,15.573163032531738,91.13987731933594,63.12202835083008,50.28239822387695,61.65375900268555,23.738798141479492,24.994657516479492,28.461755752563477,52.72220993041992,133.8516387939453,166.47999572753906
2020-06-24,280.0408020019531,48.83533477783203,20.67110824584961,14.709086418151855,88.76081085205078,60.92805862426758,49.437232971191406,60.295833587646484,23.52219581604004,24.26540756225586,27.73488998413086,51.5340461730957,135.28738403320312,165.89999389648438
2020-06-25,283.04296875,49.460880279541016,21.21982192993164,14.99050235748291,89.63253784179688,61.604530334472656,49.787254333496094,60.376834869384766,23.230615615844727,24.56778335571289,28.02890968322754,51.76035690307617,135.67727661132812,165.8000030517578
2020-06-26,276.3202209472656,48.48674774169922,20.311298370361328,14.471267700195312,88.54287719726562,60.46185302734375,48.7713623046875,58.96175003051758,22.9848575592041,24.229833602905273,27.547061920166016,49.47834396362305,137.12950134277344,166.5399932861328
2020-06-29,280.3815002441406,49.01679229736328,20.536182403564453,14.665484428405762,89.34195709228516,62.4455451965332,49.6933479309082,60.081424713134766,23.418062210083008,24.701181411743164,28.020748138427734,50.39303970336914,136.6979522705078,166.6300048828125
2020-06-30,283.97308349609375,49.895416259765625,20.815031051635742,15.002395629882812,90.86746215820312,62.80205154418945,50.06043243408203,60.8485221862793,23.50552749633789,25.056909561157227,28.429088592529297,50.958824157714844,136.0341796875,167.3699951171875
2020-07-01,285.96221923828125,49.976593017578125,20.635128021240234,14.637741088867188,91.56665802001953,62.51868438720703,50.103118896484375,61.4631462097168,24.055368423461914,25.110271453857422,29.204940795898438,52.2224235534668,135.76992797851562,166.6199951171875
2020-07-02,287.5369873046875,50.26787185668945,20.662113189697266,14.800253868103027,92.25675964355469,63.05805206298828,50.359230041503906,61.706153869628906,24.11785316467285,25.581621170043945,29.10694694519043,52.05268478393555,135.9111785888672,166.97999572753906
2020-07-06,291.9758605957031,51.1464958190918,21.057903289794922,14.843849182128906,93.19202423095703,63.96304702758789,50.606788635253906,63.168880462646484,23.822105407714844,25.946245193481445,29.13960838317871,53.099403381347656,135.3544921875,167.97999572753906
2020-07-07,288.9644470214844,50.6116943359375,20.626136779785156,14.37217903137207,92.38388061523438,62.73809051513672,51.06778335571289,62.1778450012207,23.726301193237305,25.95513916015625,28.665922164916992,52.948516845703125,137.25711059570312,169.0399932861328
2020-07-08,291.1745910644531,51.43778610229492,20.84202003479004,14.360284805297852,92.39295959472656,62.73809051513672,50.93973159790039,62.84012222290039,23.938739776611328,25.586063385009766,28.64959716796875,53.42000961303711,136.70872497558594,170.08999633789062
2020-07-09,289.5169982910156,51.62401580810547,20.40125274658203,13.65079402923584,91.6665267944336,61.37599182128906,50.53850173950195,62.768672943115234,23.617998123168945,25.345945358276367,28.551591873168945,53.48601531982422,138.8853759765625,169.6300048828125
2020-07-10,292.47308349609375,51.60969924926758,21.102882385253906,14.086795806884766,91.4486083984375,62.17131423950195,51.469032287597656,63.516700744628906,24.063705444335938,25.786165237426758,28.584260940551758,54.41014862060547,138.1875,169.19000244140625
2020-07-13,289.94061279296875,50.54005432128906,21.192832946777344,14.011487007141113,91.96621704101562,62.42728042602539,51.392189025878906,62.711463928222656,24.088693618774414,25.786165237426758,28.13507652282715,53.31629180908203,138.64456176757812,169.39999389648438
2020-07-14,293.697998046875,51.12261962890625,21.300777435302734,14.50297737121582,93.79134368896484,63.78019332885742,52.1434440612793,63.33562469482422,24.313627243041992,26.43537712097168,28.41275405883789,53.8443489074707,138.8439178466797,170.19000244140625
2020-07-15,296.3962707519531,51.39958190917969,21.723552703857422,14.8161039352417,95.00811767578125,65.40740966796875,52.18612289428711,64.24092864990234,24.217824935913086,26.880041122436523,28.543424606323242,54.164974212646484,138.19586181640625,170.33999633789062
2020-07-16,295.4200744628906,50.764488220214844,21.723552703857422,14.748724937438965,94.853759765625,65.42566680908203,52.29710006713867,64.06938934326172,24.526063919067383,26.96897315979004,28.20857810974121,54.25926971435547,138.85227966308594,168.72999572753906
2020-07-17,296.2765197753906,51.01280212402344,21.543651580810547,14.542610168457031,96.15222930908203,65.81875610351562,52.57882308959961,63.76921844482422,25.080068588256836,27.195755004882812,28.600595474243164,54.136680603027344,138.5614013671875,170.1199951171875
2020-07-20,298.67095947265625,52.3164176940918,21.444698333740234,14.300829887390137,96.13407135009766,65.01432800292969,52.04953384399414,64.78883361816406,24.75099754333496,26.9600830078125,28.331083297729492,54.78733825683594,138.902099609375,170.94000244140625
2020-07-21,299.3063049316406,51.79114532470703,21.867481231689453,15.164900779724121,96.07054138183594,65.87360382080078,52.50198745727539,64.888916015625,24.863466262817383,27.195755004882812,28.339250564575195,54.523311614990234,138.985107421875,173.0
2020-07-22,301.0099792480469,52.206581115722656,21.867481231689453,14.97861385345459,96.93317413330078,66.40380859375,52.92029571533203,65.44635772705078,25.246686935424805,27.5114688873291,28.682262420654297,54.57989501953125,139.4005126953125,175.6300048828125
2020-07-23,297.4184265136719,50.850440979003906,21.885465621948242,14.9508695602417,96.4972915649414,66.20270538330078,53.10811233520508,64.46485137939453,25.275842666625977,27.426982879638672,28.535261154174805,53.69347381591797,141.02890014648438,177.17999267578125
2020-07-24,295.5028991699219,50.23444747924805,21.83149528503418,14.867630958557129,95.43490600585938,65.67249298095703,53.03981399536133,64.57918548583984,25.109222412109375,27.33360481262207,28.420915603637695,53.60860061645508,141.02061462402344,178.6999969482422
2020-07-27,297.6578674316406,51.02712631225586,21.651596069335938,14.883481979370117,96.15222930908203,65.94676208496094,53.304466247558594,64.97942352294922,24.80514907836914,27.729351043701172,28.755760192871094,53.97637176513672,140.49720764160156,182.22999572753906
2020-07-28,295.77001953125,50.430233001708984,21.597618103027344,14.629812240600586,96.04328918457031,65.48966979980469,53.50080871582031,64.3362045288086,25.180034637451172,27.12016487121582,29.335607528686523,53.42000961303711,141.4692840576172,183.75
2020-07-29,299.4075622558594,51.16082763671875,22.00240707397461,14.935015678405762,97.05119323730469,66.48609924316406,53.577640533447266,64.98895263671875,25.29667091369629,27.342493057250977,29.89096450805664,53.91036605834961,141.22828674316406,185.1300048828125
2020-07-30,298.3393249511719,51.44733810424805,21.606616973876953,14.348395347595215,96.37926483154297,65.81875610351562,53.577640533447266,64.93653869628906,25.29667091369629,26.81334114074707,29.645959854125977,54.06123352050781,142.15878295898438,183.75999450683594
2020-07-31,300.6968994140625,52.73185729980469,21.615610122680664,14.281013488769531,95.82534790039062,65.57194519042969,53.52641677856445,65.27483367919922,25.338321685791016,26.840024948120117,29.613283157348633,54.815635681152344,142.0674285888672,185.42999267578125
2020-08-03,302.7873840332031,54.03068542480469,21.67858123779297,14.332540512084961,96.81513214111328,65.84619140625,53.38127899169922,65.13665771484375,25.063404083251953,26.68883514404297,29.13960838317871,54.8627815246582,141.3521270751953,185.63999938964844
2020-08-04,303.9569396972656,54.16917037963867,21.588626861572266,14.6813383102417,96.38835144042969,66.0107421875,54.04716873168945,65.6607666015625,25.338321685791016,27.06679916381836,29.57245635986328,55.21168518066406,142.6995391845703,189.58999633789062
2020-08-05,305.8448486328125,54.369720458984375,21.885465621948242,14.83592414855957,96.8332748413086,67.27226257324219,53.936195373535156,66.46121215820312,25.013416290283203,27.462554931640625,29.351943969726562,55.12681198120117,141.45196533203125,191.35000610351562
2020-08-06,307.88922119140625,55.13373947143555,21.87647247314453,14.717019081115723,96.31570434570312,67.52824401855469,53.92764663696289,66.78520202636719,25.159210205078125,27.346940994262695,29.40912437438965,56.579002380371094,142.24212646484375,193.88999938964844
2020-08-07,308.11029052734375,54.31241226196289,22.344226837158203,14.73682975769043,96.62443542480469,68.68004608154297,54.2179069519043,66.88526916503906,25.61324119567871,27.440319061279297,29.809297561645508,56.51300048828125,141.29396057128906,190.80999755859375
2020-08-10,309.0311584472656,54.159610748291016,22.506139755249023,15.19265079498291,96.29753875732422,70.37122344970703,54.499629974365234,67.68571472167969,25.604909896850586,27.70711898803711,29.76030158996582,56.324405670166016,140.6618194580078,190.14999389648438
2020-08-11,306.4802551269531,53.18548583984375,22.76700210571289,15.141125679016113,95.68914794921875,70.74602508544922,54.124000549316406,67.55230712890625,25.0509090423584,27.65821075439453,29.188613891601562,55.48515701293945,138.99008178710938,179.94000244140625
2020-08-12,310.7532653808594,54.39360046386719,22.704036712646484,15.29174518585205,97.29637908935547,70.97455596923828,54.824031829833984,68.44805145263672,25.413297653198242,27.822731018066406,29.556121826171875,56.14524841308594,137.72579956054688,179.10000610351562
2020-08-13,310.1914978027344,54.4174690246582,22.56011390686035,14.994470596313477,97.16926574707031,70.59976196289062,54.78135299682617,68.41944122314453,25.371644973754883,27.81828498840332,29.213109970092773,56.428123474121094,136.25372314453125,183.3300018310547
2020-08-14,310.20074462890625,54.37926483154297,22.650070190429688,15.13715934753418,96.97854614257812,70.87400817871094,54.7728157043457,68.41468811035156,25.150880813598633,27.84941291809082,29.2866153717041,56.41869354248047,135.72137451171875,182.5399932861328
2020-08-17,311.1860656738281,54.74217987060547,22.27226448059082,15.049960136413574,97.55062866210938,70.544921875,55.080135345458984,69.29615783691406,25.1175537109375,27.973918914794922,29.547958374023438,56.484703063964844,136.0623321533203,186.5
2020-08-18,311.8583679199219,54.94752502441406,22.128337860107422,14.859707832336426,97.52338409423828,70.16098022460938,55.30208969116211,69.72494506835938,25.005083084106445,27.858306884765625,29.515289306640625,56.99391555786133,137.0354461669922,188.17999267578125
2020-08-19,310.5598449707031,54.88066482543945,22.11934471130371,14.689268112182617,97.20555877685547,69.97815704345703,54.86670684814453,69.39618682861328,24.93010711669922,27.778268814086914,28.91094398498535,56.8336067199707,136.17877197265625,182.24000549316406
2020-08-20,311.52685546875,55.61125183105469,21.912456512451172,14.37217903137207,96.89684295654297,69.6033706665039,54.755733489990234,69.29138946533203,24.70934295654297,27.680442810058594,29.221281051635742,57.54085159301758,137.40980529785156,183.5
2020-08-21,312.6319274902344,56.31797409057617,21.867481231689453,14.281013488769531,96.99671936035156,69.88671875,54.89232635498047,69.64872741699219,24.75099754333496,27.520355224609375,29.319286346435547,57.2862548828125,138.23321533203125,182.02999877929688
2020-08-24,315.7998352050781,56.80504608154297,22.389204025268555,14.67341423034668,96.55178833007812,71.14826965332031,55.36185073852539,70.70645904541016,24.96759605407715,28.00504493713379,29.360116958618164,57.98405456542969,138.0085906982422,181.0
2020-08-25,316.9049987792969,57.091548919677734,22.45216941833496,14.467305183410645,97.20555877685547,71.05684661865234,55.242340087890625,70.9399185180664,24.730167388916016,27.893878936767578,29.449951171875,58.53098678588867,136.95230102539062,181.22000122070312
2020-08-26,320.0821533203125,58.25189971923828,22.344226837158203,14.162104606628418,97.08751678466797,71.09341430664062,55.31062316894531,71.64031982421875,24.455251693725586,28.187355041503906,29.24578094482422,60.53010940551758,136.42828369140625,183.36000061035156
2020-08-27,320.7820129394531,58.299652099609375,22.722030639648438,14.189850807189941,97.85026550292969,71.34938049316406,55.65210723876953,71.25440216064453,24.534395217895508,28.111764907836914,29.63779067993164,59.794586181640625,134.10780334472656,181.24000549316406
2020-08-28,322.8540344238281,58.81060028076172,22.81197738647461,14.443522453308105,98.06820678710938,72.02583312988281,56.147247314453125,71.7213134765625,24.605205535888672,28.445270538330078,29.866464614868164,59.93602752685547,134.00791931152344,184.38999938964844
2020-08-31,321.6845703125,58.9968376159668,22.54212188720703,14.130393981933594,98.30432891845703,71.1299819946289,55.985050201416016,71.51166534423828,24.680185317993164,28.009492874145508,29.605127334594727,59.65312957763672,134.89794921875,184.8300018310547
2020-09-01,324.71429443359375,60.123756408691406,22.605085372924805,14.03526496887207,97.42351531982422,71.85215759277344,56.044803619384766,72.25971221923828,24.396936416625977,28.79655647277832,29.556121826171875,60.14348602294922,136.4408416748047,185.0500030517578
2020-09-02,329.41107177734375,60.65857696533203,22.928916931152344,13.967885971069336,99.37577819824219,73.04054260253906,57.06071090698242,73.26026153564453,25.155038833618164,29.450212478637695,30.217649459838867,61.42593002319336,137.73980712890625,182.6199951171875
2020-09-03,318.0745544433594,57.201385498046875,22.578105926513672,13.864830017089844,96.6698226928711,70.99285125732422,56.078956604003906,70.9351577758789,24.87179183959961,28.6364688873291,29.71129035949707,59.34194564819336,138.1312255859375,181.13999938964844
2020-09-04,315.4775695800781,56.4039306640625,22.749011993408203,13.821229934692383,95.9797134399414,71.15738677978516,55.95091247558594,70.11566162109375,24.730167388916016,28.654260635375977,29.605127334594727,58.25752258300781,135.50831604003906,181.63999938964844
2020-09-08,306.8578186035156,53.85400390625,22.164325714111328,13.31784439086914,94.39971160888672,69.8227310180664,54.7728157043457,69.19607543945312,24.59270668029785,28.116214752197266,29.22944450378418,56.720462799072266,136.3408966064453,181.2899932861328
2020-09-09,312.9174499511719,55.61125183105469,22.389204025268555,13.409011840820312,96.07054138183594,70.90143585205078,55.566741943359375,70.5015869140625,24.917613983154297,28.84101676940918,29.547958374023438,57.39939880371094,135.9745635986328,183.0500030517578
2020-09-10,307.4840393066406,54.35539245605469,22.074365615844727,12.91751766204834,94.59951782226562,69.99642181396484,54.883792877197266,69.49150848388672,24.48857307434082,28.56977081298828,29.131441116333008,56.550716400146484,136.66566467285156,182.4600067138672
2020-09-11,307.640625,53.9399528503418,22.227285385131836,12.929407119750977,94.97176361083984,70.9471435546875,55.19112014770508,69.59628295898438,24.546884536743164,28.934396743774414,29.0334415435791,56.371551513671875,136.95712280273438,182.4499969482422
2020-09-14,311.6925964355469,55.07166290283203,22.533124923706055,13.02850341796875,96.3338394165039,71.90699005126953,55.54966735839844,70.3348388671875,24.884294509887695,29.352380752563477,29.743967056274414,56.58843231201172,136.94876098632812,183.88999938964844
2020-09-15,313.26739501953125,55.61602783203125,22.227285385131836,12.933375358581543,96.46097564697266,71.95269012451172,55.47283935546875,70.91133880615234,25.0509090423584,29.49467658996582,30.135986328125,57.59742736816406,136.6156768798828,183.4499969482422
2020-09-16,312.024169921875,54.75651550292969,22.47915267944336,13.452608108520508,96.29753875732422,72.68403625488281,55.22526931762695,70.51587677001953,25.017587661743164,29.516904830932617,30.33197784423828,56.97505569458008,136.2077178955078,183.97000122070312
2020-09-17,309.27978515625,54.30287551879883,22.245277404785156,13.472431182861328,95.9797134399414,72.83029174804688,54.87525177001953,69.52485656738281,24.8134765625,29.73479652404785,29.662288665771484,55.9283447265625,136.62411499023438,182.9600067138672
2020-09-18,305.71917724609375,53.366939544677734,22.200298309326172,13.32181167602539,95.83441925048828,72.01670837402344,54.37158203125,68.5576171875,24.37610626220703,29.22342872619629,29.07427215576172,55.390846252441406,136.19940185546875,183.1999969482422
2020-09-21,302.316650390625,53.81057357788086,21.64405059814453,12.880248069763184,94.06401062011719,69.6260757446289,53.956783294677734,67.5673599243164,24.224443435668945,28.239665985107422,28.29621124267578,54.74259567260742,136.89051818847656,179.52000427246094
2020-09-22,305.3955383300781,54.662437438964844,21.463157653808594,12.747296333312988,93.86344909667969,70.31436920166016,54.274532318115234,68.99501037597656,24.375688552856445,28.29327392578125,28.63306999206543,55.80097579956055,136.78224182128906,178.64999389648438
2020-09-23,298.3131103515625,52.9587287902832,20.983789443969727,12.171170234680176,92.89710998535156,69.05711364746094,53.45868682861328,67.86341094970703,24.00177574157715,27.462305068969727,27.811464309692383,54.46855163574219,136.96546936035156,174.7899932861328
2020-09-24,299.1083068847656,53.25543975830078,21.029008865356445,12.16714096069336,92.4321517944336,69.15806579589844,53.85373306274414,67.83475494384766,24.270654678344727,27.658878326416016,27.94291877746582,54.5724983215332,137.49002075195312,175.44000244140625
2020-09-25,303.94403076171875,54.528438568115234,21.246082305908203,12.15908432006836,93.91815185546875,70.19506072998047,54.13712692260742,68.71804809570312,24.669776916503906,27.904600143432617,28.48517608642578,55.300132751464844,137.49002075195312,174.94000244140625
2020-09-28,308.9922180175781,55.57172393798828,21.752586364746094,12.445131301879883,94.76600646972656,71.46148681640625,54.746856689453125,70.15525817871094,24.732791900634766,28.355825424194336,28.978147506713867,56.03722381591797,137.09869384765625,176.6999969482422
2020-09-29,307.3094787597656,55.38508605957031,21.48124885559082,12.102681159973145,94.64746856689453,70.82829284667969,54.38617706298828,69.61093139648438,24.724390029907227,28.145841598510742,28.83025550842285,56.09391403198242,137.2569122314453,178.19000244140625
2020-09-30,309.6394348144531,55.849281311035156,21.77068328857422,12.066420555114746,96.16081237792969,70.6447525024414,55.04742431640625,70.17913055419922,24.947063446044922,28.431766510009766,28.978147506713867,56.131717681884766,135.9412841796875,177.1199951171875
2020-10-01,311.62738037109375,56.43793869018555,21.806856155395508,11.695768356323242,95.83260345458984,70.43366241455078,55.356590270996094,71.09587097167969,25.199132919311523,28.029687881469727,29.454683303833008,56.9349479675293,136.16546630859375,178.6999969482422
2020-10-02,308.6686706542969,55.00700759887695,21.978708267211914,11.808570861816406,94.95743560791016,71.22288513183594,55.04742431640625,70.79508972167969,25.49742317199707,28.279869079589844,29.931211471557617,55.81041717529297,135.6570587158203,178.5399932861328
2020-10-05,314.1422119140625,56.21299362182617,22.34049415588379,12.16310977935791,96.90837097167969,72.37002563476562,55.41669845581055,71.7309341430664,25.816720962524414,28.82045555114746,30.095537185668945,56.727046966552734,133.0063934326172,179.41000366210938
2020-10-06,309.676513671875,55.342002868652344,22.114377975463867,11.98181438446045,95.62294006347656,71.48902893066406,55.056007385253906,70.4035415649414,26.035181045532227,28.458581924438477,29.840829849243164,55.53636932373047,133.72328186035156,177.3000030517578
2020-10-07,315.06695556640625,56.356571197509766,22.485212326049805,12.151025772094727,97.4280014038086,73.06745910644531,55.648582458496094,72.01261138916016,26.19483184814453,29.191261291503906,29.92300033569336,55.942718505859375,132.74798583984375,177.22000122070312
2020-10-08,317.8591003417969,56.64851379394531,22.7927303314209,12.606287002563477,97.90205383300781,73.79246520996094,56.017845153808594,72.48531341552734,26.67377471923828,29.48612403869629,30.424175262451172,56.670345306396484,133.46484375,177.85000610351562
2020-10-09,320.69769287109375,57.514732360839844,22.819868087768555,12.4048433303833,98.78636932373047,74.06776428222656,56.455810546875,73.23973846435547,26.669572830200195,29.71396827697754,30.342025756835938,57.01054382324219,133.4398193359375,181.0800018310547
2020-10-12,325.85693359375,59.084434509277344,23.0731201171875,12.4370756149292,99.46098327636719,74.4898910522461,57.108482360839844,74.21379852294922,26.837627410888672,29.664823532104492,30.498130798339844,58.51305389404297,133.864990234375,180.55999755859375
2020-10-13,323.7303771972656,58.70634841918945,22.629926681518555,12.243691444396973,98.70433044433594,73.66397857666016,57.0655403137207,74.19945526123047,26.65276336669922,29.401243209838867,29.980510711669922,58.56975555419922,134.82345581054688,177.72000122070312
2020-10-14,321.6962890625,58.39529037475586,22.41285514831543,12.296065330505371,98.12995147705078,74.07695007324219,56.773563385009766,73.3781967163086,26.61915397644043,29.48612403869629,29.635438919067383,57.87047576904297,135.1318817138672,178.27000427246094
2020-10-15,321.2987060546875,58.132076263427734,22.58470344543457,12.445131301879883,97.41889953613281,74.34306335449219,56.80791091918945,73.65037536621094,26.60235023498535,29.401243209838867,29.77511215209961,57.426334381103516,134.89857482910156,178.9199981689453
2020-10-16,321.10455322265625,57.96458053588867,22.60279083251953,12.16310977935791,98.38522338867188,74.88451385498047,56.8250846862793,72.98190307617188,26.888038635253906,29.606740951538086,29.668296813964844,57.435787200927734,134.5234375,178.3000030517578
2020-10-19,316.22265625,56.90214538574219,22.259098052978516,11.905267715454102,96.8263168334961,73.9576187133789,56.08654022216797,72.0842514038086,26.66116714477539,29.262744903564453,29.199979782104492,56.40576171875,134.01499938964844,178.38999938964844
2020-10-20,317.4893798828125,57.09835433959961,22.439985275268555,12.046274185180664,96.95392608642578,74.34306335449219,56.02641677856445,72.66197204589844,26.820816040039062,29.329761505126953,29.39716911315918,56.812095642089844,132.7396697998047,179.25
2020-10-21,316.8883056640625,57.01221466064453,22.322404861450195,11.816631317138672,96.47075653076172,73.590576171875,56.077964782714844,72.26569366455078,26.7493953704834,29.218067169189453,29.290367126464844,57.76653289794922,132.28123474121094,180.60000610351562
2020-10-22,318.6265563964844,56.744224548339844,22.76559829711914,12.304121017456055,97.92939758300781,74.19623565673828,56.052188873291016,72.4137191772461,27.127511978149414,29.378894805908203,29.084962844848633,58.1445198059082,130.9059295654297,178.8300018310547
2020-10-23,319.7083740234375,56.682003021240234,22.837953567504883,12.243691444396973,98.29407501220703,74.4898910522461,56.155242919921875,73.04875183105469,27.20313262939453,29.48612403869629,29.273935317993164,58.69261169433594,131.7061004638672,178.63999938964844
2020-10-26,313.80023193359375,55.452064514160156,22.322404861450195,11.804543495178223,97.20010375976562,72.6269760131836,55.433876037597656,71.64497375488281,27.194732666015625,28.748973846435547,28.92063331604004,57.40743637084961,132.93138122558594,178.5500030517578
2020-10-27,312.7184143066406,55.729644775390625,21.915393829345703,11.651446342468262,96.53457641601562,71.03934478759766,55.28787612915039,71.61156463623047,27.17372703552246,28.47644805908203,28.550914764404297,57.775970458984375,133.8232421875,179.02000427246094
2020-10-28,302.0299987792969,53.36550521850586,21.3546199798584,11.163958549499512,93.47144317626953,68.70838165283203,53.67338562011719,69.34834289550781,26.38389015197754,27.67228126525879,27.91826820373535,55.508026123046875,133.94827270507812,176.1300048828125
2020-10-29,305.0996398925781,54.25564956665039,21.51742935180664,11.506407737731934,92.70564270019531,69.70867919921875,53.65621566772461,69.78759765625,26.455310821533203,28.24413299560547,28.23870277404785,56.90660095214844,132.64793395996094,175.39999389648438
2020-10-30,301.91900634765625,53.05443572998047,21.58074188232422,11.570868492126465,92.67830657958984,69.6260757446289,53.467281341552734,68.26445007324219,26.20743751525879,28.22626304626465,28.057945251464844,55.942718505859375,131.3393096923828,176.1999969482422
2020-11-02,305.3031311035156,53.18843078613281,21.987754821777344,11.9656982421875,94.34664154052734,71.50736999511719,54.31747055053711,68.7514877319336,26.78300666809082,29.16445541381836,28.748096466064453,55.91436767578125,132.32310485839844,177.91000366210938
2020-11-03,310.6935729980469,54.12643814086914,22.476167678833008,11.897208213806152,95.72322845458984,73.61811065673828,55.21059799194336,70.26508331298828,27.169523239135742,29.620155334472656,29.199979782104492,56.745948791503906,131.55548095703125,178.9199981689453
2020-11-04,317.6373291015625,56.232147216796875,22.213871002197266,11.913324356079102,99.97148895263672,72.85641479492188,55.236358642578125,71.75957489013672,26.762001037597656,29.115324020385742,29.28214454650879,59.193443298339844,134.40916442871094,178.82000732421875
2020-11-05,323.8320007324219,57.97893524169922,22.75655174255371,11.913324356079102,100.17205810546875,74.57251739501953,55.63997268676758,73.1585693359375,27.001474380493164,30.303691864013672,29.388948440551758,60.33686065673828,134.64280700683594,182.92999267578125
2020-11-06,323.7581787109375,58.184730529785156,22.575660705566406,11.655476570129395,100.20854187011719,74.64591217041016,55.897613525390625,72.93893432617188,26.94265365600586,30.37964630126953,29.273935317993164,60.19512176513672,133.01568603515625,183.19000244140625
2020-11-09,327.8263854980469,57.76357650756836,24.429832458496094,13.319393157958984,101.14754486083984,77.18795776367188,55.76880645751953,72.70018768310547,27.44260597229004,31.06317901611328,30.04623794555664,59.68482208251953,130.22036743164062,175.0800018310547
2020-11-10,327.3455810546875,56.68678665161133,24.55645179748535,13.750480651855469,101.43926239013672,78.546142578125,56.86803436279297,72.4423828125,27.8375244140625,31.42952537536621,30.210569381713867,59.4958381652832,129.4694366455078,175.66000366210938
2020-11-11,329.77728271484375,58.03157424926758,24.456968307495117,13.60947036743164,101.31163024902344,77.8853988647461,57.3575325012207,73.07740783691406,27.94255256652832,30.960430145263672,30.440616607666016,60.03447341918945,129.9366455078125,174.89999389648438
2020-11-12,326.578125,57.514732360839844,24.049951553344727,13.170326232910156,100.93783569335938,76.9952392578125,57.202945709228516,72.09856414794922,27.493022918701172,30.30816650390625,30.128395080566406,59.69427490234375,132.14788818359375,175.9600067138672
2020-11-13,331.0994873046875,58.00286102294922,24.447917938232422,13.649759292602539,102.2141342163086,78.7021713256836,57.99303436279297,73.26839447021484,27.766098022460938,30.830860137939453,30.818553924560547,60.58256530761719,131.97265625,177.16000366210938
2020-11-16,335.2323913574219,58.56279373168945,24.990602493286133,14.548195838928223,102.04094696044922,80.62015533447266,58.525474548339844,74.22810363769531,28.047588348388672,31.4384708404541,31.0157413482666,60.970001220703125,131.65560913085938,177.14999389648438
2020-11-17,333.4294738769531,58.237361907958984,24.954423904418945,14.697260856628418,101.37541961669922,80.4090805053711,58.11325454711914,73.91297912597656,27.49721908569336,31.322303771972656,31.032169342041016,60.752655029296875,132.51499938964844,176.5
2020-11-18,329.4165954589844,57.61521530151367,24.71926498413086,14.270200729370117,99.48833465576172,80.05119323730469,57.31458282470703,73.4068603515625,26.959457397460938,31.06317901611328,30.506332397460938,60.13842010498047,132.89886474609375,175.49000549316406
2020-11-19,330.8035888671875,58.07942199707031,24.8006649017334,14.503876686096191,99.41539764404297,80.25308227539062,57.469173431396484,73.76972961425781,26.690576553344727,31.19274139404297,30.555635452270508,60.50695037841797,133.58311462402344,175.16000366210938
2020-11-20,328.53839111328125,57.48122024536133,24.583589553833008,14.427329063415527,99.1874771118164,79.52808380126953,57.108482360839844,73.38296508789062,26.694782257080078,31.16594123840332,30.350234985351562,60.36521911621094,134.76800537109375,175.69000244140625
2020-11-23,330.5077209472656,57.46686935424805,25.044872283935547,15.44662857055664,98.93220520019531,80.8587646484375,57.12565231323242,74.18990325927734,26.69898223876953,31.4250545501709,30.25164222717285,60.39357376098633,134.15049743652344,172.22999572753906
2020-11-24,335.8333740234375,58.266075134277344,25.92221450805664,16.240314483642578,99.22395324707031,82.27202606201172,57.51211929321289,75.29289245605469,26.984670639038086,32.20688247680664,30.235206604003906,61.6314811706543,132.81541442871094,169.58999633789062
2020-11-25,335.3156433105469,58.39051055908203,25.83176040649414,15.861603736877441,98.85929870605469,81.64800262451172,57.47775650024414,75.38359832763672,27.056089401245117,31.8718204498291,30.30914878845215,61.62204360961914,132.40658569335938,169.50999450683594
2020-11-27,336.2494812011719,58.701576232910156,25.75035858154297,15.676275253295898,99.77093505859375,81.51033020019531,57.469173431396484,75.54593658447266,26.787206649780273,32.03712844848633,30.25164222717285,62.01890563964844,133.69161987304688,167.7899932861328
2020-11-30,334.7608947753906,59.0940055847168,25.216726303100586,14.810067176818848,100.04444885253906,80.78535461425781,57.4605827331543,75.08753967285156,26.40069007873535,31.715456008911133,29.988723754882812,61.80158233642578,133.52474975585938,166.6699981689453
2020-12-01,338.42230224609375,59.85014724731445,25.60564422607422,14.878559112548828,100.88316345214844,80.58346557617188,57.967262268066406,75.64619445800781,26.58555030822754,32.06391143798828,30.36665916442871,62.93556213378906,131.55593872070312,170.17999267578125
2020-12-02,339.13421630859375,59.75922775268555,25.886032104492188,15.362025260925293,101.63981628417969,80.69356536865234,57.486358642578125,75.17350769042969,26.762001037597656,31.652896881103516,30.04623794555664,63.521453857421875,130.5117950439453,171.4600067138672
2020-12-03,339.0417785644531,59.72092819213867,25.89508056640625,15.523178100585938,101.51220703125,80.9046630859375,57.63234329223633,75.38359832763672,26.484716415405273,31.433998107910156,30.26807403564453,63.23794937133789,131.5642852783203,172.80999755859375
2020-12-04,341.9635314941406,60.31914520263672,26.211639404296875,16.369239807128906,102.5970458984375,81.86823272705078,58.07889175415039,75.45520782470703,26.22003173828125,32.06839370727539,30.670673370361328,63.29465866088867,129.63482666015625,172.32000732421875
2020-12-07,341.2608337402344,60.491424560546875,26.03074836730957,15.986495971679688,101.968017578125,81.4736328125,57.85562515258789,75.2833251953125,26.36707878112793,31.858415603637695,30.36665916442871,63.69153594970703,130.8042755126953,174.88999938964844
2020-12-08,342.25933837890625,60.68764877319336,26.021703720092773,16.22419548034668,102.742919921875,81.86823272705078,58.173370361328125,75.12577056884766,26.287260055541992,32.03712844848633,30.22699546813965,63.59705352783203,131.42233276367188,175.5
2020-12-09,339.189697265625,59.52471923828125,25.958391189575195,16.260456085205078,102.38738250732422,82.05178833007812,57.941497802734375,75.05415344238281,26.241043090820312,32.05500411987305,29.947649002075195,62.841064453125,130.9879608154297,172.5
2020-12-10,339.0787353515625,59.61085510253906,26.00361442565918,16.760038375854492,102.2141342163086,81.27173614501953,57.68385314941406,74.98728942871094,26.106605529785156,31.858415603637695,29.7833251953125,62.87885665893555,132.14901733398438,172.1699981689453
2020-12-11,338.68115234375,59.48643493652344,25.741315841674805,16.566650390625,101.8130111694336,81.46443176269531,57.81269454956055,74.6291732788086,26.148618698120117,31.675249099731445,29.79974937438965,63.2568473815918,132.6167755126953,172.49000549316406
2020-12-14,337.1648254394531,59.70178985595703,25.442838668823242,15.986495971679688,101.04723358154297,80.4090805053711,57.58940505981445,74.73900604248047,26.014177322387695,31.27315902709961,29.58614158630371,63.05841827392578,132.2493133544922,171.5399932861328
2020-12-15,341.72314453125,60.69722366333008,25.876983642578125,16.300743103027344,102.14122009277344,81.5286865234375,57.72679901123047,75.7464828491211,26.5267333984375,31.840545654296875,30.10374641418457,63.57813262939453,131.80657958984375,173.94000244140625
2020-12-16,342.25933837890625,61.108787536621094,25.92221450805664,16.220169067382812,101.84038543701172,81.0239486694336,57.83843994140625,76.24304962158203,26.22003173828125,31.751190185546875,30.111968994140625,63.521453857421875,131.45571899414062,174.89999389648438
2020-12-17,344.1733093261719,61.59214782714844,25.99456787109375,16.143617630004883,102.93436431884766,81.51951599121094,58.20771026611328,76.76350402832031,26.3964900970459,32.11753845214844,30.46525764465332,63.36077117919922,131.10784912109375,176.74000549316406
2020-12-18,342.7991027832031,61.376800537109375,25.768451690673828,15.87368392944336,103.01640319824219,81.5286865234375,58.33652877807617,76.39106750488281,26.169626235961914,32.260501861572266,29.939435958862305,63.41748809814453,130.7149200439453,176.44000244140625
2020-12-21,341.5733642578125,61.438194274902344,26.115812301635742,15.567482948303223,101.98566436767578,81.0365982055664,57.70783996582031,75.52812194824219,25.852710723876953,32.089439392089844,29.669790267944336,62.87516784667969,131.23326110839844,175.8800048828125
2020-12-22,340.99774169921875,61.97064208984375,25.861204147338867,15.306183815002441,101.67444610595703,80.6587905883789,57.30083084106445,75.20282745361328,25.80187225341797,31.891874313354492,29.877843856811523,62.28833770751953,131.91065979003906,174.49000549316406
2020-12-23,341.30413818359375,61.500553131103516,26.28858757019043,15.645051002502441,101.74766540527344,81.08268737792969,57.49135971069336,75.36546325683594,25.75102996826172,31.936769485473633,29.594879150390625,62.64800262451172,130.99923706054688,175.64999389648438
2020-12-24,342.63189697265625,61.90826416015625,26.32495880126953,15.563401222229004,102.04058074951172,81.09190368652344,57.777122497558594,75.52333068847656,25.933208465576172,32.138824462890625,29.88616371154785,62.7142448425293,131.51759338378906,176.35000610351562
2020-12-28,345.57537841796875,62.60862731933594,26.452266693115234,15.465412139892578,102.29691314697266,81.1932601928711,58.236087799072266,76.38436889648438,26.047605514526367,32.01310348510742,30.127527236938477,63.84056854248047,131.57618713378906,175.7100067138672
2020-12-29,344.9161376953125,62.31121826171875,26.36133575439453,15.363348007202148,102.78206634521484,80.70486450195312,58.06288146972656,76.40829467773438,26.043371200561523,31.936769485473633,29.89447593688965,63.783790588378906,131.40887451171875,176.35000610351562
2020-12-30,345.4082336425781,62.277645111083984,26.479543685913086,15.60422420501709,102.76374816894531,81.2209243774414,58.002281188964844,76.8675308227539,26.17470359802246,32.37678909301758,30.060937881469727,63.35786819458008,131.69317626953125,177.6999969482422
2020-12-31,347.1632080078125,62.3687744140625,26.806900024414062,15.473583221435547,103.84394836425781,81.5987319946289,58.40927505493164,76.91059112548828,26.564495086669922,32.502506256103516,30.427133560180664,63.86897277832031,131.885498046875,178.36000061035156
2021-01-04,342.4368896484375,61.35184860229492,26.443166732788086,15.498072624206543,103.39539337158203,79.62671661376953,57.777122497558594,76.26000213623047,25.89508056640625,32.19270324707031,29.4450740814209,62.922489166259766,131.7266387939453,182.3300018310547
2021-01-05,344.79541015625,61.74998474121094,26.561386108398438,16.1921443939209,104.14602661132812,80.40999603271484,57.777122497558594,76.8292465209961,25.89084815979004,32.91557312011719,29.41178321838379,63.14965057373047,130.74839782714844,182.8699951171875
2021-01-06,346.8568420410156,60.685081481933594,27.734413146972656,16.6861515045166,105.57405853271484,82.32670593261719,57.82041931152344,77.61376953125,26.534833908081055,34.26255416870117,29.27029800415039,62.846763610839844,128.06427001953125,179.89999389648438
2021-01-07,352.0102233886719,62.3208122253418,28.134519577026367,16.931116104125977,106.94718170166016,82.7782211303711,57.647212982177734,79.11103057861328,26.187416076660156,34.518470764160156,29.361845016479492,63.67966842651367,126.93551635742188,179.47999572753906
2021-01-08,354.015869140625,62.7237434387207,28.116331100463867,16.910701751708984,107.45979309082031,82.57550048828125,57.93299102783203,80.74223327636719,26.407730102539062,34.352352142333984,29.67810821533203,63.87842559814453,126.52581024169922,173.33999633789062
2021-01-11,351.6294860839844,62.205684661865234,28.20726203918457,17.17607879638672,107.96329498291016,82.54785919189453,57.439395904541016,79.23538208007812,26.161998748779297,34.352352142333984,29.178747177124023,62.74265670776367,126.3167953491211,173.0
2021-01-12,351.7038269042969,61.90826416015625,28.49824333190918,17.776243209838867,106.79154205322266,83.36799621582031,57.248870849609375,80.44564819335938,26.022186279296875,34.78787612915039,29.203712463378906,61.72990798950195,126.2164306640625,174.1199951171875
2021-01-13,352.65087890625,62.30162811279297,28.480058670043945,17.63743019104004,107.08448791503906,82.64923858642578,57.335479736328125,80.44086456298828,26.530597686767578,34.433162689208984,29.603200912475586,61.94759750366211,127.6378173828125,173.3699951171875
2021-01-14,351.4158935546875,61.754791259765625,28.607364654541016,18.160018920898438,106.74579620361328,82.93489074707031,57.03239059448242,79.92903137207031,26.428916931152344,34.31643295288086,29.78628921508789,61.59739685058594,126.44219207763672,173.27999877929688
2021-01-15,348.8531494140625,61.12159729003906,28.134519577026367,17.45370864868164,107.07533264160156,81.85673522949219,56.83321762084961,79.31193542480469,26.68735694885254,33.8270263671875,30.244029998779297,61.79616165161133,126.94391632080078,171.1300048828125
2021-01-19,351.5923156738281,61.917884826660156,28.20726203918457,17.804824829101562,107.88090515136719,82.12397003173828,56.58208084106445,79.76158142089844,26.58566665649414,33.94377136230469,30.044296264648438,62.913021087646484,127.35359191894531,172.5800018310547
2021-01-20,356.4578857421875,63.14585876464844,28.08904457092285,17.87014389038086,108.47592163085938,82.63079071044922,56.68600082397461,81.2684097290039,26.742433547973633,34.05602264404297,30.668487548828125,64.89117431640625,127.4790267944336,175.38999938964844
2021-01-21,356.782958984375,63.96135711669922,27.788965225219727,17.26590347290039,107.96329498291016,81.98574829101562,56.49549102783203,81.64633178710938,26.58566665649414,33.55763244628906,30.568605422973633,65.12779235839844,126.58434295654297,175.27999877929688
2021-01-22,355.52001953125,63.71669387817383,27.58892059326172,17.17607879638672,107.64288330078125,81.56188201904297,56.34828186035156,81.36888885498047,26.62380599975586,33.39599609375,30.64351463317871,65.15619659423828,126.99408721923828,173.89999389648438
2021-01-25,356.9222717285156,64.24916076660156,27.388872146606445,17.00052261352539,108.34777069091797,81.00896453857422,56.911163330078125,81.67025756835938,27.15763282775879,33.220890045166016,30.918155670166016,65.5348129272461,128.49072265625,174.0500030517578
2021-01-26,356.3649597167969,64.29232025146484,27.170625686645508,16.63715934753418,107.94496154785156,80.2625503540039,57.42207717895508,81.61761474609375,26.886484146118164,32.76292419433594,31.234413146972656,66.42447662353516,128.248291015625,173.6199951171875
2021-01-27,347.65533447265625,63.078704833984375,26.370424270629883,16.41261100769043,104.6678237915039,78.6683578491211,56.45219802856445,79.10145568847656,26.161998748779297,31.797590255737305,30.834930419921875,64.27595520019531,128.57440185546875,172.52000427246094
2021-01-28,350.645263671875,63.33775329589844,26.861461639404297,16.604496002197266,106.19654846191406,79.83865356445312,56.66869354248047,79.35018920898438,26.47551727294922,32.34535217285156,30.918155670166016,64.50311279296875,127.86357116699219,172.67999267578125
2021-01-29,343.62542724609375,61.84592056274414,26.32495880126953,16.053327560424805,105.29943084716797,78.11544036865234,55.49962615966797,77.49893951416016,26.33147430419922,31.716772079467773,30.593570709228516,63.30107116699219,127.09439086914062,172.61000061035156
2021-02-01,349.3453063964844,63.39531326293945,26.67050552368164,16.167644500732422,105.70221710205078,78.92638397216797,55.55159378051758,79.51283264160156,26.458572387695312,32.089439392089844,31.284351348876953,64.48418426513672,127.2417221069336,174.22999572753906
2021-02-02,354.2851257324219,64.25394439697266,27.31612205505371,16.343198776245117,106.00431060791016,80.6034927368164,55.9239501953125,81.20144653320312,26.67464256286621,32.5114860534668,31.41750717163086,65.46854400634766,126.42131805419922,172.11000061035156
2021-02-03,354.5636291503906,64.03328704833984,27.470703125,17.041351318359375,105.25367736816406,80.6587905883789,56.01055908203125,80.74700164794922,26.58991050720215,32.574344635009766,31.292665481567383,66.34877014160156,125.29955291748047,171.85000610351562
2021-02-04,358.5935974121094,65.0550308227539,28.079957962036133,17.22915267944336,105.69305419921875,81.52498626708984,56.41755676269531,81.60806274414062,26.797510147094727,32.457603454589844,31.46744728088379,66.74627685546875,124.96473693847656,168.14999389648438
2021-02-05,360.00494384765625,64.91111755371094,28.08904457092285,17.37613296508789,105.88529968261719,82.0041732788086,56.945796966552734,82.38776397705078,26.941558837890625,33.01435852050781,31.575634002685547,67.58867645263672,123.91836547851562,169.80999755859375
2021-02-08,362.6048583984375,65.59225463867188,28.45277976989746,18.10285758972168,106.0134506225586,82.70453643798828,57.16229248046875,82.85657501220703,26.733959197998047,33.28823471069336,31.6422119140625,67.85369873046875,124.46245574951172,171.52000427246094
2021-02-09,362.3634033203125,65.5155258178711,28.461870193481445,17.910974502563477,106.16908264160156,82.91647338867188,57.110321044921875,82.39734649658203,26.772096633911133,33.041290283203125,31.78369903564453,68.0808334350586,124.55459594726562,172.0800018310547
2021-02-10,362.20562744140625,65.4195785522461,28.461870193481445,18.253923416137695,106.36132049560547,82.78744506835938,57.04970932006836,81.58413696289062,26.878007888793945,33.005374908447266,32.000083923339844,68.72445678710938,125.38335418701172,172.7100067138672
2021-02-11,362.7905578613281,66.13912200927734,28.370939254760742,17.972211837768555,106.5627212524414,82.61238098144531,56.798583984375,81.35930633544922,26.725488662719727,33.03681182861328,31.94182014465332,68.80017852783203,124.69686889648438,171.2100067138672
2021-02-12,364.5826721191406,66.47968292236328,28.66192054748535,18.237594604492188,107.3591079711914,83.21135711669922,56.88518142700195,81.47412109375,26.530597686767578,33.3780403137207,31.93350601196289,69.09358215332031,123.14823150634766,170.69000244140625
2021-02-16,364.2669372558594,66.26383209228516,29.152956008911133,18.69485855102539,106.29722595214844,83.12842559814453,56.78126907348633,81.12013244628906,26.23402214050293,33.315181732177734,31.592275619506836,69.42485046386719,121.27303314208984,168.24000549316406
2021-02-17,364.3505554199219,65.6786117553711,29.29844856262207,18.972488403320312,106.68170166015625,82.89804077148438,56.989097595214844,81.58892822265625,26.255207061767578,33.29722595214844,31.617258071899414,69.62361145019531,122.04326629638672,166.3300018310547
2021-02-18,362.7998352050781,65.35722351074219,29.125675201416016,18.54379653930664,106.0134506225586,82.48336029052734,56.95445251464844,81.6128158569336,26.411970138549805,33.090675354003906,31.600603103637695,69.28287506103516,121.54931640625,166.32000732421875
2021-02-19,362.1592102050781,65.26127624511719,29.471216201782227,18.85408592224121,104.73188781738281,83.83796691894531,56.235713958740234,81.13926696777344,26.017948150634766,33.696834564208984,31.700477600097656,68.60140991210938,119.9337158203125,167.00999450683594
2021-02-22,359.3735046386719,63.82221603393555,29.744020462036133,19.507320404052734,104.4847412109375,84.10519409179688,56.287662506103516,79.4267349243164,25.509540557861328,33.8270263671875,31.883569717407227,68.32694244384766,119.02127075195312,169.50999450683594
2021-02-23,359.8099365234375,63.644737243652344,29.92588233947754,19.82986068725586,104.31080627441406,84.36321258544922,56.365596771240234,78.90532684326172,25.721376419067383,33.94377136230469,32.000083923339844,68.85696411132812,118.67803192138672,169.1199951171875
2021-02-24,363.7747802734375,64.61849975585938,30.50784683227539,20.53209114074707,105.03397369384766,85.9573974609375,56.33095932006836,79.73289489746094,25.42056655883789,34.240116119384766,32.14989471435547,68.97999572753906,117.89948272705078,169.0
2021-02-25,355.0093688964844,62.35918426513672,29.953161239624023,20.13606834411621,103.98123931884766,84.37242126464844,55.71612548828125,76.76705169677734,25.1917781829834,33.449886322021484,31.625572204589844,67.47509765625,115.97411346435547,165.82000732421875
2021-02-26,353.18011474609375,62.69017028808594,29.380294799804688,19.65838623046875,103.08415985107422,83.49701690673828,54.815528869628906,77.08756256103516,24.72573471069336,33.023338317871094,31.07628631591797,67.7401123046875,119.80811309814453,161.80999755859375
2021-03-01,361.7413330078125,64.70962524414062,30.2987117767334,20.16872787475586,104.42981719970703,85.63487243652344,55.36974334716797,78.89574432373047,25.272275924682617,33.85846710205078,31.109573364257812,69.47216796875,118.22575378417969,161.52999877929688
2021-03-02,358.9185485839844,63.68311309814453,30.189584732055664,20.058494567871094,104.12772369384766,85.38610076904297,55.27448272705078,77.98686218261719,25.196016311645508,34.04704284667969,30.918155670166016,68.96107482910156,118.23407745361328,162.41000366210938
2021-03-03,354.1644592285156,62.08096694946289,30.426013946533203,20.352449417114258,102.80953979492188,85.47824096679688,55.01469802856445,76.15475463867188,24.89944839477539,33.71029281616211,30.535322189331055,67.97672271728516,116.95172882080078,160.6199951171875
2021-03-04,349.7817687988281,60.70906448364258,30.080474853515625,20.838302612304688,101.42726135253906,84.11441040039062,54.815528869628906,74.5427017211914,24.878263473510742,33.05476379394531,30.310611724853516,67.85369873046875,116.19747924804688,159.0399932861328
2021-03-05,356.2165832519531,61.855525970458984,30.653339385986328,21.618099212646484,103.45947265625,86.10484313964844,56.027870178222656,75.01626586914062,25.284988403320312,33.813568115234375,30.660154342651367,69.44380187988281,116.42375946044922,159.13999938964844
2021-03-08,354.44293212890625,60.35889434814453,31.044349670410156,21.658926010131836,103.20315551757812,87.0079116821289,56.270347595214844,75.1071548461914,25.64087677001953,34.26704788208008,30.80997085571289,68.51622772216797,115.5185775756836,157.49000549316406
2021-03-09,359.5035400390625,62.41195297241211,30.762470245361328,21.279232025146484,103.80731964111328,86.64852905273438,56.21839141845703,77.94383239746094,25.979816436767578,34.47807312011719,31.159507751464844,69.28287506103516,117.11942291259766,160.83999633789062
2021-03-10,361.7413330078125,62.16252136230469,31.389894485473633,21.81815528869629,104.04534149169922,87.9294204711914,56.95445251464844,78.34085845947266,26.157760620117188,35.04827880859375,31.46744728088379,69.5762939453125,117.35413360595703,161.66000366210938
2021-03-11,365.4090881347656,63.49124526977539,31.29896354675293,21.82632064819336,104.67695617675781,87.99393463134766,56.81591033935547,79.54153442382812,26.089975357055664,35.23686981201172,31.93350601196289,70.89191436767578,116.5075912475586,161.52000427246094
2021-03-12,365.90118408203125,63.035545349121094,31.617223739624023,21.87122917175293,104.90583038330078,89.1734390258789,57.28351974487305,79.77592468261719,26.441625595092773,35.331153869628906,32.482784271240234,70.69316101074219,114.03517150878906,161.49000549316406
2021-03-15,368.0832824707031,63.70710372924805,31.435361862182617,21.622180938720703,105.62898254394531,89.91986083984375,57.53464889526367,80.84748077392578,26.78055763244629,35.37156677246094,32.84897994995117,71.19477844238281,114.70563507080078,162.1999969482422
2021-03-16,367.61907958984375,64.18678283691406,31.107999801635742,21.00568962097168,105.56491088867188,88.63896179199219,57.603919982910156,80.01033782958984,26.814462661743164,35.07971954345703,32.84897994995117,71.94251251220703,114.24468231201172,162.35000610351562
2021-03-17,368.87249755859375,64.13402557373047,31.317150115966797,21.16899871826172,105.1804428100586,89.6618423461914,57.517337799072266,81.13447570800781,26.378070831298828,35.39401626586914,32.79904556274414,71.95195770263672,113.38977813720703,163.50999450683594
2021-03-18,363.5056457519531,62.354393005371094,31.48082733154297,20.21772003173828,104.96074676513672,89.57888793945312,57.28351974487305,79.14928436279297,26.280628204345703,35.19645309448242,32.59098815917969,70.75940704345703,112.2415771484375,162.55999755859375
2021-03-19,362.8328552246094,62.167320251464844,31.11709976196289,20.2218017578125,105.3360595703125,88.89697265625,57.48269271850586,79.62285614013672,26.35265350341797,35.0213623046875,32.1582145690918,71.37461853027344,112.9371566772461,163.24000549316406
2021-03-22,365.730224609375,63.389739990234375,30.716140747070312,20.02787208557129,106.25279998779297,88.84708404541016,58.08953094482422,80.14701843261719,26.31466293334961,35.04300308227539,32.5129280090332,71.97480010986328,114.2027359008789,163.0
2021-03-23,362.8515625,62.99556350708008,30.28685760498047,19.73493003845215,105.17807006835938,87.29420471191406,58.333316802978516,79.39481353759766,26.707359313964844,34.312557220458984,32.61379623413086,71.4438247680664,115.23367309570312,161.80999755859375
2021-03-24,361.0069885253906,62.23124313354492,30.39646339416504,20.230058670043945,105.05863952636719,87.93197631835938,58.10693359375,78.22096252441406,26.715896606445312,34.560546875,32.47089767456055,69.64231872558594,115.8539047241211,162.3699951171875
2021-03-25,363.0378723144531,62.19279098510742,30.907947540283203,20.304319381713867,105.49956512451172,89.33698272705078,58.672874450683594,78.90609741210938,27.001873016357422,35.06102752685547,32.748287200927734,69.3010025024414,114.94031524658203,161.77999877929688
2021-03-26,368.8882751464844,63.774288177490234,31.392017364501953,20.807701110839844,107.4928970336914,90.88060760498047,59.70894241333008,79.56248474121094,27.09151268005371,35.93124008178711,33.54682540893555,68.54244995117188,114.53802490234375,162.24000549316406
2021-03-29,368.7019348144531,63.442604064941406,31.118011474609375,20.56014060974121,107.99812316894531,90.89909362792969,60.3096809387207,79.12650299072266,27.38176155090332,35.80949783325195,33.471168518066406,69.24410247802734,113.56578063964844,160.30999755859375
2021-03-30,367.7237854003906,62.84171676635742,31.337221145629883,20.382720947265625,107.0244140625,91.29657745361328,59.6654052734375,79.90266418457031,27.134191513061523,35.7057991027832,33.32827377319336,69.24410247802734,114.16088104248047,157.57000732421875
2021-03-31,369.21429443359375,63.84159469604492,31.09975242614746,20.242433547973633,107.2356948852539,91.00077819824219,59.47386932373047,80.5255355834961,27.334810256958008,35.529945373535156,33.19378662109375,69.51904296875,113.52386474609375,159.9600067138672
2021-04-01,373.2015075683594,65.12504577636719,31.483354568481445,20.758193969726562,106.91419219970703,91.3058090209961,59.18655014038086,81.17233276367188,27.3091983795166,35.841068267822266,33.72333908081055,70.71372985839844,115.40803527832031,161.97999572753906
2021-04-05,378.5580749511719,66.47100830078125,31.729961395263672,20.263065338134766,107.65824890136719,92.43350219726562,59.94401168823242,83.01693725585938,27.60799217224121,36.28293228149414,33.89986038208008,72.2023696899414,114.90446472167969,161.9199981689453
2021-04-06,378.3344421386719,66.18737030029297,31.6660213470459,20.209423065185547,107.24488067626953,92.21165466308594,60.196495056152344,83.37628173828125,27.753114700317383,36.36410140991211,33.983909606933594,72.38249969482422,115.68500518798828,163.22000122070312
2021-04-07,378.7723693847656,66.53829956054688,31.821308135986328,20.27956771850586,107.00605773925781,91.78648376464844,60.048500061035156,83.12715148925781,27.718969345092773,35.73735809326172,34.025943756103516,72.9419174194336,114.87928009033203,162.75999450683594
2021-04-08,380.5702209472656,67.49969482421875,31.830427169799805,20.0154972076416,107.17140197753906,92.00830078125,60.109432220458984,83.52002716064453,27.69762420654297,35.78244400024414,33.85782241821289,72.951416015625,115.82767486572266,164.50999450683594
2021-04-09,383.3370666503906,68.14864349365234,32.104434967041016,19.88346290588379,108.3471908569336,92.90491485595703,60.004940032958984,84.31537628173828,27.667739868164062,36.09355545043945,33.908260345458984,72.93244934082031,115.40803527832031,163.27000427246094
2021-04-12,383.47686767578125,67.82177734375,32.241451263427734,19.726680755615234,108.45742797851562,93.24691009521484,60.32709503173828,84.85676574707031,27.693357467651367,36.21980667114258,34.1099967956543,72.63851165771484,115.3576889038086,162.27999877929688
2021-04-13,384.6133728027344,68.46109771728516,31.940034866333008,19.74730682373047,108.90751647949219,92.79399108886719,60.004940032958984,85.75272369384766,28.02202796936035,36.1341438293457,34.311729431152344,72.73332214355469,116.22212219238281,163.42999267578125
2021-04-14,383.2997741699219,67.73524475097656,32.131839752197266,20.296072006225586,108.89832305908203,92.9141616821289,59.95270919799805,84.90947723388672,28.14580726623535,36.39564895629883,34.101593017578125,71.98428344726562,115.85286712646484,162.72000122070312
2021-04-15,387.4173583984375,68.8985366821289,32.104434967041016,20.131031036376953,110.76306915283203,93.28387451171875,60.431583404541016,85.51795196533203,28.457393646240234,36.82399368286133,34.74882125854492,72.90399932861328,117.79154968261719,165.35000610351562
2021-04-16,388.7123107910156,68.88411712646484,32.33277893066406,19.97011375427246,111.58976745605469,93.48723602294922,60.77982711791992,86.17913055419922,28.687891006469727,37.27037811279297,34.79925537109375,72.85657501220703,116.87673950195312,166.35000610351562
2021-04-19,386.8025207519531,68.31205749511719,32.241451263427734,19.94948387145996,111.61736297607422,93.09901428222656,60.544761657714844,85.2113265991211,28.542768478393555,37.09904098510742,34.90851593017578,72.44888305664062,116.5410385131836,165.88999938964844
2021-04-20,383.9705810546875,67.70640563964844,31.638629913330078,19.421348571777344,112.04907989501953,92.072998046875,60.8755989074707,84.13809204101562,28.905582427978516,36.74283981323242,35.295188903808594,72.06012725830078,117.07817077636719,166.47999572753906
2021-04-21,387.6037902832031,68.38899993896484,32.077030181884766,19.66891098022461,113.37184143066406,93.33009338378906,61.180320739746094,85.25923156738281,28.66228675842285,37.410152435302734,35.454898834228516,72.18340301513672,117.31320190429688,168.1300048828125
2021-04-22,384.0637512207031,67.58625030517578,31.7208309173584,19.437849044799805,112.86661529541016,92.85867309570312,60.72760009765625,84.31537628173828,28.457393646240234,36.77890396118164,35.3036003112793,71.65242004394531,117.82513427734375,167.0399932861328
2021-04-23,388.2279052734375,68.59571075439453,32.314510345458984,19.615272521972656,113.61067962646484,93.87545013427734,60.57086944580078,85.19693756103516,28.418987274169922,37.38309860229492,35.50533676147461,72.4867935180664,117.54817199707031,166.39999389648438
2021-04-26,389.03839111328125,68.94660949707031,32.4423828125,19.74730682373047,113.22486114501953,93.59814453125,59.89176940917969,85.57064819335938,28.256784439086914,37.60403823852539,35.580970764160156,72.63851165771484,117.38033294677734,166.83999633789062
2021-04-27,388.95452880859375,68.77835083007812,32.6981201171875,19.986618041992188,112.57268524169922,94.37460327148438,59.848228454589844,85.47006225585938,28.03909683227539,37.504844665527344,35.580970764160156,72.34459686279297,116.35638427734375,166.4199981689453
2021-04-28,388.8426513671875,68.1390151977539,32.825992584228516,20.67567253112793,112.2328109741211,94.18050384521484,59.89176940917969,85.36940002441406,28.000680923461914,37.608543395996094,35.454898834228516,73.00830078125,116.43193817138672,166.91000366210938
2021-04-29,391.3207702636719,68.08134460449219,33.4105339050293,20.906728744506836,111.78269958496094,94.84600830078125,60.52735137939453,85.39338684082031,28.256784439086914,37.8430061340332,35.71546936035156,75.02787017822266,116.08782196044922,166.22000122070312
2021-04-30,388.7495422363281,67.1535873413086,33.11825942993164,20.37859344482422,111.4520034790039,94.21746826171875,60.579586029052734,85.72396850585938,28.47873878479004,37.441715240478516,35.95082473754883,74.00387573242188,116.35638427734375,165.66000366210938
2021-05-03,389.5880432128906,66.96611785888672,33.28266525268555,20.93973731994629,112.71965789794922,95.18803405761719,61.07585144042969,85.31673431396484,28.474472045898438,38.000823974609375,35.75749206542969,73.61511993408203,116.42613983154297,167.80999755859375
2021-05-04,387.1845703125,65.76437377929688,33.547542572021484,20.952117919921875,112.83906555175781,95.60396575927734,60.762428283691406,84.425537109375,28.367759704589844,38.41563415527344,35.5389518737793,72.951416015625,117.21623992919922,166.5800018310547
2021-05-05,387.3055725097656,65.60575866699219,33.82154846191406,21.6287899017334,113.0411605834961,95.69640350341797,60.71888732910156,84.16204833984375,27.88970184326172,38.90259552001953,35.017799377441406,72.80916595458984,117.40958404541016,167.27000427246094
2021-05-06,390.39849853515625,66.2643051147461,34.32388687133789,21.740190505981445,113.18812561035156,96.36193084716797,61.50246810913086,84.34410858154297,28.103120803833008,39.23174285888672,35.185916900634766,73.66252136230469,117.60284423828125,170.05999755859375
2021-05-07,393.2397766113281,66.83154296875,34.506561279296875,22.128040313720703,113.96894073486328,97.37871551513672,61.50246810913086,85.10110473632812,28.18848991394043,39.61949920654297,35.61460494995117,74.2219467163086,117.02288818359375,171.58999633789062
2021-05-10,389.345703125,65.14427947998047,34.479164123535156,22.136295318603516,114.11589050292969,97.47112274169922,61.97260665893555,83.58709716796875,28.474472045898438,39.443660736083984,35.77431106567383,72.79969787597656,115.83783721923828,172.11000061035156
2021-05-11,385.8709716796875,64.94717407226562,33.867218017578125,21.566898345947266,112.88499450683594,96.02916717529297,61.432823181152344,82.64325714111328,28.124465942382812,39.57441711425781,35.354026794433594,72.5910873413086,115.18221282958984,172.13999938964844
2021-05-12,377.67303466796875,63.12053680419922,33.520137786865234,21.670045852661133,111.81942749023438,93.7275619506836,60.61441421508789,79.84516906738281,27.467130661010742,38.57794952392578,34.49665069580078,71.16885375976562,113.97188568115234,170.42999267578125
2021-05-13,382.20989990234375,63.956947326660156,34.059017181396484,21.405982971191406,112.82989501953125,95.48381042480469,61.46764373779297,80.41053771972656,27.99641227722168,39.168601989746094,34.933746337890625,71.6808853149414,114.14839172363281,171.1300048828125
2021-05-14,388.078857421875,65.36539459228516,34.597896575927734,22.070281982421875,113.39939880371094,96.80559539794922,61.737545013427734,81.8047866821289,28.133005142211914,39.63753890991211,35.261566162109375,73.09363555908203,115.21582794189453,172.69000244140625
2021-05-17,387.0914306640625,64.88469696044922,34.661834716796875,22.581907272338867,113.18812561035156,96.50981903076172,61.65048599243164,81.6562271118164,27.902503967285156,39.984718322753906,35.278377532958984,72.51525115966797,114.97206115722656,174.6999969482422
2021-05-18,383.7562561035156,64.36554718017578,34.17775344848633,22.057893753051758,113.22486114501953,95.1048355102539,61.45894241333008,81.01901245117188,27.898239135742188,39.542850494384766,35.34562301635742,71.77566528320312,114.67793273925781,175.0399932861328
2021-05-19,382.75018310546875,64.59147644042969,33.967681884765625,21.50913429260254,113.03196716308594,94.56868743896484,61.25868606567383,80.33869171142578,27.851282119750977,38.93867111206055,35.21113586425781,71.88947296142578,114.40058135986328,175.16000366210938
2021-05-20,386.8678283691406,65.82688903808594,33.985958099365234,21.476119995117188,114.21693420410156,94.78131103515625,61.82461166381836,81.16275024414062,28.094585418701172,38.961204528808594,35.648223876953125,73.1220703125,115.34197998046875,175.9600067138672
2021-05-21,386.5510559082031,65.4663314819336,34.32388687133789,21.521512985229492,114.23533630371094,95.24348449707031,61.833316802978516,80.7554931640625,28.239715576171875,39.04686737060547,35.589385986328125,72.87556457519531,115.71176147460938,176.0399932861328
2021-05-24,390.4916687011719,66.629638671875,34.4882926940918,21.736066818237305,114.34554290771484,95.83505249023438,62.01615905761719,81.55563354492188,28.18848991394043,39.394065856933594,35.976043701171875,74.20297241210938,116.14041900634766,176.35000610351562
2021-05-25,389.6252746582031,66.64887237548828,34.14122772216797,21.29458236694336,114.00566864013672,95.54850769042969,62.03355407714844,81.81434631347656,27.847017288208008,39.06040954589844,36.07691192626953,74.18401336669922,117.21623992919922,177.9499969482422
2021-05-26,390.39849853515625,66.64405822753906,34.24169921875,21.484378814697266,113.34427642822266,95.8535385131836,61.9029655456543,82.5953140258789,27.851282119750977,39.07392501831055,36.16096496582031,74.66758728027344,117.01451873779297,177.63999938964844
2021-05-27,390.60345458984375,66.29314422607422,34.63443374633789,21.500883102416992,113.09628295898438,97.16609954833984,61.5198860168457,82.92589569091797,27.66347312927246,39.385032653808594,36.11894607543945,74.95201873779297,116.5438461303711,177.7100067138672
2021-05-28,391.3020935058594,66.52867889404297,34.69837188720703,21.542139053344727,113.53720092773438,97.16609954833984,61.65048599243164,82.81092834472656,27.81287384033203,39.344459533691406,36.362709045410156,74.70551300048828,116.35892486572266,178.3800048828125
2021-06-01,390.9573974609375,66.20181274414062,34.9084358215332,22.371482849121094,111.67244720458984,97.5450668334961,61.4415283203125,82.6528091430664,27.64213752746582,39.8945426940918,36.98472595214844,74.75291442871094,116.33279418945312,177.89999389648438
2021-06-02,391.572265625,66.6584701538086,34.9632453918457,22.7882080078125,111.4520034790039,97.26776885986328,61.66789245605469,82.26953125,27.787261962890625,39.560882568359375,37.49746322631836,74.52535247802734,116.60218811035156,178.77000427246094
2021-06-03,390.1190185546875,66.03838348388672,35.045440673828125,22.85010528564453,111.7918701171875,97.05519104003906,62.050987243652344,81.29212188720703,27.953731536865234,39.551876068115234,37.42180633544922,74.02281188964844,116.16451263427734,175.27000427246094
2021-06-04,393.68695068359375,67.30742645263672,35.136775970458984,23.00276756286621,112.15013885498047,97.36944580078125,62.268619537353516,81.94371032714844,27.91104507446289,39.63753890991211,37.4554328918457,75.08476257324219,117.75535583496094,177.16000366210938
2021-06-07,393.3050537109375,67.29301452636719,34.9084358215332,22.903738021850586,112.55428314208984,96.6946792602539,62.16415786743164,81.94371032714844,27.962265014648438,39.15508270263672,37.8084602355957,75.4735107421875,117.39339447021484,177.8699951171875
2021-06-08,393.38885498046875,67.29781341552734,34.81709671020508,23.101789474487305,112.20523834228516,96.94425964355469,61.641780853271484,82.60488891601562,27.723236083984375,39.227230072021484,38.01020812988281,75.25541687011719,118.21825408935547,177.32000732421875
2021-06-09,392.8020324707031,67.34588623046875,34.4882926940918,22.957380294799805,113.28916931152344,95.95521545410156,61.34574890136719,82.14974975585938,27.970794677734375,38.92062759399414,38.0522346496582,75.1795883178711,119.261962890625,176.97999572753906
2021-06-10,394.6278991699219,67.84099578857422,34.08641815185547,22.928495407104492,115.22737121582031,95.48381042480469,61.72883224487305,82.53783416748047,28.154342651367188,38.68617248535156,38.43888854980469,75.58729553222656,119.97743225097656,177.74000549316406
2021-06-11,395.2799377441406,68.24478149414062,34.30562973022461,22.85010528564453,114.40985870361328,95.67790222167969,61.763668060302734,82.98818969726562,28.218372344970703,38.8304557800293,38.19514083862305,75.67262268066406,119.78385162353516,175.74000549316406
2021-06-14,396.1649475097656,68.9369888305664,33.94941329956055,22.751079559326172,114.51089477539062,95.24348449707031,61.72883224487305,83.01214599609375,28.27812385559082,38.352500915527344,38.413673400878906,76.17515563964844,118.86636352539062,174.7100067138672
2021-06-15,395.4383239746094,68.51397705078125,34.01335144042969,23.18431282043457,114.54762268066406,95.65019226074219,61.58082962036133,82.57135772705078,28.36349105834961,38.271339416503906,38.06064224243164,75.73899841308594,118.72334289550781,174.0500030517578
2021-06-16,393.2304382324219,68.14382934570312,33.976810455322266,23.060531616210938,114.10671997070312,94.74434661865234,60.762428283691406,82.60968780517578,27.93665313720703,37.84751892089844,37.716007232666016,75.07527923583984,118.6223373413086,171.11000061035156
2021-06-17,393.10015869140625,68.93218231201172,32.97212600708008,22.276578903198242,114.9793701171875,93.28387451171875,60.980079650878906,82.92112731933594,28.090316772460938,37.00435256958008,37.858909606933594,75.38818359375,120.39832305908203,165.85000610351562
2021-06-18,387.7970275878906,68.30247497558594,32.177513122558594,21.61641502380371,113.6657943725586,92.072998046875,59.90049743652344,82.48512268066406,27.360422134399414,36.4046745300293,37.26210403442383,74.50638580322266,122.66253662109375,164.92999267578125
2021-06-21,393.3487243652344,69.03446197509766,32.92851257324219,22.53759002685547,115.03152465820312,94.09814453125,60.587501525878906,83.12089538574219,27.71487045288086,37.16047668457031,38.00235366821289,75.22924041748047,120.60870361328125,166.9499969482422
2021-06-22,395.45159912109375,69.66051483154297,32.98353576660156,22.687646865844727,115.280517578125,94.20012664794922,60.675132751464844,83.90301513671875,27.54710578918457,37.309906005859375,37.833160400390625,75.8751449584961,120.90331268310547,166.25
2021-06-23,394.9749755859375,69.5834732055664,33.0477180480957,22.750167846679688,114.80098724365234,93.98688507080078,60.29831314086914,84.55079650878906,27.25460433959961,37.06989669799805,37.71471405029297,75.7991714477539,120.59188079833984,166.13999938964844
2021-06-24,397.3114929199219,70.0217056274414,33.460365295410156,22.94607162475586,115.39117431640625,94.71941375732422,60.59626770019531,84.83868408203125,27.22879409790039,37.18764114379883,37.53704833984375,76.51155853271484,120.78549194335938,166.0399932861328
2021-06-25,398.7227783203125,69.93982696533203,33.86382293701172,23.06694984436035,115.91677856445312,94.90485382080078,61.060699462890625,85.37609100341797,27.521299362182617,37.19217300415039,37.80777359008789,76.60652923583984,119.5313491821289,166.58999633789062
2021-06-28,399.526611328125,70.67183685302734,33.616241455078125,22.287494659423828,116.09203338623047,94.40411376953125,61.11328125,85.39527893066406,27.697656631469727,37.19217300415039,37.82469177246094,77.47091674804688,120.76023864746094,166.5800018310547
2021-06-29,399.7416076660156,71.18712615966797,33.49702835083008,22.179119110107422,116.22112274169922,94.21868896484375,60.84162521362305,85.60643768310547,27.25029945373535,37.174049377441406,37.799312591552734,77.05298614501953,120.96229553222656,164.8300018310547
2021-06-30,400.0780029296875,71.11009979248047,33.64374542236328,22.454219818115234,116.1473388671875,94.95121765136719,61.31482696533203,85.67361450195312,27.19868278503418,37.27367401123047,37.50321578979492,76.9105224609375,121.50096893310547,165.6300048828125
2021-07-01,402.2931213378906,71.23047637939453,33.909671783447266,22.846038818359375,117.18017578125,95.62809753417969,61.13081359863281,86.15821838378906,27.495487213134766,37.47746276855469,37.655494689941406,77.48040008544922,121.50770568847656,166.1999969482422
2021-07-02,405.3680725097656,72.16956329345703,33.87299346923828,22.796018600463867,118.30521392822266,95.77649688720703,61.27979278564453,86.91635131835938,27.538503646850586,37.53179931640625,37.833160400390625,78.02185821533203,122.24093627929688,167.2899932861328
2021-07-06,404.62969970703125,72.44406127929688,33.341148376464844,22.054073333740234,118.19457244873047,94.85848999023438,61.025657653808594,87.01712036132812,27.654645919799805,36.97481155395508,38.17155838012695,77.83185577392578,123.6737289428711,168.1199951171875
2021-07-07,406.05963134765625,72.83895874023438,33.38698959350586,21.69560432434082,118.94152069091797,95.80430603027344,61.34989547729492,86.96913146972656,27.835308074951172,37.35972595214844,38.36613082885742,77.71788787841797,124.7693862915039,168.75999450683594
2021-07-08,402.75115966796875,72.1502914428711,32.71760940551758,21.5705623626709,118.28679656982422,94.46904754638672,61.12205123901367,86.7531967163086,27.75358009338379,36.852535247802734,38.332298278808594,76.86299133300781,125.25818634033203,168.64999389648438
2021-07-09,407.0504150390625,72.81487274169922,33.66209411621094,22.029062271118164,118.69253540039062,95.96192169189453,61.47256851196289,87.56411743164062,27.787996292114258,37.57708740234375,38.839900970458984,77.54689025878906,123.49668884277344,169.2100067138672
2021-07-12,408.5083923339844,72.87266540527344,33.99220275878906,21.99571990966797,118.92308807373047,96.09174346923828,61.37617492675781,88.16390991210938,27.878324508666992,37.69935989379883,39.17830276489258,78.09781646728516,123.33656311035156,169.0
2021-07-13,407.1156921386719,73.1712417602539,33.62540817260742,21.828989028930664,118.81242370605469,95.16448211669922,61.358638763427734,87.10826873779297,27.66755485534668,37.355201721191406,38.67069625854492,77.89835357666016,122.39262390136719,169.22000122070312
2021-07-14,407.7232666015625,73.71060180664062,33.46952819824219,21.178747177124023,118.70176696777344,95.15522766113281,61.901954650878906,86.94993591308594,27.90843963623047,37.2782096862793,39.00910568237305,77.84135437011719,123.7832260131836,171.0399932861328
2021-07-15,406.33074951171875,73.10382080078125,33.579559326171875,20.882801055908203,118.28679656982422,95.3406753540039,62.15607833862305,86.47969818115234,28.222450256347656,37.282737731933594,39.06831359863281,77.29045867919922,125.14862823486328,171.07000732421875
2021-07-16,403.1436767578125,72.38143920898438,33.121070861816406,20.290918350219727,118.60953521728516,94.49685668945312,62.252471923828125,85.41448211669922,28.5063533782959,36.72120666503906,39.110618591308594,76.8060073852539,124.91260528564453,169.41000366210938
2021-07-19,397.1900329589844,71.38456726074219,32.19493103027344,19.57398223876953,117.36461639404297,92.52178955078125,62.068443298339844,84.43561553955078,28.0546932220459,35.93326187133789,38.501495361328125,75.63765716552734,127.65182495117188,169.61000061035156
2021-07-20,402.8819580078125,72.44406127929688,32.99269485473633,19.836580276489258,118.79398345947266,95.10885620117188,62.08597183227539,85.9950942993164,28.175134658813477,36.340824127197266,39.19522476196289,76.49256896972656,126.42127227783203,169.38999938964844
2021-07-21,406.1438293457031,73.14234924316406,33.56121826171875,20.528499603271484,118.98763275146484,96.01756286621094,61.92824935913086,86.78677368164062,27.865419387817383,36.739322662353516,39.0767707824707,77.12896728515625,124.81987762451172,168.75999450683594
2021-07-22,406.9942932128906,73.68170928955078,33.19443130493164,20.29924964904785,119.86370086669922,95.66519927978516,61.82309341430664,87.16105651855469,27.90843963623047,36.75291442871094,38.79759979248047,77.39492797851562,125.9998550415039,169.08999633789062
2021-07-23,411.1814880371094,74.41371154785156,33.24944305419922,20.224227905273438,121.2469711303711,96.07321166992188,62.56794357299805,87.93839263916016,28.265466690063477,37.01103210449219,39.152923583984375,79.31363677978516,125.15708923339844,168.55999755859375
2021-07-26,412.1908874511719,74.37519836425781,33.442020416259766,20.72441291809082,120.4631118774414,96.0268325805664,62.6730842590332,88.59097290039062,28.274072647094727,37.3234977722168,39.152923583984375,79.72208404541016,124.7861557006836,168.16000366210938
2021-07-27,410.312255859375,73.67210388183594,33.43284225463867,20.532670974731445,121.02565002441406,95.498291015625,62.804534912109375,87.69366455078125,28.760147094726562,37.3733024597168,39.465938568115234,78.772216796875,126.11785125732422,168.44000244140625
2021-07-28,410.14398193359375,73.58058166503906,33.38698959350586,20.720239639282227,121.45906829833984,95.27576446533203,62.252471923828125,87.41056823730469,28.54076385498047,37.481990814208984,39.22905731201172,79.38963317871094,126.12631225585938,169.2899932861328
2021-07-29,411.8450927734375,73.92250061035156,33.753787994384766,20.920316696166992,121.75411987304688,96.0268325805664,62.5591926574707,88.39422607421875,28.618196487426758,37.894081115722656,39.110618591308594,78.53475189208984,125.42679595947266,171.1699981689453
2021-07-30,409.8449401855469,73.87432861328125,33.48786163330078,20.58685874938965,121.86482238769531,95.84139251708984,62.664344787597656,86.57566833496094,28.377307891845703,38.04804992675781,39.237510681152344,78.26878356933594,126.01673126220703,169.82000732421875
2021-08-02,408.98516845703125,73.6094741821289,33.49702835083008,20.432634353637695,122.03079223632812,95.18303680419922,62.40143585205078,86.82516479492188,28.59668731689453,37.586151123046875,39.25443649291992,78.08833312988281,127.14068603515625,169.61000061035156
2021-08-03,412.3123779296875,74.0814208984375,33.87299346923828,20.782766342163086,123.72758483886719,96.42555236816406,62.68185806274414,87.46814727783203,28.760147094726562,37.975589752197266,39.41517639160156,77.73686981201172,127.2082290649414,169.49000549316406
2021-08-04,410.2842102050781,74.230712890625,33.588722229003906,20.22005271911621,123.20195770263672,95.11811828613281,61.86690139770508,86.61885833740234,28.717130661010742,37.613319396972656,39.28826904296875,77.9553451538086,127.4698257446289,169.52999877929688
2021-08-05,412.88250732421875,74.64004516601562,34.02887725830078,20.44930648803711,122.69474029541016,95.56321716308594,62.16484451293945,87.44895935058594,29.031139373779297,37.55897903442383,39.60129928588867,78.66773223876953,126.8200454711914,168.86000061035156
2021-08-06,413.5647277832031,74.57745361328125,34.716609954833984,20.63688087463379,122.59333038330078,96.00828552246094,62.16484451293945,86.85396575927734,29.013931274414062,38.102386474609375,39.53361892700195,78.66773223876953,124.70201873779297,164.63999938964844
2021-08-09,413.2283020019531,74.33665466308594,34.80830383300781,20.34510612487793,123.06362915039062,95.62809753417969,62.39269256591797,86.7340087890625,29.005332946777344,38.05710983276367,39.35595703125,78.52526092529297,124.2547836303711,161.72000122070312
2021-08-10,413.7423095703125,73.80210876464844,35.17509841918945,20.703569412231445,122.77776336669922,96.60173034667969,62.83959197998047,87.07469940185547,29.035446166992188,38.63221740722656,38.93295669555664,78.67724609375,123.68099975585938,161.77000427246094
2021-08-11,414.7704162597656,73.81175994873047,35.578556060791016,20.866130828857422,121.56050109863281,97.85353088378906,63.0499153137207,87.32901000976562,29.306440353393555,39.175628662109375,39.14445114135742,78.8292236328125,123.60504150390625,164.0
2021-08-12,416.0135192871094,74.23554229736328,35.64274978637695,20.845287322998047,122.51956176757812,97.66808319091797,63.014862060546875,87.36741638183594,29.3365535736084,39.11223602294922,39.279815673828125,78.9717025756836,123.40251922607422,164.0399932861328
2021-08-13,416.77056884765625,74.64004516601562,35.37682342529297,20.599365234375,123.28494262695312,97.36209869384766,63.54063034057617,87.11788940429688,29.54302406311035,39.14845657348633,39.54207992553711,79.01921081542969,125.35175323486328,166.38999938964844
2021-08-16,417.75189208984375,74.97718048095703,35.285125732421875,20.22005271911621,124.68665313720703,97.69589233398438,63.90868377685547,86.71481323242188,29.723684310913086,38.953739166259766,39.58436965942383,79.15218353271484,125.65553283691406,167.22000122070312
2021-08-17,415.013427734375,74.3559341430664,35.03754806518555,20.011642456054688,126.16211700439453,96.6388168334961,63.94374465942383,84.6563491821289,29.74089813232422,38.50541305541992,39.6605110168457,78.49678039550781,125.60492706298828,166.97000122070312
2021-08-18,410.47113037109375,73.33014678955078,34.60657501220703,19.594820022583008,124.2440185546875,95.58175659179688,63.146305084228516,84.9586410522461,29.590341567993164,38.05710983276367,39.24597930908203,77.89835357666016,126.02684020996094,167.10000610351562
2021-08-19,411.10662841796875,74.04769897460938,34.349815368652344,19.0862979888916,124.80652618408203,94.91412353515625,63.654563903808594,84.41643524169922,29.710784912109375,37.71747589111328,39.5759162902832,77.90784454345703,126.9550552368164,166.61000061035156
2021-08-20,414.3778991699219,75.0012435913086,34.56071853637695,19.12797737121582,125.51657104492188,95.16448211669922,63.75972366333008,85.22734069824219,30.08071517944336,37.93935775756836,39.76203536987305,78.5822525024414,127.03945922851562,166.6999969482422
2021-08-23,418.0229187011719,75.96922302246094,34.8449821472168,19.84491539001465,125.5627212524414,95.94336700439453,63.558162689208984,86.32616424560547,29.693580627441406,38.265419006347656,39.60975646972656,79.53213500976562,126.9550552368164,168.72999572753906
2021-08-24,418.6865234375,75.8825454711914,35.055877685546875,20.174209594726562,125.12007904052734,96.42555236816406,63.07619857788086,86.93553924560547,29.5000057220459,38.50541305541992,39.31365203857422,79.78858947753906,125.96778106689453,168.64999389648438
2021-08-25,419.5651550292969,75.83918762207031,35.46852493286133,20.328428268432617,124.77885437011719,97.04680633544922,62.97104263305664,87.27141571044922,29.555932998657227,38.68202590942383,39.2713508605957,79.91206359863281,124.9214096069336,167.47999572753906
2021-08-26,417.0882873535156,75.36243438720703,35.2943000793457,20.01997947692871,124.29011535644531,96.62029266357422,62.68185806274414,86.46531677246094,29.482805252075195,38.41484832763672,39.29674530029297,79.21865844726562,125.26741027832031,167.6699981689453
2021-08-27,420.8174743652344,76.08960723876953,35.7619514465332,20.55351448059082,124.15178680419922,97.28791809082031,62.900936126708984,87.25224304199219,29.47419548034668,38.92204284667969,39.61822509765625,80.47247314453125,126.11967468261719,170.19000244140625
2021-08-30,422.6681213378906,76.90827941894531,35.25762176513672,20.3117618560791,124.85264587402344,97.17664337158203,63.18135070800781,87.90959930419922,29.51722526550293,38.881282806396484,40.10043716430664,81.02342224121094,126.44876861572266,169.35000610351562
2021-08-31,422.04193115234375,76.5037841796875,35.2117805480957,20.174209594726562,124.68665313720703,96.9077377319336,63.32156753540039,88.1207046508789,29.482805252075195,38.768070220947266,40.33731460571289,81.32735443115234,125.58806610107422,169.69000244140625
2021-09-01,422.2662048339844,76.52302551269531,35.010032653808594,19.878263473510742,124.72355651855469,96.53681945800781,63.654563903808594,88.11591339111328,29.86993980407715,38.6684455871582,41.031044006347656,81.73580169677734,125.79842376708984,169.6999969482422
2021-09-02,423.5653381347656,76.44116973876953,35.129249572753906,20.38261604309082,126.06068420410156,97.57535552978516,63.89990997314453,88.11112976074219,30.140939712524414,38.91750717163086,41.225616455078125,81.18486785888672,126.34762573242188,169.25
2021-09-03,423.46246337890625,76.74456024169922,34.9091682434082,20.265905380249023,126.1989974975586,96.9819107055664,63.821044921875,88.058349609375,29.891450881958008,38.659393310546875,41.225616455078125,81.18486785888672,125.19845581054688,171.05999755859375
2021-09-07,421.9483642578125,76.76382446289062,34.698265075683594,20.14502716064453,125.46129608154297,95.30358123779297,63.08496856689453,88.31745147705078,29.49570655822754,38.405799865722656,40.768775939941406,81.3748550415039,124.14240264892578,167.7100067138672
2021-09-08,421.4343566894531,76.4700698852539,34.61574172973633,19.886594772338867,125.40592193603516,95.43338775634766,63.628273010253906,88.418212890625,30.024805068969727,38.03898620605469,41.01411437988281,80.9569091796875,124.98731231689453,167.2899932861328
2021-09-09,419.63055419921875,76.18112182617188,34.716609954833984,19.928279876708984,123.95812225341797,94.96975708007812,63.26023864746094,88.30307006835938,29.86134147644043,38.05257797241211,40.142738342285156,80.55797576904297,126.4997329711914,168.02999877929688
2021-09-10,416.32196044921875,75.42984771728516,34.45984649658203,19.91994285583496,122.82386779785156,94.54322814941406,62.98855972290039,87.76084899902344,29.4440860748291,38.04351806640625,39.635135650634766,80.03556060791016,125.38443756103516,167.17999267578125
2021-09-13,417.3873291015625,75.45393371582031,34.854148864746094,20.490989685058594,122.06768035888672,94.79358673095703,63.146305084228516,87.9767837524414,29.392473220825195,38.03446578979492,39.855098724365234,80.23502349853516,126.14488983154297,167.74000549316406
2021-09-14,415.135009765625,75.35761260986328,34.386512756347656,20.195051193237305,122.04924774169922,93.65304565429688,62.85713577270508,87.68407440185547,29.293533325195312,37.61784362792969,39.77048873901367,79.5416030883789,127.67407989501953,168.82000732421875
2021-09-15,418.6024169921875,76.01738739013672,34.716609954833984,20.949495315551758,122.84226989746094,94.68230438232422,63.08496856689453,88.25027465820312,29.254819869995117,38.016334533691406,39.92277908325195,79.93108367919922,127.22627258300781,167.8300018310547
2021-09-16,417.9388122558594,76.06072998046875,34.61574172973633,20.71190643310547,122.52877044677734,94.0332260131836,62.8746452331543,88.65335083007812,29.009634017944336,37.6042594909668,39.99892044067383,79.85506439208984,126.64336395263672,164.02999877929688
2021-09-17,413.8677062988281,74.87603759765625,34.45984649658203,20.557682037353516,122.6486587524414,93.03179931640625,62.532894134521484,88.3414535522461,28.562273025512695,36.829898834228516,39.635135650634766,78.9717025756836,126.0350112915039,163.77000427246094
2021-09-20,406.9667663574219,73.51221466064453,33.66046905517578,19.929916381835938,121.36878967285156,91.96480560302734,61.90860366821289,86.3255615234375,28.509828567504883,36.12218475341797,39.36375427246094,77.3846206665039,127.59803771972656,164.94000244140625
2021-09-21,406.58233642578125,73.54114532470703,33.61443328857422,19.9763240814209,121.55388641357422,91.4810562133789,61.83805465698242,86.4552993774414,28.43181610107422,36.035770416259766,39.37225341796875,77.06111145019531,127.48822784423828,166.0399932861328
2021-09-22,410.5484313964844,74.54942321777344,34.17620086669922,20.592281341552734,121.75748443603516,92.20665740966797,62.01441955566406,87.63261413574219,28.414474487304688,36.40872573852539,39.70404815673828,77.02303314208984,128.2485809326172,165.4199981689453
2021-09-23,415.5366516113281,75.54804992675781,35.01426315307617,21.313703536987305,122.63665008544922,93.62065124511719,62.24366760253906,88.52164459228516,28.26279067993164,36.92723083496094,39.50837326049805,77.81279754638672,125.35060119628906,163.50999450683594
2021-09-24,416.22119140625,75.60113525390625,35.198455810546875,21.474018096923828,122.13687133789062,93.81598663330078,62.27013397216797,88.85322570800781,28.232446670532227,36.87264633178711,39.05747604370117,78.45028686523438,124.12549591064453,163.3000030517578
2021-09-27,415.03033447265625,74.86785888671875,35.677337646484375,22.237632751464844,120.39712524414062,93.90901947021484,61.98795700073242,89.3289794921875,27.89871597290039,37.15918731689453,38.410919189453125,78.44075012207031,123.66931915283203,163.63999938964844
2021-09-28,406.6666564941406,72.648681640625,35.08793640136719,22.313575744628906,118.33342742919922,92.82063293457031,61.25608825683594,87.60860443115234,27.54765510559082,36.69981002807617,38.181217193603516,76.52826690673828,121.74285125732422,162.0500030517578
2021-09-29,407.3511962890625,72.5570068359375,35.115562438964844,22.313575744628906,119.2680892944336,92.92295837402344,61.811607360839844,87.69510650634766,27.90738296508789,36.54972839355469,38.427940368652344,76.46167755126953,121.9540786743164,161.32000732421875
2021-09-30,402.3724365234375,72.0359878540039,34.562992095947266,21.97606086730957,117.80593872070312,91.01591491699219,60.70057678222656,86.23423767089844,27.68634605407715,35.98119354248047,37.815399169921875,76.22380065917969,121.93717193603516,164.22000122070312
2021-10-01,407.1542663574219,73.1214599609375,35.13398742675781,22.714370727539062,117.83368682861328,92.2624740600586,60.85930252075195,86.88297271728516,27.68634605407715,36.55426788330078,38.2237548828125,77.50829315185547,122.96337127685547,164.58999633789062
2021-10-04,401.9035949707031,71.42813110351562,34.830074310302734,23.08562660217285,116.03836822509766,91.7601318359375,60.66533279418945,86.19580841064453,28.067750930786133,36.395076751708984,38.26629638671875,75.83368682861328,122.65032958984375,165.36000061035156
2021-10-05,406.08538818359375,72.44603729248047,35.51156997680664,23.220626831054688,116.7324447631836,92.78339385986328,60.973934173583984,86.54178619384766,27.99840545654297,36.7180061340332,37.968536376953125,76.96595764160156,121.46598815917969,164.58999633789062
2021-10-06,407.7730712890625,72.91881561279297,35.548404693603516,22.975936889648438,116.51958465576172,93.1927261352539,61.56471633911133,86.81570434570312,28.43181610107422,36.64978790283203,38.33436584472656,77.09917449951172,122.15122985839844,165.02999877929688
2021-10-07,411.2985534667969,73.5845718383789,35.76022720336914,23.153127670288086,118.06507110595703,93.91831970214844,61.83805465698242,88.16605377197266,28.280122756958008,37.12734603881836,38.37689971923828,77.43218994140625,120.87377166748047,164.16000366210938
2021-10-08,410.5484313964844,73.30958557128906,35.93520736694336,23.866113662719727,117.47279357910156,93.90901947021484,61.76752853393555,87.76239013671875,28.072084426879883,36.92268371582031,37.96003723144531,77.05159759521484,120.02782440185547,164.22999572753906
2021-10-11,407.57623291015625,72.90433502197266,35.576045989990234,23.777523040771484,116.55660247802734,93.15553283691406,61.7498893737793,87.40679168701172,27.69068145751953,36.92723083496094,38.011070251464844,75.89078521728516,119.72323608398438,163.9199981689453
2021-10-12,406.57293701171875,72.5280532836914,35.46551513671875,23.798614501953125,115.99211120605469,92.8485336303711,61.776336669921875,88.0987777709961,27.877052307128906,36.977264404296875,38.521522521972656,75.1866683959961,121.77058410644531,164.66000366210938
2021-10-13,408.03558349609375,72.97189331054688,35.26291275024414,23.777523040771484,116.17716979980469,93.04389953613281,61.890953063964844,88.53126525878906,28.202104568481445,37.25469970703125,38.74271011352539,75.5387191772461,122.95496368408203,167.58999633789062
2021-10-14,414.89910888671875,74.6169662475586,35.85232162475586,24.068618774414062,117.84293365478516,94.80207061767578,62.587562561035156,89.4587173461914,28.548843383789062,38.15980529785156,39.28718948364258,76.6043930053711,123.4117660522461,168.0
2021-10-15,418.05877685546875,75.2151870727539,36.386470794677734,24.186752319335938,118.42596435546875,95.71370697021484,62.43766403198242,90.82827758789062,28.46648597717285,38.27350997924805,39.30419921875,76.42361450195312,122.69261169433594,165.3300018310547
2021-10-18,419.29644775390625,75.85196685791016,36.39567565917969,24.20362663269043,117.6208267211914,95.7788314819336,62.067317962646484,91.93836212158203,28.19344711303711,38.2462158203125,39.37225341796875,77.01353454589844,123.2679214477539,164.9199981689453
2021-10-19,422.5314025878906,76.60458374023438,36.75484085083008,24.47784996032715,119.16629791259766,96.34629821777344,62.093772888183594,91.6788330078125,28.548843383789062,38.44633865356445,39.55091857910156,77.75569915771484,121.56752014160156,165.4499969482422
2021-10-20,424.19091796875,76.39229583740234,37.04954528808594,24.676136016845703,120.86905670166016,96.95094299316406,62.45528793334961,91.61157989501953,28.999584197998047,38.755619049072266,40.15494155883789,77.90792846679688,120.74690246582031,166.89999389648438
2021-10-21,425.29730224609375,76.68659210205078,36.89298629760742,24.220500946044922,121.35954284667969,97.14630126953125,62.37594223022461,92.95709991455078,28.999584197998047,38.65556335449219,40.28254699707031,78.13628387451172,120.60305786132812,166.75
2021-10-22,424.8565979003906,76.42123413085938,37.40870666503906,24.448322296142578,121.85000610351562,97.49048614501953,62.86090850830078,92.62552642822266,29.146944046020508,38.58279037475586,40.57179641723633,76.4806900024414,121.93122863769531,167.77000427246094
2021-10-25,427.1351013183594,76.67210388183594,37.3626708984375,24.806926727294922,121.99807739257812,97.71376037597656,62.816829681396484,94.92254638671875,29.021259307861328,38.96939468383789,40.6909065246582,76.81372833251953,121.7451400756836,168.92999267578125
2021-10-26,427.5193786621094,76.88919067382812,37.390296936035156,24.950363159179688,122.59960174560547,97.10906982421875,63.037269592285156,94.93698120117188,29.177291870117188,39.07854080200195,40.87806701660156,76.128662109375,122.7518539428711,167.67999267578125
2021-10-27,425.6254577636719,76.82166290283203,36.77326202392578,24.233156204223633,121.62786865234375,95.97415924072266,62.666908264160156,95.14840698242188,28.982248306274414,38.51911544799805,40.58031463623047,75.91934204101562,124.9852523803711,168.1199951171875
2021-10-28,429.7322692871094,77.59355163574219,37.224525451660156,24.406129837036133,122.6458740234375,97.17420959472656,62.887367248535156,96.41223907470703,29.17295265197754,38.90116500854492,41.17582321166992,76.16670227050781,124.56228637695312,168.0800018310547
2021-10-29,430.6043395996094,77.92642974853516,37.077178955078125,24.245813369750977,123.83968353271484,97.20213317871094,62.82563400268555,96.66210174560547,28.999584197998047,38.71469497680664,40.68239974975586,76.40457153320312,124.9429931640625,166.64999389648438
2021-11-01,431.34503173828125,77.81062316894531,37.09560012817383,24.66347885131836,123.69158172607422,97.47188568115234,62.92264175415039,98.43535614013672,29.10361099243164,38.80565643310547,40.77597427368164,76.52826690673828,124.0433578491211,167.52000427246094
2021-11-02,433.0890197753906,78.49567413330078,37.187686920166016,24.431447982788086,124.4689712524414,97.7974853515625,63.34588623046875,97.7721939086914,29.129606246948242,39.2468376159668,41.15882110595703,76.53778839111328,124.593994140625,167.16000366210938
2021-11-03,435.7331237792969,78.95398712158203,37.325828552246094,24.228939056396484,125.20001220703125,97.5835189819336,63.936649322509766,99.53097534179688,29.021259307861328,39.65617370605469,41.39701843261719,76.81372833251953,123.30644989013672,165.77000427246094
2021-11-04,437.7864685058594,80.18899536132812,36.83772277832031,24.26268768310547,124.33938598632812,97.97423553466797,63.99837875366211,100.8717269897461,28.860889434814453,39.63343048095703,40.92911148071289,77.11820983886719,124.60247039794922,167.64999389648438
2021-11-05,439.30548095703125,80.6038818359375,36.85615158081055,24.579103469848633,122.9512710571289,98.96959686279297,64.36872863769531,101.52045440673828,29.133939743041992,39.94271469116211,41.0226936340332,77.73664093017578,126.46598815917969,169.83999633789062
2021-11-08,439.6804504394531,81.0380630493164,37.05876159667969,24.802705764770508,123.6823501586914,99.37891387939453,63.85728454589844,100.08363342285156,28.700532913208008,40.443023681640625,41.01418685913086,77.39412689208984,126.228759765625,170.4499969482422
2021-11-09,438.22711181640625,80.7052001953125,36.85615158081055,24.903953552246094,123.22889709472656,99.63008117675781,64.0777359008789,98.23351287841797,28.847890853881836,40.62948989868164,41.167320251464844,77.20384979248047,127.8720474243164,171.2899932861328
2021-11-10,434.7017517089844,79.37370300292969,36.791683197021484,24.245813369750977,123.5805435180664,99.07191467285156,64.2717514038086,97.86831665039062,29.081937789916992,40.352054595947266,40.963138580322266,76.32847595214844,125.5341567993164,173.14999389648438
2021-11-11,434.84234619140625,79.74518585205078,36.89298629760742,24.338623046875,123.21963500976562,98.6626205444336,64.22763061523438,97.60399627685547,28.904237747192383,40.67498016357422,40.980159759521484,76.17621612548828,125.3479232788086,174.1199951171875
2021-11-12,438.12396240234375,80.71482849121094,36.97587585449219,24.279565811157227,123.83037567138672,99.44403076171875,64.22763061523438,97.93075561523438,28.886903762817383,40.97971725463867,40.99716567993164,77.2894515991211,124.79722595214844,174.4499969482422
2021-11-15,438.2740478515625,80.6328353881836,36.97587585449219,24.482070922851562,123.06230926513672,99.63008117675781,64.5362548828125,97.84906768798828,29.268306732177734,40.793235778808594,41.22687530517578,77.50829315185547,123.2302017211914,174.17999267578125
2021-11-16,440.0086669921875,81.48189544677734,36.93904113769531,24.520042419433594,123.5805435180664,99.64867401123047,64.13062286376953,99.3916244506836,29.129606246948242,40.67953109741211,40.971641540527344,76.92790222167969,122.91677856445312,172.9199981689453
2021-11-17,438.93975830078125,81.23587036132812,36.51539993286133,24.144561767578125,123.75635528564453,99.0533218383789,63.98958206176758,100.02595520019531,29.155614852905273,40.41118621826172,41.24388122558594,76.63296508789062,123.8908920288086,174.5
2021-11-18,440.4305725097656,82.04633331298828,36.33121109008789,24.001117706298828,123.80265045166016,98.84866333007812,63.760311126708984,101.16004943847656,29.003917694091797,40.23835372924805,41.23538589477539,76.08106994628906,124.35677337646484,173.94000244140625
2021-11-19,439.6429748535156,82.6445541381836,35.93520736694336,23.064529418945312,123.05305480957031,98.35564422607422,63.53105545043945,101.59735107421875,29.168621063232422,40.16557693481445,41.01418685913086,75.82417297363281,125.66976928710938,172.61000061035156
2021-11-22,438.40533447265625,81.7231216430664,36.44171905517578,23.473758697509766,122.497802734375,98.6253890991211,64.03365325927734,101.34264373779297,29.346315383911133,40.2292594909668,40.81000518798828,74.90122985839844,124.19585418701172,168.74000549316406
2021-11-23,438.9866943359375,81.53495788574219,37.012699127197266,24.195188522338867,122.62735748291016,98.79285430908203,64.45689392089844,100.6073989868164,29.37665367126465,40.27018737792969,41.24388122558594,74.70140838623047,122.40010070800781,167.27999877929688
2021-11-24,440.15863037109375,82.12834167480469,36.9298210144043,24.431447982788086,122.58112335205078,98.68122863769531,64.26290893554688,100.81405639648438,29.39398956298828,39.983665466308594,41.79686737060547,74.80608367919922,124.36532592773438,167.1199951171875
2021-11-26,430.341796875,80.07804107666016,35.70496368408203,23.448450088500977,122.12762451171875,96.01138305664062,63.45166778564453,98.0653305053711,28.9345760345459,39.2968635559082,40.66538619995117,73.43592834472656,127.50782775878906,166.85000610351562
2021-11-29,435.62054443359375,82.08011627197266,35.81547546386719,23.583454132080078,122.4607925415039,96.1788330078125,63.61041259765625,99.58866119384766,29.36365509033203,39.47879409790039,41.17582321166992,74.06391906738281,126.4829330444336,166.6199951171875
2021-11-30,427.1444396972656,81.39507293701172,34.95901107788086,23.030778884887695,120.0546875,93.7415771484375,61.97915267944336,98.24311065673828,28.505495071411133,38.50092315673828,40.31657791137695,71.7137451171875,128.40573120117188,165.5
2021-12-01,422.4001159667969,80.28064727783203,34.57221984863281,22.786087036132812,119.84184265136719,92.43921661376953,61.679344177246094,96.46990203857422,28.55750274658203,38.109779357910156,39.789119720458984,70.05815124511719,129.1978759765625,166.16000366210938
2021-12-02,428.8697204589844,81.01876068115234,35.603660583496094,23.448450088500977,120.42486572265625,95.18346405029297,62.33186340332031,97.84429168701172,28.92157745361328,38.88751983642578,40.87806701660156,71.2380142211914,129.3590087890625,165.24000549316406
2021-12-03,425.137939453125,79.66316223144531,35.02346420288086,23.262819290161133,120.64697265625,95.07181549072266,63.10779571533203,95.94129180908203,29.211957931518555,38.80110549926758,40.67388916015625,71.07624053955078,130.90249633789062,166.6300048828125
2021-12-06,430.1729736328125,80.42057037353516,35.557621002197266,23.608766555786133,121.3317642211914,96.6811752319336,64.21881866455078,97.03694915771484,29.658367156982422,39.36962890625,41.260894775390625,72.24658966064453,129.1046142578125,166.22000122070312
2021-12-07,439.071044921875,83.22828674316406,36.19306945800781,24.161439895629883,122.89574432373047,97.66722869873047,64.35989379882812,99.3003158569336,29.879413604736328,39.970001220703125,41.99253463745117,72.98873901367188,128.06143188476562,166.80999755859375
2021-12-08,440.2336730957031,83.60940551757812,35.999671936035156,24.157215118408203,123.8211669921875,97.90910339355469,64.15711212158203,99.55021667480469,29.849071502685547,40.13829040527344,42.17119598388672,73.52156066894531,125.847900390625,166.89999389648438
2021-12-09,437.26141357421875,82.70726013183594,35.926002502441406,23.971586227416992,124.10804748535156,97.60212707519531,64.33345794677734,97.82503509521484,29.810068130493164,39.915428161621094,41.635231018066406,72.941162109375,126.5518569946289,165.8800048828125
2021-12-10,441.3775329589844,84.36682891845703,35.96282958984375,24.14878273010254,124.54295349121094,98.00214385986328,65.41803741455078,98.50743865966797,29.97042465209961,40.16103744506836,41.8479118347168,72.97923278808594,126.24640655517578,166.5800018310547
2021-12-13,437.4676818847656,83.11250305175781,35.576045989990234,23.477975845336914,125.71826171875,96.98817443847656,66.27334594726562,95.97014617919922,30.33882713317871,39.91997146606445,42.40939712524414,72.5986328125,128.1122589111328,167.0
2021-12-14,434.4579162597656,81.74723052978516,35.7878532409668,23.380945205688477,125.20926666259766,96.06719970703125,66.31742095947266,95.41270446777344,30.156801223754883,39.879051208496094,41.94149398803711,72.40833282470703,127.80697631835938,165.44000244140625
2021-12-15,441.2463684082031,83.913330078125,35.88916015625,23.26703643798828,127.772705078125,96.90442657470703,66.9875717163086,96.6236801147461,30.65089225769043,39.9654541015625,42.56253433227539,73.16951751708984,126.57725524902344,166.14999389648438
2021-12-16,437.3551940917969,81.53495788574219,36.34042739868164,23.414701461791992,128.53152465820312,96.95094299316406,67.46371459960938,94.49005889892578,30.806913375854492,40.37479019165039,42.72417068481445,73.06484985351562,126.62652587890625,168.16000366210938
2021-12-17,432.700439453125,80.98983001708984,35.5391960144043,22.937969207763672,127.6338882446289,95.29509735107422,66.30858612060547,93.84609985351562,30.34316062927246,39.86995315551758,42.57954406738281,72.76988983154297,128.0614013671875,167.8000030517578
2021-12-20,428.09930419921875,80.02654266357422,34.84888458251953,22.653779983520508,126.8609848022461,93.76840209960938,66.32813262939453,92.33108520507812,30.371992111206055,39.157737731933594,42.300682067871094,72.2616958618164,127.10193634033203,167.08999633789062
2021-12-21,435.7019958496094,82.05172729492188,35.570655822753906,23.299076080322266,127.39051818847656,95.63592529296875,66.2393569946289,94.72298431396484,30.328311920166016,39.65143585205078,42.54094314575195,73.63468170166016,126.61801147460938,167.02000427246094
2021-12-22,440.0584411621094,83.12474060058594,35.73722839355469,23.448646545410156,128.8768768310547,95.90670776367188,66.65660858154297,96.45073699951172,30.45936393737793,39.966854095458984,42.96137619018555,73.81583404541016,127.2038803100586,168.58999633789062
2021-12-23,442.7966003417969,83.58876037597656,35.92230224609375,23.46147346496582,129.40638732910156,97.03654479980469,66.80754852294922,97.78865051269531,30.454988479614258,40.36912536621094,42.832664489746094,74.47368621826172,126.10003662109375,168.97000122070312
2021-12-27,449.0630187988281,85.38192749023438,36.292442321777344,23.974281311035156,130.77194213867188,98.063720703125,67.51777648925781,98.74156951904297,30.603506088256836,40.97711181640625,43.707847595214844,75.19833374023438,126.40576934814453,169.3699951171875
2021-12-28,448.696044921875,84.93727111816406,36.310943603515625,23.957197189331055,130.42828369140625,98.55860137939453,67.89957427978516,98.7848892211914,30.878705978393555,41.21481704711914,43.89661407470703,75.16018676757812,125.90481567382812,168.63999938964844
2021-12-29,449.2700500488281,85.009765625,36.264678955078125,23.803346633911133,131.17140197753906,98.73601531982422,68.21028137207031,98.98221588134766,31.044692993164062,41.38396072387695,44.16260528564453,74.78834533691406,124.52936553955078,168.58999633789062
2021-12-30,448.0280456542969,84.4490966796875,36.19990539550781,23.658050537109375,131.44082641601562,98.38117218017578,67.99720764160156,98.62606048583984,31.15827178955078,41.23767852783203,44.359947204589844,75.10296630859375,125.57367706298828,169.8000030517578
2021-12-31,446.8988952636719,84.03824615478516,36.13512420654297,23.717878341674805,130.88348388671875,98.80138397216797,68.4588623046875,98.39024353027344,31.267471313476562,41.42052459716797,44.45433807373047,74.063720703125,125.81991577148438,170.9600067138672
2022-01-03,449.4864196777344,84.83576965332031,36.57929992675781,24.452917098999023,129.5364532470703,97.989013671875,68.44998931884766,101.21527099609375,30.957338333129883,40.8811149597168,44.04248809814453,74.5785903930664,122.51715850830078,168.3300018310547
2022-01-04,449.3359069824219,83.93673706054688,37.54166793823242,25.299070358276367,127.82711791992188,99.95924377441406,68.91165161132812,100.5992660522461,30.86124038696289,41.38396072387695,43.870872497558594,74.41650390625,122.00772857666016,169.57000732421875
2022-01-05,440.7076721191406,81.355712890625,37.10674285888672,25.2947940826416,126.91667938232422,99.00679016113281,68.84951782226562,97.88490295410156,30.8437557220459,41.3793830871582,42.44655227661133,72.54773712158203,121.3454360961914,169.05999755859375
2022-01-06,440.2936706542969,80.94489288330078,37.652713775634766,25.8588924407959,125.4489517211914,99.4643325805664,68.66305541992188,97.6298599243164,30.52488136291504,40.858253479003906,42.4980354309082,72.87191009521484,121.65960693359375,166.99000549316406
2022-01-07,438.5529479980469,80.2005386352539,38.09688186645508,26.21359634399414,124.80793762207031,99.43632507324219,68.73410034179688,96.00314331054688,30.756393432617188,40.821685791015625,42.27494430541992,72.88143920898438,120.78504180908203,167.75
2022-01-10,438.0072937011719,80.21504974365234,37.96732711791992,26.132402420043945,126.08992767333984,98.31583404541016,68.19252014160156,95.41600036621094,30.55545997619629,40.405704498291016,42.026123046875,72.42378997802734,121.08222198486328,168.25999450683594
2022-01-11,441.9967346191406,81.1768569946289,38.30045700073242,27.021284103393555,127.09320831298828,98.90408325195312,68.11260986328125,96.3352279663086,30.280258178710938,40.849124908447266,41.95748519897461,73.3295669555664,121.88884735107422,170.2899932861328
2022-01-12,443.1916809082031,81.5587158203125,38.32821273803711,27.072568893432617,126.7309341430664,99.22157287597656,68.1392593383789,96.97052764892578,30.376361846923828,41.260536193847656,42.06902313232422,73.4249267578125,121.421875,170.74000549316406
2022-01-13,437.08514404296875,79.44652557373047,38.18016052246094,26.935815811157227,124.76150512695312,99.43632507324219,68.26356506347656,95.02137756347656,30.52488136291504,40.94054412841797,41.923160552978516,72.66215515136719,122.50013732910156,170.16000366210938
2022-01-14,437.26397705078125,80.11836242675781,37.782257080078125,27.56829071044922,124.54780578613281,98.83873748779297,68.3878402709961,94.57859802246094,30.31521224975586,40.593116760253906,41.434078216552734,72.99584197998047,120.64924621582031,169.6699981689453
2022-01-18,429.5201721191406,78.19469451904297,36.940189361572266,27.679405212402344,122.80136108398438,97.69952392578125,67.40238189697266,92.78828430175781,29.95264434814453,40.05828094482422,41.15092849731445,72.109130859375,118.95116424560547,169.38999938964844
2022-01-19,425.06024169921875,77.1023178100586,36.32019805908203,27.47854995727539,122.2996826171875,96.60704803466797,67.82852172851562,91.11349487304688,30.088058471679688,39.95771026611328,40.61896514892578,71.9852066040039,119.77471923828125,172.0800018310547
2022-01-20,420.3556213378906,76.10665893554688,36.08885192871094,27.22641372680664,121.50079345703125,95.37446594238281,67.38462829589844,89.45310974121094,30.127378463745117,39.37715148925781,40.25858688354492,71.27013397216797,120.51336669921875,171.64999389648438
2022-01-21,412.1037292480469,74.59381103515625,35.34857177734375,26.687955856323242,120.2745361328125,94.4967269897461,67.43789672851562,86.8302001953125,30.070589065551758,38.41718292236328,40.232852935791016,68.85790252685547,121.94832611083984,171.08999633789062
2022-01-24,413.85382080078125,74.98046875,35.45036697387695,26.86743927001953,119.87506866455078,95.03831481933594,67.21593475341797,87.87454986572266,29.782289505004883,38.440032958984375,40.31865692138672,69.36322784423828,120.9463882446289,172.02999877929688
2022-01-25,408.8010559082031,73.24527740478516,35.59842300415039,27.910175323486328,119.10404205322266,94.10455322265625,66.47018432617188,86.3874282836914,29.31489372253418,38.092628479003906,40.20710372924805,67.9426040649414,120.75110626220703,172.5800018310547
2022-01-26,407.7755432128906,73.67544555664062,35.69095993041992,27.8631649017334,118.48160552978516,93.28285217285156,65.96412658691406,85.96874237060547,29.07464027404785,37.694923400878906,39.537841796875,66.95101928710938,119.29071807861328,169.7899932861328
2022-01-27,405.7618713378906,73.1679458618164,35.36708068847656,28.166582107543945,118.78817749023438,92.4518051147461,66.40802764892578,83.88487243652344,29.332366943359375,37.82291793823242,38.825687408447266,67.02727508544922,121.48133087158203,167.60000610351562
2022-01-28,415.8392333984375,76.36766052246094,35.82975769042969,28.046924591064453,121.21280670166016,93.0960922241211,67.18931579589844,85.71367645263672,29.686189651489258,38.042335510253906,40.17278289794922,68.94371032714844,121.52375030517578,167.10000610351562
2022-01-31,423.328857421875,78.28651428222656,36.144378662109375,28.170860290527344,121.90953826904297,94.06719970703125,67.44677734375,89.01036071777344,30.24968147277832,38.6046142578125,40.61896514892578,70.50735473632812,120.8953857421875,168.08999633789062
2022-02-01,426.1893310546875,78.4895248413086,36.644065856933594,29.175128936767578,122.23468780517578,95.36515045166016,67.38462829589844,89.54936981201172,29.847810745239258,39.198883056640625,40.344390869140625,71.1175537109375,120.494140625,168.22999572753906
2022-02-02,430.329345703125,79.12751770019531,36.893917083740234,29.269140243530273,123.87897491455078,96.0280990600586,68.19252014160156,89.01517486572266,30.288997650146484,39.322296142578125,41.039398193359375,72.5382080078125,120.90227508544922,168.83999633789062
2022-02-03,420.2144775390625,76.8316650390625,36.48675537109375,28.991361618041992,123.34944152832031,94.4967269897461,68.21028137207031,86.29120635986328,30.15358543395996,38.63661193847656,40.61896514892578,67.6851577758789,119.9585189819336,168.60000610351562
2022-02-04,422.1903991699219,77.1410140991211,37.10674285888672,29.44436264038086,122.90355682373047,93.47894287109375,67.375732421875,88.74563598632812,29.913333892822266,37.99662780761719,40.06123733520508,67.85678100585938,118.19005584716797,168.86000061035156
2022-02-07,420.8354187011719,76.62865447998047,37.21780014038086,29.82042694091797,122.68986511230469,93.55363464355469,67.50003051757812,88.5627670288086,29.869647979736328,37.8092041015625,40.069828033447266,66.67449951171875,118.26656341552734,170.11000061035156
2022-02-08,424.2980041503906,77.57599639892578,37.735992431640625,29.179399490356445,123.69316101074219,94.4874038696289,67.75750732421875,89.80924987792969,29.89149284362793,38.394325256347656,39.709449768066406,66.64590454101562,117.47587585449219,170.6300048828125
2022-02-09,430.5080871582031,79.29669189453125,37.976585388183594,29.422988891601562,124.64997863769531,95.78532409667969,67.7752685546875,90.99798583984375,30.022541046142578,39.23086929321289,40.67044448852539,68.52420043945312,117.69691467285156,171.2100067138672
2022-02-10,422.7738342285156,77.22318267822266,37.643463134765625,29.239229202270508,122.69914245605469,94.21660614013672,67.0472412109375,89.4290542602539,29.262474060058594,39.0023078918457,39.51210403442383,67.5421371459961,115.82643127441406,170.55999755859375
2022-02-11,414.4372253417969,74.86447143554688,37.11600112915039,30.089651107788086,120.99913787841797,92.77861785888672,66.80754852294922,86.85908508300781,29.279949188232422,38.398895263671875,38.97154235839844,66.0833740234375,117.54383087158203,173.80999755859375
2022-02-14,413.0822448730469,74.84029388427734,36.699588775634766,29.38025665283203,119.76360321044922,92.4331283569336,66.62112426757812,87.35477447509766,29.030960083007812,38.0834846496582,38.55111312866211,66.09290313720703,116.08145904541016,174.74000549316406
2022-02-15,419.7439270019531,76.80748748779297,37.19928741455078,29.072561264038086,121.1106185913086,93.8244400024414,66.73652648925781,89.30874633789062,28.89554786682129,38.78288650512695,38.7398796081543,67.01776123046875,114.76361083984375,173.0800018310547
2022-02-16,420.2144775390625,76.73014068603516,37.227046966552734,29.307607650756836,121.29640197753906,94.31932067871094,66.86080932617188,89.5638198852539,28.9610652923584,39.066307067871094,38.84284591674805,66.5505599975586,115.44379425048828,174.86000061035156
2022-02-17,411.23809814453125,74.4343032836914,36.30168533325195,29.26059913635254,119.34555053710938,92.59186553955078,67.375732421875,87.16709899902344,28.978538513183594,38.398895263671875,38.508209228515625,64.77715301513672,116.30248260498047,177.25
2022-02-18,408.5753173828125,73.68028259277344,36.292442321777344,29.08111000061035,118.4537353515625,91.82616424560547,67.50003051757812,86.6280746459961,28.926122665405273,38.33490753173828,38.336612701416016,64.2718276977539,117.52690124511719,177.1199951171875
2022-02-22,404.1906433105469,72.99878692626953,36.10736083984375,28.611024856567383,118.1564712524414,90.93909454345703,66.97622680664062,84.10140991210938,28.89554786682129,37.790916442871094,38.233642578125,63.61394119262695,117.83293914794922,177.49000549316406
2022-02-23,397.02081298828125,71.1717529296875,35.478126525878906,28.905895233154297,117.56192016601562,89.26766204833984,66.43468475341797,81.29082489013672,28.40631103515625,37.306365966796875,37.735984802246094,62.546077728271484,116.208984375,178.2899932861328
2022-02-24,402.9956359863281,73.60295104980469,35.052467346191406,28.679401397705078,118.03569030761719,90.4068603515625,65.28939819335938,83.14850616455078,28.63346290588379,37.1966438293457,38.38809585571289,64.30043029785156,116.28551483154297,177.13999938964844
2022-02-25,411.8872985839844,74.60346984863281,36.181392669677734,29.435808181762695,121.64939880371094,92.5638427734375,67.39349365234375,84.79441833496094,29.52019691467285,38.554317474365234,39.349082946777344,65.33968353271484,116.3705825805664,176.5500030517578
2022-02-28,410.8334655761719,74.4681396484375,35.644683837890625,30.162302017211914,120.72974395751953,93.27351379394531,66.49681854248047,85.39122009277344,29.673084259033203,38.115474700927734,38.671241760253906,65.2634048461914,118.9212417602539,178.3800048828125
2022-03-01,404.576416015625,72.97944641113281,34.3306770324707,30.465721130371094,120.06088256835938,91.88220977783203,66.10618591308594,84.09661102294922,29.415353775024414,37.23778533935547,38.59401321411133,64.44344329833984,120.29617309570312,181.6199951171875
2022-03-02,412.0190124511719,74.55996704101562,35.21901321411133,31.162296295166016,121.87237548828125,93.84310150146484,66.80754852294922,85.86288452148438,29.7735538482666,38.05604553222656,39.28044128417969,64.99644470214844,116.18412017822266,179.72999572753906
2022-03-03,409.9678955078125,73.67060852050781,35.10798645019531,31.247772216796875,122.49478912353516,93.9458236694336,67.34912109375,83.91854095458984,30.297740936279297,38.10176467895508,39.709449768066406,64.3194808959961,117.36748504638672,180.8000030517578
2022-03-04,406.636962890625,72.3801040649414,34.45098114013672,32.149478912353516,123.10792541503906,93.74038696289062,67.35797882080078,82.58543395996094,30.9660701751709,37.969200134277344,40.0440788269043,63.39466094970703,119.39374542236328,183.67999267578125
2022-03-07,394.64971923828125,69.73139190673828,33.1924934387207,32.623836517333984,120.96199035644531,91.22856140136719,66.13280487060547,78.53797912597656,31.367942810058594,36.65266418457031,39.31476593017578,61.28752517700195,118.48278045654297,186.41000366210938
2022-03-08,391.65753173828125,69.39305114746094,32.9981689453125,33.136653900146484,118.49090576171875,90.66831970214844,64.34833526611328,78.70160675048828,30.883073806762695,36.46523666381836,38.96297073364258,61.13498306274414,117.29090881347656,191.50999450683594
2022-03-09,402.1582336425781,72.13844299316406,34.210384368896484,32.12384033203125,120.72974395751953,92.31172943115234,64.7833480834961,81.23307037353516,30.66465950012207,37.5943489074707,39.61506271362305,62.965606689453125,116.14155578613281,185.82000732421875
2022-03-10,400.34228515625,70.87691497802734,33.92353057861328,33.10674285888672,120.68328094482422,92.19034576416016,64.1707534790039,81.81060791015625,30.869962692260742,37.694923400878906,39.75235366821289,62.498416900634766,114.472900390625,186.39999389648438
2022-03-11,395.2519226074219,69.62989044189453,33.68293380737305,32.84177780151367,119.78217315673828,91.45265197753906,63.42500305175781,80.23684692382812,30.76513671875,37.41606903076172,39.3576545715332,61.37334442138672,114.85602569580078,185.08999633789062
2022-03-14,392.3632507324219,68.3393783569336,34.10860061645508,31.85888671875,120.62754821777344,91.76081085205078,63.762351989746094,78.89892578125,30.730182647705078,37.361209869384766,39.11741256713867,60.65825653076172,112.17426300048828,182.3000030517578
2022-03-15,400.99151611328125,70.6352310180664,34.589786529541016,30.69222068786621,123.03359985351562,93.21747589111328,65.19173431396484,81.54109191894531,31.123319625854492,37.790916442871094,39.42629623413086,61.821468353271484,111.97843933105469,178.88999938964844
2022-03-16,409.8831787109375,72.93109130859375,35.5614128112793,30.55119514465332,124.51065826416016,94.45004272460938,65.26275634765625,84.32282257080078,31.066539764404297,38.385189056396484,39.8638916015625,63.528141021728516,113.07672119140625,180.00999450683594
2022-03-17,415.01123046875,73.44828796386719,36.005577087402344,31.60246467590332,126.48009490966797,95.6639404296875,65.71554565429688,85.72809600830078,31.197582244873047,39.12116622924805,40.4301872253418,64.214599609375,112.23387145996094,180.88999938964844
2022-03-18,419.5567626953125,74.95145416259766,36.08885192871094,31.572559356689453,127.26044464111328,96.0280990600586,65.86647033691406,87.53286743164062,30.93111801147461,39.35887145996094,40.524574279785156,65.05365753173828,113.60453796386719,179.3000030517578
2022-03-21,419.43402099609375,74.80912780761719,36.05356216430664,32.84529113769531,127.16356658935547,96.24451446533203,65.95118713378906,86.79974365234375,31.137788772583008,39.686031341552734,40.31660461425781,64.44476318359375,110.97388458251953,180.6699981689453
2022-03-22,424.342041015625,75.88412475585938,36.63881301879883,32.60368728637695,127.19149017333984,96.7691650390625,66.44169616699219,88.95428466796875,31.18177604675293,39.90169906616211,40.34249496459961,65.6491470336914,109.55207824707031,179.36000061035156
2022-03-23,418.8771667480469,74.71710205078125,35.96065902709961,33.16455841064453,124.90837097167969,95.84166717529297,65.90660858154297,87.8504867553711,31.22574234008789,39.71814727783203,39.8851318359375,64.75061798095703,111.95291900634766,181.80999755859375
2022-03-24,425.19146728515625,76.65887451171875,36.2486457824707,33.24653244018555,126.3993911743164,96.57242584228516,66.3703384399414,88.5349349975586,31.5467529296875,40.51655578613281,40.19580078125,65.8116683959961,111.07600402832031,183.1300048828125
2022-03-25,427.2679443359375,76.61529541015625,36.713130950927734,33.97566223144531,126.98645782470703,97.17201232910156,66.92330169677734,88.38069915771484,32.00407791137695,40.9708251953125,40.670413970947266,66.12709045410156,109.5350570678711,182.3800048828125
2022-03-28,430.3070983886719,77.5256576538086,36.61094665527344,33.134361267089844,127.90898132324219,97.20013427734375,67.19976806640625,90.73770904541016,32.21075439453125,40.78727722167969,41.18818283081055,66.33739471435547,110.47151184082031,179.05999755859375
2022-03-29,435.63037109375,79.17203521728516,36.694549560546875,33.048072814941406,128.66384887695312,98.09950256347656,67.79729461669922,92.3187026977539,32.50977325439453,41.13140869140625,42.39629364013672,67.49398803710938,111.30586242675781,179.13999938964844
2022-03-30,432.9404296875,78.11641693115234,36.43444061279297,33.43204879760742,128.91542053222656,97.98710632324219,67.84188079833984,90.91605377197266,32.778018951416016,40.993751525878906,42.16330337524414,67.01605987548828,112.17426300048828,180.5800018310547
2022-03-31,426.27691650390625,76.95909881591797,35.59836196899414,32.979042053222656,127.65743255615234,96.47872924804688,67.68135833740234,89.17120361328125,32.742835998535156,40.44772720336914,41.69730758666992,65.74475860595703,112.4466781616211,180.64999389648438
2022-04-01,427.4850769042969,76.73150634765625,35.50546646118164,33.24653244018555,128.66384887695312,95.72924041748047,68.35914611816406,89.28206634521484,33.200164794921875,40.874454498291016,42.525733947753906,66.23224639892578,112.87474060058594,179.5
2022-04-04,431.1470947265625,78.18904113769531,35.347537994384766,33.289676666259766,127.59217834472656,95.60743713378906,68.14509582519531,91.28720092773438,32.94511795043945,40.88363265991211,42.39629364013672,68.05794525146484,112.09027862548828,180.3699951171875
2022-04-05,425.701171875,76.54266357421875,35.12458801269531,32.767635345458984,127.8624267578125,94.2490005493164,68.20755004882812,89.14710998535156,33.15179443359375,40.55785369873047,42.43081283569336,67.18812561035156,109.55789947509766,179.24000549316406
2022-04-06,421.44439697265625,74.73163604736328,34.88304901123047,32.9617805480957,129.81005859375,93.5182113647461,69.07261657714844,86.87202453613281,33.8114013671875,40.08982849121094,43.06075668334961,65.9359130859375,108.67112731933594,179.66000366210938
2022-04-07,423.56805419921875,74.84784698486328,34.845882415771484,33.393218994140625,132.30746459960938,93.8367691040039,69.91094207763672,87.31546783447266,33.727848052978516,40.35136413574219,42.70695114135742,65.36239624023438,107.85257720947266,180.33999633789062
2022-04-08,422.4354553222656,73.80191040039062,35.19889831542969,34.31217956542969,133.0995330810547,93.31212615966797,70.20523834228516,86.51051330566406,33.84218215942383,40.599151611328125,42.86228561401367,65.07563781738281,106.6844482421875,181.47000122070312
2022-04-11,415.2150573730469,71.94246673583984,35.04096984863281,33.28104019165039,130.45301818847656,93.01232147216797,69.91986083984375,84.90544891357422,33.38044738769531,40.39725875854492,42.27548599243164,64.23445892333984,104.99614715576172,182.3699951171875
2022-04-12,413.6766052246094,71.62286376953125,34.66010284423828,33.833282470703125,129.18569946289062,92.86241912841797,69.93769073486328,85.09342193603516,33.50798416137695,40.406436920166016,42.14603805541992,63.708736419677734,104.85122680664062,183.77000427246094
2022-04-13,418.4146728515625,72.77531433105469,34.66010284423828,34.33806610107422,129.81935119628906,93.73372650146484,70.33008575439453,87.20943450927734,33.442020416259766,41.00293731689453,42.318634033203125,64.64546966552734,105.06437683105469,184.64999389648438
2022-04-14,413.2047119140625,71.00787353515625,34.26992416381836,34.45023727416992,129.19503784179688,93.63065338134766,70.31224822998047,85.98995971679688,33.45961380004883,40.86527633666992,42.07699966430664,63.546241760253906,102.95830535888672,184.0399932861328
2022-04-18,413.3745422363281,71.24030303955078,34.47429275512695,34.95501708984375,127.76922607421875,93.30274200439453,69.73257446289062,86.25022888183594,33.2793083190918,40.90199279785156,41.97345733642578,63.33596420288086,102.44674682617188,184.61000061035156
2022-04-19,420.04754638671875,72.57679748535156,34.948081970214844,34.6702766418457,128.989990234375,94.99848937988281,70.79386901855469,88.75184631347656,33.494789123535156,41.287418365478516,42.85365676879883,64.59769439697266,101.67931365966797,181.82000732421875
2022-04-20,419.73602294921875,72.50900268554688,35.18961715698242,34.80401611328125,130.72328186035156,95.51375579833984,71.85514068603516,87.60948944091797,33.76742935180664,41.54896926879883,43.66481018066406,61.79701232910156,103.72572326660156,182.7100067138672
2022-04-21,413.4594421386719,71.279052734375,34.63223648071289,33.69954299926758,129.2788848876953,94.5394058227539,71.79271697998047,86.76117706298828,33.208953857421875,40.869873046875,43.38005065917969,60.03820037841797,102.95830535888672,182.05999755859375
2022-04-22,402.1145324707031,69.28401184082031,33.6010627746582,32.87549591064453,124.56358337402344,92.2159652709961,70.66899871826172,84.74638366699219,32.65048599243164,39.341888427734375,42.6034049987793,58.61395263671875,102.31029510498047,180.2899932861328
2022-04-25,404.44580078125,70.32512664794922,33.65680694580078,31.788272857666016,125.40231323242188,92.2159652709961,70.98114013671875,85.35852813720703,32.42622756958008,39.23176574707031,42.404930114746094,59.41688537597656,103.3334732055664,177.0500030517578
2022-04-26,392.73272705078125,67.70541381835938,32.81142044067383,31.831418991088867,123.19371795654297,90.20169830322266,69.88418579101562,81.03976440429688,32.10081100463867,38.6260871887207,41.74045944213867,57.46691131591797,104.37371826171875,177.32000732421875
2022-04-27,393.8370056152344,68.70779418945312,32.783565521240234,32.29737091064453,122.92346954345703,90.53897094726562,70.14281463623047,81.04937744140625,31.94692039489746,39.19506072998047,41.49020767211914,56.18604278564453,103.03507232666016,175.97999572753906
2022-04-28,403.78515625,71.45822143554688,33.201602935791016,33.276729583740234,124.61946868896484,91.56018829345703,71.17733764648438,82.71231842041016,32.303096771240234,39.814510345458984,42.24958801269531,58.432342529296875,103.18854522705078,176.92999267578125
2022-04-29,388.8630065917969,68.48017120361328,32.05895233154297,32.422481536865234,121.41383361816406,89.13368225097656,69.24207305908203,78.50920867919922,31.335678100585938,39.016109466552734,40.213050842285156,56.453697204589844,101.84988403320312,176.91000366210938
2022-05-02,391.20367431640625,69.52127838134766,32.0682487487793,32.94020462036133,120.65904235839844,89.321044921875,68.33238220214844,79.6563720703125,31.01466941833496,38.89680862426758,39.168888092041016,58.011756896972656,100.08442687988281,173.6300048828125
2022-05-03,392.9970397949219,69.642333984375,32.486289978027344,33.863487243652344,121.0411148071289,89.91128540039062,68.13617706298828,79.4587631225586,31.13339614868164,39.33271408081055,39.64351272583008,58.164703369140625,100.7591781616211,174.08999633789062
2022-05-04,404.96490478515625,72.08769989013672,33.48029327392578,35.269962310791016,123.72489166259766,92.51578521728516,69.67015075683594,81.79167938232422,31.82818031311035,40.60831832885742,40.10950469970703,60.16245651245117,101.31436920166016,175.8000030517578
2022-05-05,390.5712890625,68.62060546875,32.50486755371094,34.73929977416992,121.32067108154297,90.0986557006836,68.35023498535156,77.2077865600586,31.502782821655273,39.35108184814453,39.08259582519531,57.9448356628418,98.53849029541016,175.1300048828125
2022-05-06,388.2400207519531,68.0685806274414,32.272621154785156,35.77475357055664,120.9385986328125,89.48967742919922,68.42156982421875,76.22933197021484,31.753427505493164,38.786678314208984,38.68564987182617,56.75000762939453,97.08650970458984,175.4199981689453
2022-05-09,375.8096618652344,65.43437194824219,31.501571655273438,32.81510543823242,117.80751037597656,87.32552337646484,68.39482116699219,72.98060607910156,31.51597023010254,37.56155014038086,36.882102966308594,55.27797317504883,97.94058990478516,172.8800048828125
2022-05-10,376.677978515625,66.43187713623047,31.222883224487305,33.1127815246582,118.22685241699219,86.7540283203125,67.9221420288086,72.76370239257812,31.13339614868164,37.32754135131836,36.06230926513672,55.526493072509766,98.82890319824219,171.4199981689453
2022-05-11,370.6940002441406,64.33515167236328,30.934894561767578,33.557159423828125,117.44406127929688,85.96707916259766,67.62784576416016,70.15604400634766,31.357666015625,37.34590148925781,36.01053237915039,54.5228271484375,100.73353576660156,172.82000732421875
2022-05-12,370.3070373535156,63.6717643737793,30.702655792236328,33.69954299926758,118.58094024658203,86.12635040283203,67.6100082397461,70.6380615234375,31.041057586669922,37.277069091796875,36.27804183959961,55.115474700927734,100.54564666748047,170.1699981689453
2022-05-13,379.16021728515625,65.78784942626953,31.148557662963867,34.85147476196289,119.8389892578125,87.22246551513672,68.626708984375,73.41923522949219,31.41043472290039,37.85062789916992,37.18413162231445,56.40589141845703,99.05951690673828,168.7899932861328
2022-05-16,377.62188720703125,65.20677947998047,30.888452529907227,35.77043151855469,120.7242660522461,87.10066986083984,68.93883514404297,71.83342742919922,31.507179260253906,37.78179931640625,36.882102966308594,56.042659759521484,98.95700073242188,170.39999389648438
2022-05-17,385.38958740234375,67.09527587890625,31.715240478515625,36.184627532958984,122.38301849365234,89.07745361328125,68.46617126464844,73.64575958251953,31.832582473754883,38.85092544555664,37.279056549072266,57.26618194580078,97.76124572753906,169.3300018310547
2022-05-18,369.8539733886719,64.02525329589844,30.841999053955078,35.25703048706055,119.22395324707031,85.76094055175781,64.06050872802734,68.83052825927734,31.52477264404297,37.64413833618164,36.191749572753906,55.39267349243164,99.8452377319336,169.4199981689453
2022-05-19,367.5887451171875,63.323097229003906,30.63762664794922,35.12759780883789,119.48487854003906,84.99270629882812,62.918968200683594,68.87872314453125,31.458810806274414,37.910282135009766,36.12271499633789,55.31621170043945,100.08442687988281,171.91000366210938
2022-05-20,367.74920654296875,63.463539123535156,30.581890106201172,35.27859115600586,120.9385986328125,84.07459259033203,63.052738189697266,67.67854309082031,31.5467529296875,37.81850051879883,36.54555892944336,55.4595832824707,101.22039031982422,172.02999877929688
2022-05-23,374.6298522949219,64.92106628417969,31.575889587402344,36.210506439208984,122.00093841552734,85.45179748535156,64.35481262207031,68.18463897705078,31.924924850463867,38.51137161254883,37.02017593383789,56.29119110107422,99.55489349365234,172.8300018310547
2022-05-24,371.77001953125,63.95744323730469,31.510866165161133,36.34856414794922,122.3643569946289,85.40493774414062,65.40717315673828,66.43014526367188,32.56254959106445,38.291114807128906,37.45164108276367,54.29342269897461,101.51931762695312,174.1300048828125
2022-05-25,375.0545654296875,64.70315551757812,31.761690139770508,37.09925842285156,122.32709503173828,85.90148162841797,65.42501068115234,68.30512237548828,32.54056167602539,38.460906982421875,37.658748626708984,55.01988220214844,101.9207763671875,173.0800018310547
2022-05-26,382.54864501953125,66.25756072998047,32.49557876586914,37.50912857055664,122.84894561767578,87.64405822753906,66.12063598632812,71.65509033203125,32.632904052734375,39.16752624511719,37.615604400634766,56.35810089111328,101.45955657958984,172.75999450683594
2022-05-27,391.93994140625,68.49955749511719,33.04367446899414,38.195106506347656,124.88975524902344,89.44287872314453,66.88763427734375,74.1133041381836,33.143001556396484,40.08523941040039,38.67701721191406,57.56249237060547,101.7072525024414,172.85000610351562
2022-05-31,389.74078369140625,68.01049041748047,32.950782775878906,37.621299743652344,123.22169494628906,88.72145080566406,66.41496276855469,74.4892807006836,32.6856689453125,39.4749641418457,38.15925216674805,57.52426528930664,99.55489349365234,171.13999938964844
2022-06-01,386.58831787109375,67.80708312988281,32.4212646484375,38.23394775390625,121.45114135742188,88.17807006835938,65.54986572265625,73.71326446533203,32.632904052734375,39.080352783203125,37.74504470825195,56.86471939086914,99.44108581542969,172.22999572753906
2022-06-02,393.9503173828125,69.44863891601562,32.86717987060547,38.113136291503906,122.41094207763672,89.86444854736328,66.5041275024414,75.96904754638672,32.852779388427734,40.15864562988281,38.314579010009766,58.25072479248047,99.49241638183594,174.35000610351562
2022-06-03,387.48492431640625,67.78772735595703,32.39339065551758,38.617919921875,120.97588348388672,89.51780700683594,65.83524322509766,73.74697875976562,32.6944580078125,39.768619537353516,37.83134078979492,56.98897933959961,99.27849578857422,172.5800018310547
2022-06-06,388.66473388671875,67.79258728027344,32.486289978027344,38.57477569580078,120.9945297241211,89.89254760742188,65.86201477050781,74.48445892333984,32.83958053588867,40.14488983154297,37.719154357910156,57.275733947753906,97.44746398925781,171.82000732421875
2022-06-07,392.3929443359375,68.60123443603516,32.737117767333984,39.72671890258789,122.56936645507812,91.10111236572266,66.2098388671875,74.3012924194336,33.03746795654297,40.433963775634766,38.15925216674805,57.6867561340332,98.4999008178711,172.94000244140625
2022-06-08,388.12677001953125,67.82648468017578,32.16115188598633,39.81300735473633,121.6002426147461,89.45223236083984,65.39826965332031,73.86267852783203,32.39104461669922,39.59426498413086,37.24454116821289,57.53382110595703,97.62714385986328,172.77999877929688
2022-06-09,378.8960266113281,66.01544189453125,31.352937698364258,38.932865142822266,118.8511962890625,87.69091033935547,64.41722869873047,72.52751922607422,31.612712860107422,38.658203125,36.39023208618164,55.76546096801758,97.95230102539062,172.22999572753906
2022-06-10,367.90966796875,63.478057861328125,30.219587326049805,38.272769927978516,116.94085693359375,85.10514068603516,64.14077758789062,69.63546752929688,31.370859146118164,37.4743766784668,35.527278900146484,54.2073974609375,97.34479522705078,174.5399932861328
2022-06-13,353.9407958984375,60.66466522216797,29.318483352661133,36.27521514892578,113.3997573852539,82.54749298095703,62.7584342956543,66.42049407958984,29.92851448059082,36.010643005371094,33.81865310668945,51.64565658569336,94.2901840209961,169.92999267578125
2022-06-14,352.8742370605469,61.047210693359375,29.067657470703125,36.3442497253418,112.3187484741211,82.34138488769531,62.01819610595703,66.36746978759766,29.172168731689453,35.73531723022461,33.57704162597656,51.50228500366211,93.10086059570312,168.57000732421875
2022-06-15,357.905029296875,62.33527374267578,29.392803192138672,35.541778564453125,113.45564270019531,83.1377182006836,62.08063888549805,68.23284149169922,29.361257553100586,35.72614288330078,34.34504699707031,52.65888595581055,94.8377685546875,170.77000427246094
2022-06-16,346.05975341796875,59.797889709472656,28.649620056152344,33.5399055480957,111.78759765625,80.36459350585938,61.60797119140625,64.89252471923828,28.793996810913086,34.4367790222168,33.52526092529297,50.737586975097656,95.59074401855469,172.69000244140625
2022-06-17,346.8058166503906,60.345069885253906,28.73322868347168,31.706296920776367,111.72235870361328,80.1584701538086,61.385005950927734,65.60108947753906,28.5257568359375,34.37711715698242,33.72373580932617,51.464046478271484,95.8988037109375,171.27000427246094
2022-06-21,355.5360412597656,61.880680084228516,29.30666160583496,33.348876953125,114.73006439208984,81.62076568603516,63.02302932739258,67.47753143310547,29.06874656677246,34.896907806396484,34.3517951965332,51.82815933227539,94.27310180664062,170.6300048828125
2022-06-22,354.8914794921875,61.6185188293457,29.241283416748047,32.01387405395508,116.32093048095703,81.16909790039062,62.978092193603516,67.3470687866211,29.37459373474121,34.44873809814453,34.90852737426758,51.91439437866211,96.86565399169922,171.30999755859375
2022-06-23,358.37042236328125,62.54096603393555,29.129213333129883,30.827199935913086,118.93183898925781,80.75505828857422,64.20010375976562,68.40511322021484,30.066072463989258,33.97747039794922,35.59572982788086,52.55638122558594,97.6613540649414,170.25999450683594
2022-06-24,369.7643737792969,64.78877258300781,30.203229904174805,31.232942581176758,120.90638732910156,83.5780258178711,65.45804595947266,71.01396179199219,30.58911895751953,35.32658386230469,36.36993408203125,54.558982849121094,96.3094711303711,170.08999633789062
2022-06-27,368.3519592285156,64.35186004638672,30.100496292114258,32.14911651611328,121.35555267333984,83.38040924072266,65.27833557128906,70.26997375488281,30.837339401245117,35.035518646240234,36.239444732666016,54.041561126708984,95.48809051513672,169.89999389648438
2022-06-28,360.82550048828125,62.4244384765625,29.8016414642334,33.017303466796875,119.24064636230469,82.41119384765625,64.40675354003906,67.46302795410156,30.722091674804688,34.6612663269043,35.74360275268555,52.47013854980469,95.93299102783203,169.6199951171875
2022-06-29,360.5315856933594,62.550655364990234,29.63353729248047,31.869905471801758,120.27938842773438,81.93128967285156,64.81109619140625,67.40986633300781,30.7442569732666,34.41178512573242,35.51744079589844,52.63303756713867,97.43033599853516,169.49000549316406
2022-06-30,357.6025695800781,61.71562576293945,29.372037887573242,31.19803810119629,120.00801849365234,82.18536376953125,64.85603332519531,66.41947937011719,31.08555793762207,34.005191802978516,35.54353332519531,52.0006217956543,98.28599548339844,168.4600067138672
2022-07-01,361.3847351074219,61.856422424316406,29.77362632751465,31.66485595703125,121.35555267333984,82.90049743652344,65.79049682617188,67.64177703857422,31.847963333129883,34.24545669555664,36.178558349609375,52.52763366699219,99.29507446289062,168.32000732421875
2022-07-05,362.0672607421875,62.63318634033203,29.670888900756836,30.40837860107422,120.6537094116211,81.65840911865234,65.36820220947266,69.1539535522461,30.76198959350586,33.55703353881836,36.03067398071289,53.74452590942383,100.0752182006836,164.75
2022-07-06,363.2900390625,63.17209243774414,29.596176147460938,29.88921546936035,121.46785736083984,82.12889862060547,65.556884765625,68.9268798828125,31.081132888793945,33.769561767578125,36.00457763671875,53.754112243652344,98.39483642578125,162.13999938964844
2022-07-07,368.7311706542969,64.47805786132812,30.025781631469727,30.966812133789062,121.9825668334961,83.0981216430664,65.6197738647461,70.70477294921875,31.050107955932617,34.069881439208984,36.03067398071289,54.597312927246094,97.52897644042969,162.22999572753906
2022-07-08,368.4278564453125,64.50719451904297,29.960411071777344,30.95372200012207,122.3475341796875,82.72171783447266,65.50297546386719,70.71443939208984,30.948148727416992,33.737220764160156,35.865394592285156,54.33860778808594,96.44873809814453,162.3000030517578
2022-07-11,364.21905517578125,63.61874008178711,29.717586517333984,30.657058715820312,122.03870391845703,82.16654205322266,65.41311645507812,68.77711486816406,31.14318084716797,33.644813537597656,35.865394592285156,52.690528869628906,98.11195373535156,161.42999267578125
2022-07-12,360.9960632324219,62.74971389770508,29.53080177307129,30.05936050415039,120.48527526855469,81.9124755859375,65.22441864013672,68.36162567138672,30.992477416992188,33.58012771606445,35.63922119140625,52.661781311035156,98.6949234008789,160.8300018310547
2022-07-13,359.1003112792969,62.58465576171875,29.269306182861328,30.011377334594727,119.31551361083984,80.91503143310547,65.26935577392578,68.92207336425781,30.86393165588379,33.386077880859375,35.447853088378906,52.42223358154297,99.82659149169922,161.60000610351562
2022-07-14,358.22821044921875,63.15751647949219,28.70894432067871,29.444211959838867,118.96925354003906,80.4539566040039,65.3232650756836,68.86407470703125,30.86393165588379,32.77158737182617,35.09989547729492,51.761085510253906,99.01214599609375,159.3300018310547
2022-07-15,365.0722351074219,64.269287109375,29.68023109436035,29.92411994934082,121.84219360351562,81.7148666381836,65.53890228271484,69.97525024414062,30.921558380126953,33.28443145751953,35.665313720703125,53.09296417236328,99.56941223144531,159.00999450683594
2022-07-18,362.05780029296875,63.647884368896484,29.568159103393555,30.609067916870117,119.26873016357422,81.22555541992188,64.90093994140625,70.17816162109375,30.491600036621094,33.36297607421875,35.3173713684082,52.82466506958008,98.53202819824219,159.16000366210938
2022-07-19,371.8402404785156,65.58984375,30.45538902282715,31.551424026489258,121.29942321777344,84.12377166748047,65.58382415771484,72.32807159423828,30.686630249023438,34.37944412231445,36.29163360595703,54.70271301269531,98.00048828125,159.5399932861328
2022-07-20,374.2101135253906,66.61422729492188,30.567453384399414,31.856813430786133,120.1015853881836,84.77306365966797,65.14356994628906,73.51653289794922,30.27884292602539,34.43949890136719,36.10896301269531,55.603397369384766,98.25770568847656,158.0399932861328
2022-07-21,378.02069091796875,67.55121612548828,30.763578414916992,31.298377990722656,122.00128936767578,85.38470458984375,65.34125518798828,75.19778442382812,30.358619689941406,34.92924880981445,36.48301696777344,55.57465362548828,99.95520782470703,160.27000427246094
2022-07-22,374.513427734375,66.61906433105469,30.586143493652344,31.04098129272461,121.4959487915039,85.11180114746094,65.77252960205078,74.76298522949219,30.775287628173828,34.679744720458984,36.76137924194336,53.64870834350586,101.63557434082031,160.6699981689453
2022-07-25,374.9684143066406,66.19669342041016,30.782272338867188,32.17966079711914,122.1323013305664,85.51643371582031,66.09599304199219,74.12042999267578,31.16092300415039,34.82299041748047,36.7874755859375,53.46665573120117,100.64102172851562,160.22999572753906
2022-07-26,370.5321960449219,65.1237564086914,30.352659225463867,31.887359619140625,122.75929260253906,85.05535125732422,65.94324493408203,71.73382568359375,31.347087860107422,34.58734130859375,36.8570671081543,52.39348602294922,100.71822357177734,160.0399932861328
2022-07-27,380.153564453125,67.925048828125,30.819623947143555,32.60720443725586,123.52664184570312,86.37271881103516,66.39251708984375,74.44895935058594,31.373682022094727,35.003173828125,37.0571403503418,54.606895446777344,100.15233612060547,161.6699981689453
2022-07-28,384.9216003417969,68.95914459228516,31.04376220703125,32.79043960571289,124.31271362304688,88.17941284179688,67.45278930664062,75.7292251586914,32.49955368041992,35.62228775024414,38.422855377197266,53.984073638916016,100.94969177246094,163.63999938964844
2022-07-29,390.5333251953125,70.01751708984375,31.48271369934082,34.21269226074219,123.90095520019531,89.99551391601562,66.93163299560547,78.66661834716797,32.7787971496582,36.09817886352539,38.57073974609375,54.012821197509766,100.67533874511719,164.10000610351562
2022-08-01,389.37677001953125,69.86703491210938,31.221214294433594,33.505943298339844,122.98387145996094,90.08960723876953,67.76728057861328,79.05793762207031,32.81427001953125,35.807106018066406,38.22279357910156,53.93616485595703,103.0999526977539,165.02999877929688
2022-08-02,386.8079528808594,69.37181091308594,30.875659942626953,33.42741012573242,122.54403686523438,89.13922119140625,67.22815704345703,78.51683807373047,32.74776840209961,35.442108154296875,37.71825408935547,53.84992218017578,100.91839599609375,164.0500030517578
2022-08-03,392.8651428222656,71.21666717529297,31.34263038635254,32.46760177612305,123.66702270507812,89.97671508789062,67.66842651367188,80.42999267578125,32.95167541503906,35.479068756103516,37.87483215332031,55.14348220825195,102.5073471069336,164.4499969482422
2022-08-04,392.59979248046875,71.5419692993164,31.239891052246094,31.26348304748535,123.05874633789062,90.3060302734375,67.21916198730469,80.75852966308594,33.02259826660156,35.502166748046875,37.90962600708008,55.383026123046875,102.47296142578125,167.1699981689453
2022-08-05,391.9361572265625,71.37689208984375,31.464031219482422,31.882991790771484,123.011962890625,90.44718170166016,67.0664291381836,79.38163757324219,32.90291976928711,35.62690734863281,38.03141784667969,54.70271301269531,100.03376770019531,165.2899932861328
2022-08-08,391.481201171875,70.77003479003906,31.445350646972656,32.04877853393555,123.30204010009766,90.4189453125,67.03048706054688,79.7391357421875,32.95167541503906,35.825584411621094,38.30978012084961,55.01890563964844,101.64844512939453,166.69000244140625
2022-08-09,389.9266052246094,70.06119537353516,31.604124069213867,32.611572265625,122.92771911621094,90.08960723876953,66.93163299560547,78.46852111816406,33.31957244873047,35.6500129699707,38.61423110961914,54.48232650756836,101.25335693359375,167.1999969482422
2022-08-10,398.1166687011719,71.97404479980469,32.31391525268555,32.84715270996094,124.26592254638672,92.06565856933594,67.42583465576172,80.68122863769531,33.46585464477539,36.66184997558594,39.13616943359375,56.01542282104492,100.5920181274414,166.77999877929688
2022-08-11,398.1166687011719,71.69245147705078,32.69682312011719,33.97711181640625,123.46113586425781,92.55498504638672,67.26410675048828,80.27056121826172,33.46142578125,36.78660202026367,38.95348358154297,56.07291030883789,98.24727630615234,166.33999633789062
2022-08-12,404.8563537597656,73.11979675292969,33.210479736328125,34.2345085144043,125.04267120361328,93.94763946533203,67.84814453125,82.08712005615234,34.006622314453125,37.479637145996094,39.61460494995117,57.06943130493164,99.24359130859375,167.8699951171875
2022-08-15,406.524658203125,73.58102416992188,33.201141357421875,33.567012786865234,125.66963195800781,94.17346954345703,68.52203369140625,82.65235900878906,34.29030990600586,37.45654296875,39.788578033447266,57.2706413269043,99.15767669677734,165.7100067138672
2022-08-16,407.32098388671875,73.3819580078125,33.443965911865234,33.48847961425781,125.3327407836914,94.5969009399414,69.2947769165039,83.5654525756836,34.387821197509766,37.664459228515625,39.63200759887695,57.38562774658203,99.56996154785156,165.4199981689453
2022-08-17,404.4297790527344,72.85762786865234,33.27585220336914,33.7677001953125,124.60282897949219,93.8441390991211,69.09710693359375,82.6668701171875,34.330196380615234,37.14699172973633,39.518924713134766,56.274131774902344,98.53071594238281,164.35000610351562
2022-08-18,405.6051940917969,73.236328125,33.31321334838867,34.67515182495117,124.05071258544922,94.22052764892578,69.3307113647461,82.6427001953125,34.45874786376953,37.26248550415039,39.24925231933594,56.18789291381836,98.67675018310547,163.9199981689453
2022-08-19,400.1546630859375,71.90607452392578,32.65011978149414,34.66642761230469,124.38758850097656,93.00663757324219,69.10609436035156,80.93727111816406,34.441017150878906,36.57869338989258,38.86650085449219,55.277610778808594,97.08777618408203,162.72000122070312
2022-08-22,391.8224182128906,69.9010009765625,31.930997848510742,34.600982666015625,122.75929260253906,91.23761749267578,68.40522003173828,78.69074249267578,33.971160888671875,35.99652862548828,38.05750274658203,53.696617126464844,96.76142120361328,161.63999938964844
2022-08-23,390.87451171875,69.71650695800781,31.80023956298828,35.848731994628906,121.0467758178711,91.40696716308594,68.10871887207031,78.9129867553711,33.76726150512695,36.352291107177734,37.48338317871094,53.23668670654297,96.22894287109375,162.77000427246094
2022-08-24,392.1257629394531,69.76020050048828,31.96835708618164,36.289371490478516,121.19647979736328,91.70809173583984,68.27944946289062,79.25118255615234,33.87364196777344,36.43083190917969,37.77914047241211,53.55289077758789,95.52462005615234,163.25
2022-08-25,397.66156005859375,70.93994140625,32.46333694458008,36.56858825683594,122.53469848632812,93.11016082763672,68.59393310546875,80.19810485839844,34.08197784423828,37.25787353515625,38.361968994140625,54.597312927246094,96.85589599609375,163.75
2022-08-26,384.20111083984375,67.91049194335938,31.492053985595703,36.14103698730469,119.11900329589844,89.8825912475586,66.89570617675781,77.14476776123047,33.55893325805664,36.11666488647461,37.387691497802734,52.85340881347656,97.58596801757812,161.75999450683594
2022-08-29,381.6607666015625,67.0123291015625,31.267908096313477,36.68638229370117,118.2861099243164,89.47796630859375,66.78787994384766,76.7341079711914,33.660888671875,35.86254119873047,37.06583786010742,52.4413948059082,96.77860260009766,161.86000061035156
2022-08-30,377.470947265625,66.31321716308594,31.09980010986328,35.442996978759766,117.50004577636719,88.18882751464844,66.09599304199219,75.87899780273438,33.16887664794922,35.27576446533203,36.53520965576172,51.98146057128906,97.01909637451172,160.50999450683594
2022-08-31,374.5987854003906,65.66749572753906,30.866317749023438,35.12015914916992,116.75139617919922,87.44544982910156,65.6916732788086,75.1301498413086,32.95167541503906,34.84146499633789,36.404720306396484,52.10602569580078,96.09150695800781,159.27000427246094
2022-09-01,375.7741394042969,65.34709167480469,30.95970916748047,34.256324768066406,118.66981506347656,87.56777954101562,66.06006622314453,75.81619262695312,33.42594909667969,34.384056091308594,36.53520965576172,52.58512496948242,94.33222198486328,157.8699951171875
2022-09-02,371.81182861328125,64.49750518798828,30.716890335083008,34.88456344604492,116.96662139892578,86.72089385986328,65.19745635986328,75.12049102783203,33.066932678222656,34.351715087890625,35.908897399902344,51.58860778808594,94.86585998535156,159.25999450683594
2022-09-06,370.408935546875,64.07025146484375,30.642179489135742,34.56172561645508,117.07893371582031,86.86203002929688,64.82907104492188,74.96589660644531,33.15113830566406,34.24545669555664,36.28293991088867,50.94662857055664,92.51615905761719,158.3300018310547
2022-09-07,377.0633544921875,65.09465026855469,31.24922752380371,34.16035079956055,118.98799133300781,88.25469207763672,65.9971694946289,77.26554870605469,34.18836212158203,35.192604064941406,36.97883987426758,51.971885681152344,93.9793472290039,159.94000244140625
2022-09-08,379.52789306640625,65.31794738769531,31.80023956298828,34.308685302734375,121.05611419677734,88.5181655883789,65.82645416259766,77.98539733886719,34.16176223754883,35.534507751464844,37.08323669433594,51.84730911254883,93.0153579711914,158.97999572753906
2022-09-09,385.42401123046875,66.6093521118164,32.08976745605469,35.163787841796875,122.12294006347656,89.66616821289062,66.47339630126953,79.46375274658203,34.299171447753906,36.070457458496094,37.43988800048828,53.2941780090332,93.2219467163086,159.82000732421875
2022-09-12,389.5664367675781,67.67744445800781,32.35126495361328,35.80946350097656,122.93707275390625,90.20252990722656,66.73395538330078,80.48797607421875,34.627193450927734,36.40773391723633,37.7530517578125,53.572059631347656,92.4559097290039,160.6300048828125
2022-09-13,372.6269836425781,64.0848159790039,31.1464900970459,34.9063720703125,118.87568664550781,86.80558013916016,64.5055923461914,76.33797454833984,33.70520782470703,35.10943603515625,36.31773376464844,50.630428314208984,92.67108154296875,158.5399932861328
2022-09-14,374.0489196777344,64.31785583496094,31.0531063079834,35.892356872558594,118.94117736816406,86.63621520996094,64.47864532470703,77.31868743896484,33.98002624511719,34.679744720458984,35.87409210205078,50.71665954589844,92.98954772949219,157.92999267578125
2022-09-15,369.80224609375,62.83711242675781,31.155838012695312,34.96745681762695,119.6056137084961,85.73286437988281,63.93953323364258,76.92254638671875,33.13340377807617,34.22234344482422,35.091190338134766,50.49627685546875,92.92930603027344,154.97999572753906
2022-09-16,366.9811096191406,62.487545013427734,30.875659942626953,34.221431732177734,119.26873016357422,83.94498443603516,64.09225463867188,76.30415344238281,33.00930404663086,33.6817741394043,35.09989547729492,49.9597053527832,92.1546859741211,155.83999633789062
2022-09-19,369.8270263671875,62.997108459472656,31.22585105895996,34.24171829223633,118.62609100341797,85.08429718017578,64.51824951171875,77.38375854492188,33.451541900634766,34.239341735839844,35.03318786621094,50.24776840209961,92.3698501586914,155.9600067138672
2022-09-20,365.5819396972656,62.627220153808594,30.76581382751465,34.00355911254883,117.23555755615234,84.02534484863281,64.16553497314453,76.07176971435547,32.965110778808594,33.58884048461914,34.11149597167969,49.46998977661133,91.44889831542969,155.07000732421875
2022-09-21,359.20477294921875,61.64897918701172,30.12740135192871,33.505191802978516,115.29071807861328,82.90969848632812,63.92134094238281,74.27078247070312,32.514400482177734,32.85471725463867,33.611141204833984,48.26012420654297,92.98092651367188,155.7899932861328
2022-09-22,356.1875305175781,61.02115249633789,29.620424270629883,33.386112213134766,115.90142059326172,81.66165161132812,63.83091735839844,72.55695343017578,32.39836883544922,32.45977020263672,33.295135498046875,48.08729934692383,90.60540008544922,155.6999969482422
2022-09-23,350.21966552734375,60.22297668457031,29.151010513305664,31.083927154541016,115.30952453613281,80.12996673583984,62.745662689208984,70.88671112060547,32.02351760864258,31.79534149169922,32.88256072998047,47.15589141845703,90.97550201416016,153.00999450683594
2022-09-26,346.7550354003906,59.804420471191406,28.69097328186035,30.320940017700195,114.21025085449219,79.2884750366211,62.79087448120117,70.7269287109375,31.25148582458496,31.27958106994629,31.99597930908203,46.38772201538086,89.2369155883789,151.22999572753906
2022-09-27,345.8699035644531,59.882293701171875,28.568923950195312,30.660541534423828,113.86261749267578,79.02374267578125,61.70563888549805,70.94964599609375,30.724891662597656,31.349285125732422,31.57463836669922,46.138065338134766,86.88722229003906,151.5399932861328
2022-09-28,352.6753845214844,60.51498794555664,29.132230758666992,32.0189208984375,116.35238647460938,80.76343536376953,62.44721603393555,72.86679077148438,31.055124282836914,32.157752990722656,32.17153549194336,47.71281051635742,89.79637908935547,154.69000244140625
2022-09-29,345.3083190917969,58.9381217956543,28.766082763671875,32.0189208984375,115.37528991699219,79.36410522460938,61.41623306274414,70.34931945800781,29.810070037841797,31.683834075927734,31.27618408203125,46.55094909667969,89.33160400390625,154.66000366210938
2022-09-30,339.9686584472656,57.808998107910156,28.503210067749023,31.76311683654785,113.78746795654297,78.3240737915039,60.34907913208008,68.96468353271484,29.23439598083496,31.60018539428711,31.609745025634766,45.98443603515625,88.17825317382812,154.6699981689453
2022-10-03,348.9441833496094,59.60002136230469,29.27305793762207,33.55811309814453,116.12690734863281,80.68778991699219,61.389095306396484,69.032470703125,30.09120750427246,32.62704086303711,32.197872161865234,47.271114349365234,89.57936096191406,158.42999267578125
2022-10-04,359.7568664550781,61.60031509399414,30.362110137939453,35.00028610229492,118.82337951660156,83.49588775634766,62.32060241699219,71.44344329833984,30.729354858398438,33.8258171081543,32.70699691772461,48.72103500366211,89.32916259765625,160.6999969482422
2022-10-05,358.9192199707031,61.80472946166992,30.12740135192871,35.72358322143555,119.21797943115234,83.04204559326172,61.9588623046875,71.02225494384766,30.046588897705078,33.444801330566406,32.101314544677734,48.3465461730957,88.47504425048828,159.80999755859375
2022-10-06,355.2167053222656,61.298561096191406,29.704925537109375,36.35866928100586,117.69593811035156,82.08710479736328,61.054481506347656,70.51875305175781,29.05589485168457,33.09168243408203,31.047954559326172,48.08729934692383,87.98329162597656,159.6300048828125
2022-10-07,345.3083190917969,58.77750778198242,29.00079345703125,36.076412200927734,115.2061538696289,80.51760864257812,60.141048431396484,68.09325408935547,28.453441619873047,32.2739143371582,30.310592651367188,46.79100799560547,87.12913513183594,157.8800048828125
2022-10-10,342.6717834472656,57.78953170776367,28.86935806274414,35.33546829223633,114.48271942138672,80.80125427246094,60.35810852050781,67.67205047607422,28.502531051635742,32.3436164855957,29.968250274658203,46.66618728637695,85.77464294433594,155.47999572753906
2022-10-11,340.5016174316406,56.90375518798828,28.503210067749023,35.05321502685547,115.09341430664062,80.78233337402344,60.855506896972656,67.12014770507812,28.39988899230957,32.09270477294922,30.249147415161133,45.792388916015625,86.15422821044922,155.16000366210938
2022-10-12,339.3784484863281,56.72854995727539,28.437490463256836,35.33546829223633,114.52969360351562,80.14886474609375,61.18109893798828,67.29442596435547,27.453826904296875,31.85109519958496,29.845359802246094,45.734771728515625,86.5770034790039,155.99000549316406
2022-10-13,348.3350524902344,58.49037170410156,29.611042022705078,36.77764892578125,117.1979751586914,81.91692352294922,62.1939811706543,68.03031921386719,28.14106559753418,32.78501892089844,30.407148361206055,46.83902359008789,85.74872589111328,154.91000366210938
2022-10-14,340.3969421386719,56.84535598754883,29.11345672607422,35.406044006347656,116.40877532958984,80.12049865722656,61.07256317138672,65.4886245727539,27.734966278076172,31.679176330566406,29.643457412719727,46.07085418701172,85.04130554199219,152.97999572753906
2022-10-17,349.1441345214844,58.57797622680664,29.84575080871582,35.847068786621094,118.27845764160156,81.86964416503906,61.732765197753906,68.1465072631836,28.31510353088379,32.46906661987305,30.749492645263672,47.338321685791016,84.62715148925781,153.4199981689453
2022-10-18,353.2464294433594,59.07438659667969,30.32455825805664,36.16020965576172,118.93611907958984,83.84571838378906,62.537662506103516,69.0857162475586,28.832763671875,33.10561752319336,31.153287887573242,47.693599700927734,84.82560729980469,153.75
2022-10-19,350.7431335449219,58.904056549072266,29.82697296142578,37.22750473022461,117.27313232421875,83.25006866455078,62.248260498046875,68.3111343383789,28.45790672302246,32.71531677246094,30.37203598022461,47.73200225830078,83.28129577636719,151.69000244140625
2022-10-20,347.8020935058594,58.9381217956543,29.34816551208496,37.26278305053711,116.27723693847656,81.61437225341797,61.380062103271484,66.98943328857422,27.739429473876953,32.478355407714844,30.222816467285156,47.84722900390625,81.85774230957031,151.4499969482422
2022-10-21,356.254150390625,60.51498794555664,30.221288681030273,38.338897705078125,118.88916015625,83.85518646240234,62.32060241699219,68.94047546386719,28.25262451171875,33.602787017822266,30.433483123779297,48.15449523925781,80.38243865966797,154.14999389648438
2022-10-24,360.61346435546875,61.35210037231445,30.624990463256836,38.51971435546875,121.1816177368164,84.97085571289062,63.44203186035156,69.22613525390625,28.48914337158203,33.40763854980469,30.415925979614258,48.490577697753906,79.7181396484375,153.64999389648438
2022-10-25,366.3719482421875,62.525020599365234,30.99112892150879,38.55941390991211,122.10238647460938,86.11488342285156,64.27403259277344,70.9593276977539,29.060354232788086,34.23469543457031,31.6185245513916,49.77726364135742,82.0389404296875,154.0
2022-10-26,363.61163330078125,61.133087158203125,31.06624412536621,39.08424377441406,123.45529174804688,86.4174575805664,64.69911193847656,70.3880386352539,29.04695701599121,34.476314544677734,31.55708122253418,48.20252227783203,83.22090148925781,154.97999572753906
2022-10-27,361.66998291015625,60.4371223449707,31.319730758666992,39.22537612915039,122.80703735351562,87.4291000366211,64.75337982177734,70.11693572998047,29.279022216796875,34.38802719116211,31.57463836669922,45.91721725463867,84.09226989746094,154.74000549316406
2022-10-28,370.2743225097656,63.06525802612305,32.09897232055664,39.36210632324219,124.82704162597656,89.46190643310547,66.17326354980469,70.17986297607422,30.082284927368164,34.73186111450195,32.320762634277344,47.079071044921875,83.51423645019531,153.16000366210938
2022-10-31,367.59979248046875,62.23301696777344,31.901819229125977,39.692867279052734,124.72369384765625,89.20662689208984,65.78436279296875,69.72962188720703,29.80113983154297,34.420555114746094,32.24176025390625,46.29170227050781,82.9189453125,151.91000366210938
2022-11-01,365.9912414550781,61.712257385253906,31.98631477355957,40.076568603515625,124.79884338378906,89.12154388427734,65.57634735107422,69.02279663085938,29.917173385620117,34.50883865356445,32.18909454345703,45.99404525756836,83.69385528564453,153.4600067138672
2022-11-02,356.80615234375,59.58055114746094,31.58260726928711,39.110713958740234,122.67549133300781,87.5520248413086,64.43685150146484,66.41331481933594,29.627103805541992,33.61207580566406,31.346399307250977,44.69775390625,83.33060455322266,152.38999938964844
2022-11-03,353.1321716308594,57.82846450805664,31.263399124145508,39.83399963378906,122.15876770019531,88.46915435791016,64.21980285644531,66.01632690429688,29.756519317626953,33.86763381958008,31.328845977783203,43.60311508178711,82.8808822631836,151.80999755859375
2022-11-04,358.2149353027344,58.88458251953125,31.836091995239258,40.31913757324219,122.9009780883789,89.88737487792969,64.9794692993164,66.56822204589844,29.939477920532227,35.04316711425781,31.76775360107422,43.90077209472656,81.48844909667969,156.47000122070312
2022-11-07,361.64141845703125,59.867706298828125,32.155296325683594,41.01155471801758,124.21634674072266,90.85177612304688,65.55827331542969,66.10346221923828,29.368267059326172,35.31730651855469,31.75897216796875,44.68815231323242,80.67545318603516,155.85000610351562
2022-11-08,363.59259033203125,60.441993713378906,32.34306716918945,41.051246643066406,124.83643341064453,91.64598846435547,65.74819946289062,65.93887329101562,29.57355308532715,35.92598342895508,31.952085494995117,44.73616409301758,81.55760192871094,159.4499969482422
2022-11-09,356.10186767578125,58.86997985839844,31.798538208007812,39.04454803466797,123.492919921875,90.36957550048828,65.03374481201172,63.92487335205078,29.341493606567383,35.345176696777344,31.600967407226562,44.13123321533203,81.82572174072266,158.64999389648438
2022-11-10,375.6711120605469,63.70767593383789,33.403961181640625,39.91338348388672,126.63094329833984,94.16096496582031,66.56214141845703,68.59675598144531,30.724891662597656,37.30131912231445,34.02370834350586,46.80061721801758,84.97384643554688,163.47999572753906
2022-11-11,379.30706787109375,64.79786682128906,33.67621994018555,41.07330322265625,125.0807113647461,94.104248046875,66.48977661132812,70.24279022216797,30.381282806396484,37.75202560424805,34.00615692138672,48.0296745300293,84.66253662109375,164.55999755859375
2022-11-14,376.0804443359375,64.24304962158203,33.197410583496094,41.060062408447266,125.1934585571289,93.52748107910156,65.96525573730469,69.1292953491211,30.019805908203125,37.70092010498047,33.10200500488281,47.83763885498047,84.45496368408203,164.9199981689453
2022-11-15,379.28802490234375,65.0217514038086,33.27252197265625,41.49227523803711,125.03374481201172,94.1704330444336,66.51691436767578,70.0733413696289,30.350038528442383,37.645164489746094,33.51457977294922,48.548194885253906,85.82144165039062,165.5
2022-11-16,376.3945617675781,64.13108825683594,33.1129150390625,40.6454963684082,124.97734832763672,93.48967742919922,66.84248352050781,69.00342559814453,30.622255325317383,37.2780876159668,33.2775764465332,48.06808853149414,87.69823455810547,165.1199951171875
2022-11-17,375.2428283691406,64.21385192871094,32.934539794921875,40.73370361328125,124.92098236083984,93.32893371582031,66.82440185546875,68.16587829589844,30.086746215820312,36.92031478881836,32.97911834716797,47.703208923339844,86.77281951904297,163.9199981689453
2022-11-18,376.94659423828125,64.28684997558594,33.2067985534668,40.411746978759766,126.43366241455078,94.01915740966797,67.53884887695312,68.25787353515625,30.724891662597656,37.16657638549805,33.40047073364258,47.559181213378906,86.17604064941406,162.7899932861328
2022-11-21,375.57598876953125,63.59573745727539,33.3100700378418,39.8648681640625,126.49002075195312,94.32170867919922,68.18096923828125,67.27022552490234,30.863239288330078,37.292030334472656,33.63747024536133,47.165489196777344,86.53927612304688,161.8800048828125
2022-11-22,380.6300354003906,64.82705688476562,33.64806365966797,41.11298370361328,127.58927917480469,95.04972076416016,68.6783676147461,68.03031921386719,31.126522064208984,38.13768005371094,33.80425262451172,47.86644744873047,87.76741790771484,162.07000732421875
2022-11-23,383.02862548828125,65.40137481689453,33.788883209228516,40.66754150390625,128.09661865234375,95.40901947021484,68.91350555419922,69.01310729980469,31.474609375,38.2863655090332,33.8569221496582,48.471378326416016,89.29825592041016,163.0800018310547
2022-11-25,382.9429626464844,65.0217514038086,33.901546478271484,40.51760482788086,128.85763549804688,95.77774810791016,68.95873260498047,69.05184936523438,31.657581329345703,38.272430419921875,34.05882263183594,48.20252227783203,88.99554443359375,163.22000122070312
2022-11-28,376.8323974609375,63.62980270385742,33.319461822509766,39.40619659423828,127.88990783691406,94.03805541992188,68.69646453857422,68.62580108642578,31.33180809020996,37.41748046875,33.10200500488281,47.434356689453125,89.24634552001953,161.92999267578125
2022-11-29,376.1850891113281,63.0068473815918,33.516624450683594,40.00159454345703,127.57050323486328,94.61480712890625,68.43419647216797,68.4079360961914,31.09975814819336,37.54294204711914,33.655033111572266,47.45355224609375,88.19985961914062,162.72999572753906
2022-11-30,388.03515625,66.17032623291016,34.08931350708008,40.200050354003906,130.61459350585938,96.17486572265625,69.80883026123047,70.76567840576172,31.87624740600586,38.44898223876953,34.44504928588867,49.46039581298828,88.84852600097656,164.80999755859375
2022-12-01,387.7497253417969,66.26280212402344,33.892154693603516,40.0677490234375,130.9904022216797,96.20323181152344,69.4923095703125,70.75596618652344,31.849468231201172,38.49545669555664,34.37482452392578,49.74845886230469,91.68684387207031,167.83999633789062
2022-12-02,387.30230712890625,65.87831115722656,33.7325553894043,39.829593658447266,131.32862854003906,96.7516098022461,69.80883026123047,70.66400146484375,31.697738647460938,38.91827392578125,34.208045959472656,49.87327575683594,92.83987426757812,167.25999450683594
2022-12-05,380.3350524902344,64.78326416015625,32.89698791503906,38.647621154785156,130.06967163085938,95.13481903076172,68.93161010742188,68.62580108642578,31.51923942565918,38.14696502685547,33.62868881225586,49.08590316772461,91.53948974609375,164.38999938964844
2022-12-06,374.8525695800781,63.39619827270508,32.60593795776367,37.628841400146484,129.08316040039062,94.00970458984375,68.50653076171875,67.55584716796875,31.715585708618164,37.807777404785156,33.3741340637207,47.674400329589844,92.71852111816406,164.83999633789062
2022-12-07,374.2148742675781,63.07498550415039,32.47450256347656,37.540645599365234,130.14480590820312,93.88678741455078,68.79594421386719,67.1491928100586,31.568323135375977,37.72414779663086,33.44435501098633,47.434356689453125,94.9031982421875,166.3300018310547
2022-12-08,377.14642333984375,64.10678100585938,32.5026741027832,37.373043060302734,131.3192138671875,94.44462585449219,69.16674041748047,67.79793548583984,31.773601531982422,38.002933502197266,33.69013595581055,47.338321685791016,94.64308166503906,166.47000122070312
2022-12-09,374.3291320800781,63.71253967285156,32.418182373046875,36.464515686035156,129.63746643066406,93.6693344116211,68.6331558227539,67.50260925292969,31.608488082885742,37.62657165527344,33.61991500854492,47.47275924682617,92.18099212646484,167.05999755859375
2022-12-12,379.7257995605469,65.10448455810547,32.850040435791016,37.42155075073242,131.01856994628906,95.27664184570312,69.35665130615234,67.67205047607422,32.331424713134766,37.95181655883789,33.90082550048828,47.84722900390625,92.47576904296875,165.67999267578125
2022-12-13,382.60040283203125,65.87345123291016,32.934539794921875,38.13161849975586,131.42257690429688,95.63591766357422,69.25718688964844,67.67205047607422,32.42959976196289,38.47686767578125,34.646949768066406,48.653812408447266,93.36869812011719,168.50999450683594
2022-12-14,380.1542053222656,65.3186264038086,32.52143859863281,37.89787292480469,131.62928771972656,95.45629119873047,69.21195983886719,67.16856384277344,32.389442443847656,38.063331604003906,34.313377380371094,48.020076751708984,93.76747131347656,168.10000610351562
2022-12-15,370.85498046875,62.87544631958008,31.883031845092773,37.66853332519531,129.2146453857422,93.1492919921875,68.03627014160156,66.06475067138672,31.996734619140625,36.901729583740234,33.918373107910156,46.14767074584961,94.13334655761719,165.35000610351562
2022-12-16,366.4765930175781,62.0432014465332,31.638940811157227,37.205448150634766,127.3355941772461,92.75218963623047,67.70164489746094,64.83020782470703,31.452295303344727,36.74375915527344,32.91767501831055,46.138065338134766,93.08180236816406,166.7899932861328
2022-12-19,363.3690490722656,61.21589279174805,31.55391502380371,37.20098876953125,126.86012268066406,92.26390075683594,67.65882873535156,63.78938293457031,31.327224731445312,36.26628494262695,32.5279426574707,45.05805206298828,91.517578125,166.32000732421875
2022-12-20,363.86627197265625,61.308624267578125,31.686172485351562,37.76241683959961,126.83182525634766,92.37789916992188,67.60418701171875,63.04661178588867,31.336223602294922,36.504783630371094,32.4569206237793,45.36608123779297,89.89250183105469,169.0800018310547
2022-12-21,369.306884765625,62.3238525390625,32.177433013916016,38.479793548583984,128.50164794921875,94.11640930175781,68.27820587158203,64.05152130126953,31.77263832092285,36.82278823852539,32.785396575927734,45.96287155151367,90.1184310913086,168.8000030517578
2022-12-22,364.038330078125,60.75221633911133,31.894010543823242,37.59309768676758,128.32241821289062,92.91940307617188,68.1233901977539,62.40582275390625,31.57917022705078,36.467376708984375,32.62559509277344,45.56821823120117,90.10102844238281,166.75999450683594
2022-12-23,366.1323547363281,60.8156623840332,32.073509216308594,38.79169845581055,128.39785766601562,93.47039794921875,68.47860717773438,62.8330192565918,31.903114318847656,36.71989822387695,32.91856002807617,46.01100540161133,88.78013610839844,167.25999450683594
2022-12-27,364.6885070800781,60.23971939086914,32.064064025878906,39.206077575683594,128.0677032470703,93.75540161132812,68.8065185546875,61.813560485839844,32.10107421875,36.75263977050781,32.89192581176758,45.59709930419922,87.02470397949219,168.6699981689453
2022-12-28,360.1562805175781,59.26842498779297,31.950695037841797,38.32830047607422,127.23747253417969,92.52989959716797,67.9503173828125,61.29411315917969,31.79513168334961,36.19145202636719,32.36814498901367,44.93292236328125,86.511962890625,167.91000366210938
2022-12-29,366.63909912109375,60.82054138183594,32.39472579956055,38.72931671142578,128.62429809570312,93.66990661621094,68.24178314208984,62.871856689453125,32.02458190917969,36.584285736083984,33.087242126464844,46.17464065551758,87.49394989013672,168.85000610351562
2022-12-30,365.6734313964844,60.73756408691406,32.309688568115234,38.97438430786133,128.16201782226562,93.29939270019531,67.90478515625,62.70195388793945,31.718650817871094,36.32708740234375,32.785396575927734,46.19390106201172,86.5206527709961,169.63999938964844
2023-01-03,364.1339416503906,60.161624908447266,32.42306900024414,37.60646438598633,127.79412078857422,93.4989013671875,67.64971160888672,62.32814025878906,31.718650817871094,36.28966522216797,32.90967559814453,46.79068374633789,88.17180633544922,171.05999755859375
2023-01-04,366.94512939453125,60.31781768798828,32.942657470703125,37.60201644897461,128.13375854492188,94.32539367675781,67.91387939453125,63.231101989746094,32.006587982177734,36.920989990234375,33.664283752441406,47.666629791259766,89.37975311279297,172.6699981689453
2023-01-05,362.7570495605469,59.14641189575195,32.69702911376953,38.2881965637207,126.82238006591797,93.30889129638672,67.2307357788086,62.64368438720703,31.313730239868164,36.336429595947266,32.678863525390625,47.73401641845703,89.75343322753906,170.52000427246094
2023-01-06,371.07586669921875,60.87911605834961,33.42448043823242,39.01448059082031,127.9921875,95.86439514160156,69.02511596679688,64.11463928222656,31.943593978881836,37.58506774902344,33.628780364990234,48.51369857788086,91.40461730957031,173.7100067138672
2023-01-09,370.865478515625,61.58684158325195,33.30166244506836,38.8763542175293,125.85067749023438,95.43689727783203,68.35108184814453,64.50299072265625,32.1595573425293,37.82355499267578,33.611019134521484,48.5906982421875,91.89126586914062,174.10000610351562
2023-01-10,373.46630859375,61.96755599975586,33.4906005859375,39.152610778808594,126.90728759765625,95.95941162109375,68.260009765625,65.313720703125,32.16855239868164,38.202354431152344,33.708675384521484,49.32225799560547,90.3704605102539,174.74000549316406
2023-01-11,378.1898193359375,63.041351318359375,33.8023681640625,39.272918701171875,127.62428283691406,96.88089752197266,68.29644775390625,67.075927734375,32.42951202392578,38.80095291137695,34.933799743652344,49.678409576416016,91.8391342163086,174.6199951171875
2023-01-12,379.56683349609375,63.5098991394043,33.868492126464844,40.02147674560547,127.21863555908203,97.45089721679688,67.75901794433594,67.18758392333984,32.209041595458984,38.945919036865234,35.32441711425781,50.227073669433594,93.64667510986328,176.63999938964844
2023-01-13,381.039306640625,63.690494537353516,34.12356948852539,40.07939529418945,127.78465270996094,97.3368911743164,68.07782745361328,67.81867980957031,32.092071533203125,39.18442916870117,35.12023162841797,50.39072036743164,92.76896667480469,178.75999450683594
2023-01-17,380.3412780761719,63.978477478027344,33.89683532714844,40.164058685302734,127.19031524658203,96.51038360595703,68.1233901977539,67.86724090576172,32.04707717895508,38.791595458984375,35.12910842895508,49.91905212402344,92.16934204101562,177.58999633789062
2023-01-18,374.3363952636719,63.15359115600586,33.263877868652344,39.428863525390625,125.3978271484375,94.69589233398438,66.26521301269531,66.98368835449219,31.277732849121094,38.244441986083984,34.58757781982422,49.3126220703125,94.40275573730469,177.0800018310547
2023-01-19,371.611328125,62.416587829589844,32.876529693603516,39.91899871826172,125.69972229003906,92.74840545654297,65.63671112060547,65.87200164794922,30.962793350219727,37.9498176574707,34.41889190673828,49.56290817260742,93.81181335449219,179.88999938964844
2023-01-20,378.5340576171875,64.10536193847656,33.39613342285156,40.31556701660156,126.33181762695312,94.04039001464844,66.14680480957031,67.46915435791016,31.147260665893555,38.712093353271484,34.81839370727539,51.112648010253906,92.29100036621094,179.2899932861328
2023-01-23,383.0759582519531,65.56474304199219,33.78346633911133,40.369022369384766,126.76575469970703,95.06639862060547,66.3563003540039,68.52259063720703,31.1562557220459,38.8383674621582,34.916046142578125,52.00783157348633,91.85649871826172,179.6300048828125
2023-01-24,382.664794921875,65.53546905517578,33.8023681640625,40.21307373046875,125.92611694335938,95.69338989257812,66.62955474853516,68.4449234008789,31.313730239868164,38.86174392700195,35.06696319580078,51.86345291137695,93.17739868164062,180.27999877929688
2023-01-25,382.8082580566406,65.39879608154297,34.06687927246094,40.217533111572266,125.9638671875,95.16139221191406,66.79351806640625,68.79446411132812,30.890810012817383,38.94124984741211,35.10247802734375,52.046329498291016,93.40337371826172,181.11000061035156
2023-01-26,387.0154724121094,66.44329833984375,34.24638366699219,41.48741912841797,126.19973754882812,95.68389892578125,66.55670928955078,70.20230865478516,30.994295120239258,39.128299713134766,35.501976013183594,52.85490036010742,92.96883392333984,179.47000122070312
2023-01-27,387.9046630859375,66.72151947021484,34.24638366699219,40.649742126464844,125.34121704101562,96.08287811279297,66.36540985107422,71.79460906982422,30.994295120239258,39.00204849243164,35.821571350097656,53.220680236816406,92.73419952392578,179.22000122070312
2023-01-30,383.0377197265625,65.44762420654297,34.076324462890625,39.71849060058594,124.20914459228516,95.14237976074219,66.44739532470703,70.57124328613281,30.854820251464844,38.7354736328125,35.386566162109375,52.383235931396484,92.39530181884766,178.75999450683594
2023-01-31,388.6696472167969,66.36033630371094,34.539249420166016,40.070491790771484,125.81292724609375,96.75740051269531,67.16696166992188,72.18782043457031,31.084272384643555,39.58660125732422,36.034629821777344,53.0185432434082,93.13397216796875,179.41000366210938
2023-02-01,392.8003845214844,67.92220306396484,34.539249420166016,39.28182601928711,126.40730285644531,97.46036529541016,67.70438385009766,73.55682373046875,31.138259887695312,39.84848403930664,36.300968170166016,53.64421463012695,94.25355529785156,181.6699981689453
2023-02-02,398.518310546875,69.7769546508789,34.63372039794922,38.38622283935547,125.5488052368164,98.22039031982422,67.12142181396484,75.8093490600586,31.20574378967285,39.72222900390625,37.135475158691406,57.1672248840332,94.37552642822266,177.89999389648438
2023-02-03,394.28240966796875,69.19611358642578,34.56759262084961,38.30156707763672,125.18084716796875,97.7073974609375,66.85728454589844,73.47429656982422,30.553382873535156,39.0067138671875,36.36310577392578,56.02177429199219,92.96405029296875,173.4600067138672
2023-02-06,391.8728332519531,68.35173034667969,34.55813980102539,38.127784729003906,124.48273468017578,97.46987915039062,66.93926239013672,73.36749267578125,30.8143253326416,38.57646942138672,36.13229751586914,55.34796905517578,92.27578735351562,173.82000732421875
2023-02-07,396.99798583984375,70.06005096435547,34.95493698120117,39.36648178100586,125.28463745117188,97.77388763427734,66.6568832397461,73.53738403320312,30.800827026367188,39.0955696105957,35.99025344848633,56.3779182434082,91.5351791381836,173.97999572753906
2023-02-08,392.6569519042969,69.21563720703125,34.74708557128906,39.01448059082031,124.91669464111328,97.2228775024414,66.14680480957031,72.91116333007812,30.283432006835938,38.78224563598633,35.89259338378906,54.606788635253906,91.97080993652344,174.41000366210938
2023-02-09,389.25286865234375,68.83493041992188,34.3597526550293,38.680294036865234,123.82235717773438,96.34889221191406,65.85533905029297,72.77523803710938,29.869518280029297,38.221065521240234,35.546363830566406,53.41319274902344,91.09956359863281,173.02999877929688
2023-02-10,390.16131591796875,68.5176773071289,34.473121643066406,40.19525146484375,124.99217987060547,97.03290557861328,66.4655990600586,71.92082214355469,30.463396072387695,38.36136245727539,35.61738204956055,52.90303039550781,90.08016967773438,173.36000061035156
2023-02-13,394.741455078125,69.7037124633789,34.86990737915039,40.092769622802734,126.02993774414062,97.91639709472656,67.22160339355469,72.97427368164062,30.647863388061523,38.562442779541016,35.94586181640625,53.65383529663086,90.83820343017578,172.47999572753906
2023-02-14,394.5596923828125,70.00146484375,34.680965423583984,40.10614013671875,125.28463745117188,97.65038299560547,66.61133575439453,73.84809875488281,30.517385482788086,38.65129852294922,35.572994232177734,53.67308807373047,90.62906646728516,172.61000061035156
2023-02-15,395.841064453125,70.32848358154297,34.718746185302734,39.42441177368164,124.66197967529297,98.25839233398438,66.7388687133789,74.71221160888672,30.71534538269043,38.819664001464844,35.670658111572266,54.16400909423828,89.78398132324219,170.88999938964844
2023-02-16,390.3907775878906,69.10826873779297,34.369197845458984,39.03675842285156,123.41669464111328,97.24188995361328,66.256103515625,73.08106994628906,30.481393814086914,38.380069732666016,35.3421745300293,53.336185455322266,88.51190948486328,170.75
2023-02-17,389.4154968261719,68.24435424804688,34.37864303588867,37.646568298339844,124.52045440673828,97.87838745117188,67.11231231689453,73.09563446044922,30.80982780456543,38.019981384277344,35.16462707519531,53.2784309387207,89.2001953125,171.25999450683594
2023-02-21,381.6034851074219,66.6239013671875,33.67010498046875,37.45942687988281,122.9072494506836,95.63639068603516,66.85728454589844,70.65377807617188,30.23394012451172,37.39331817626953,34.472164154052734,52.104095458984375,87.46639251708984,170.6199951171875
2023-02-22,381.0775451660156,66.52629852294922,33.63230895996094,37.209903717041016,122.49214935302734,95.3989028930664,66.757080078125,71.01300811767578,30.116968154907227,37.67390823364258,34.161441802978516,52.20997619628906,88.26795196533203,169.66000366210938
2023-02-23,383.1046447753906,67.62934875488281,33.66065216064453,37.77132797241211,122.82235717773438,95.84538269042969,66.67509460449219,70.95475769042969,29.959497451782227,37.71599578857422,34.48991012573242,51.969337463378906,89.13048553466797,169.57000732421875
2023-02-24,379.0122375488281,66.42376708984375,33.688987731933594,37.722320556640625,121.23739624023438,95.29438781738281,66.2287826538086,69.83820343017578,29.968494415283203,37.96853256225586,33.85071563720703,51.247406005859375,87.97171020507812,168.35000610351562
2023-02-27,380.302978515625,66.78009033203125,33.6795539855957,37.833709716796875,120.8694839477539,96.139892578125,66.15589904785156,70.70232391357422,29.766040802001953,38.09479522705078,33.90398406982422,51.411041259765625,88.21566772460938,169.00999450683594
2023-02-28,378.8974914550781,66.63365173339844,33.74567794799805,37.29011154174805,119.9732437133789,95.92139434814453,65.60939025878906,70.65377807617188,29.244140625,38.26782989501953,33.9217414855957,51.4976806640625,88.616455078125,169.77999877929688
2023-03-01,377.44403076171875,66.14556121826172,33.63230895996094,38.02531051635742,119.7751235961914,96.30139923095703,65.12664031982422,69.76538848876953,28.762737274169922,38.5671272277832,33.397953033447266,51.10301971435547,87.6644287109375,170.75999450683594
2023-03-02,380.3795166015625,66.96066284179688,33.47170639038086,38.359493255615234,120.51097869873047,97.43190002441406,66.01927947998047,69.5323486328125,29.30712890625,39.0067138671875,33.83296585083008,51.58430862426758,86.8871078491211,170.66000366210938
2023-03-03,386.47998046875,68.40052795410156,34.000755310058594,38.88081359863281,121.86005401611328,98.48639678955078,66.0739517211914,71.02757263183594,29.80652618408203,39.56322479248047,34.40113067626953,52.710514068603516,88.99203491210938,172.49000549316406
2023-03-06,386.7477111816406,68.72755432128906,34.02909851074219,38.89863204956055,121.80345153808594,98.305908203125,66.24699401855469,70.50813293457031,29.950496673583984,38.92254638671875,34.26797103881836,52.710514068603516,88.30201721191406,171.6199951171875
2023-03-07,380.81939697265625,67.8734130859375,33.15050506591797,38.22135925292969,119.8411636352539,97.04239654541016,65.59119415283203,69.54692077636719,29.460100173950195,38.15558624267578,33.40683364868164,52.171478271484375,88.84353637695312,168.6199951171875
2023-03-08,381.4408264160156,68.43470001220703,33.027687072753906,37.82925796508789,119.19965362548828,97.2703857421875,65.70047760009766,69.42070007324219,29.685056686401367,38.3426513671875,33.877349853515625,52.200347900390625,88.930908203125,168.5399932861328
2023-03-09,374.40338134765625,67.45364379882812,31.686172485351562,37.29456329345703,117.99207305908203,95.83589172363281,65.0902099609375,67.76528930664062,29.446603775024414,37.35591125488281,33.10499572753906,51.02601623535156,89.1492691040039,170.1999969482422
2023-03-10,369.0008850097656,66.26760864257812,31.10988426208496,36.81780242919922,117.1241455078125,94.04989624023438,64.77140045166016,67.09049224853516,28.98319435119629,36.5609016418457,32.04854202270508,50.30408477783203,92.22364044189453,173.8699951171875
2023-03-13,368.4750671386719,66.62877655029297,29.881736755371094,36.06923294067383,118.21849822998047,93.51790618896484,65.09931182861328,67.23129272460938,29.428606033325195,36.18678665161133,32.56344985961914,50.30408477783203,92.43325805664062,177.86000061035156
2023-03-14,374.5659484863281,68.1662368774414,30.48636817932129,36.42569351196289,119.27510833740234,94.50591278076172,65.69137573242188,68.37210845947266,29.815528869628906,36.649757385253906,32.90080642700195,51.728694915771484,90.91352844238281,176.8300018310547
2023-03-15,372.2232666015625,68.205322265625,29.67390251159668,34.46962356567383,119.17134857177734,92.17839050292969,66.11946105957031,68.27017211914062,30.220441818237305,35.4619255065918,32.91856002807617,52.28697967529297,92.6690902709961,178.2100067138672
2023-03-16,378.7540588378906,70.11859130859375,30.240737915039062,34.84389877319336,120.28456115722656,93.36591339111328,66.1650161743164,69.50322723388672,30.42290687561035,35.86878204345703,32.91856002807617,53.461326599121094,91.94414520263672,178.57000732421875
2023-03-17,374.3254089355469,70.02098846435547,29.267671585083008,34.29584884643555,118.73737335205078,91.8364028930664,65.68226623535156,68.61483764648438,30.130464553833008,35.312278747558594,32.16395950317383,52.95116424560547,93.32415771484375,183.77000427246094
2023-03-20,377.9247131347656,70.20980072021484,29.593318939208984,34.98244857788086,120.24229431152344,93.05260467529297,66.59292602539062,68.91188049316406,30.36614227294922,36.038883209228516,32.509071350097656,53.34688949584961,92.50313568115234,183.83999633789062
2023-03-21,382.8870544433594,70.7772216796875,30.343358993530273,36.193546295166016,120.9715576171875,94.13052368164062,66.53801727294922,70.81580352783203,29.75428581237793,36.475685119628906,32.321311950683594,54.485836029052734,91.70832824707031,180.3699951171875
2023-03-22,376.3601989746094,70.07284545898438,29.640789031982422,35.42366409301758,119.1436767578125,92.32766723632812,65.9248046875,69.23812866210938,29.169628143310547,35.82752227783203,31.141117095947266,53.53028869628906,92.93115234375,183.44000244140625
2023-03-23,377.3775939941406,71.21259307861328,29.441415786743164,34.93292236328125,118.9163818359375,92.06056213378906,65.66854095458984,69.16506958007812,28.87049674987793,35.785255432128906,30.95335578918457,54.398963928222656,92.93115234375,185.74000549316406
2023-03-24,379.8540344238281,71.39846801757812,29.422422409057617,35.0679817199707,120.56432342529297,92.44213104248047,66.78512573242188,68.94110107421875,29.772417068481445,36.07645797729492,31.749095916748047,54.67887496948242,93.32415771484375,183.64999389648438
2023-03-27,380.56427001953125,70.845703125,29.830673217773438,35.81536102294922,121.05679321289062,93.21478271484375,67.14207458496094,69.08230590820312,29.808673858642578,36.344173431396484,31.64180564880371,54.370018005371094,91.13189697265625,181.9499969482422
2023-03-28,379.7099914550781,70.5130844116211,29.821182250976562,36.36913299560547,120.32754516601562,93.69173431396484,67.26106262207031,68.99951171875,29.890254974365234,36.51795959472656,31.534521102905273,53.926021575927734,91.29782104492188,183.44000244140625
2023-03-29,385.2290344238281,71.99036407470703,30.25791358947754,36.873390197753906,120.65902709960938,95.0557861328125,67.63630676269531,70.30938720703125,30.325353622436523,37.02521896362305,32.285545349121094,54.6402702331543,91.11441040039062,182.52999877929688
2023-03-30,387.4847106933594,72.82682800292969,30.191452026367188,37.03546905517578,121.3125,95.25613403320312,67.82850646972656,70.92293548583984,30.456783294677734,37.27884292602539,32.705772399902344,54.900875091552734,91.53365325927734,184.17999267578125
2023-03-31,392.9461669921875,73.86874389648438,30.52374839782715,37.292091369628906,122.61001586914062,96.5152587890625,68.37764739990234,72.81713104248047,30.67887306213379,37.884742736816406,33.42104721069336,55.95294952392578,92.90491485595703,183.22000122070312
2023-04-03,394.4434509277344,73.75135040283203,30.580711364746094,38.980438232421875,123.98329162597656,96.68696594238281,68.73458862304688,72.1500244140625,30.470382690429688,38.124271392822266,33.10811233520508,56.18458938598633,93.34184265136719,184.5399932861328
2023-04-04,392.2550964355469,73.34535217285156,30.295886993408203,38.27358627319336,124.00222778320312,94.5216064453125,68.59729766845703,72.03315734863281,30.62448501586914,37.574745178222656,33.11705017089844,56.35833740234375,93.8059310913086,187.97999572753906
2023-04-05,391.2280578613281,72.50888061523438,30.25791358947754,38.849876403808594,126.14265441894531,93.29109954833984,68.91764831542969,70.55772399902344,31.41762924194336,37.490203857421875,32.94717788696289,56.17494583129883,94.7866439819336,187.8300018310547
2023-04-06,392.7541198730469,72.9197769165039,30.37183952331543,38.26007843017578,126.4551773071289,93.2624740600586,68.9725570678711,70.57235717773438,31.63970375061035,37.40096664428711,33.17069625854492,56.879547119140625,95.03181457519531,186.49000549316406
2023-04-10,393.15728759765625,72.88064575195312,30.43829917907715,38.56623458862305,126.36994171142578,94.11143493652344,68.9725570678711,70.88398742675781,31.57625389099121,37.579444885253906,33.340579986572266,56.754066467285156,93.49948120117188,185.11000061035156
2023-04-11,393.2628479003906,72.19581604003906,30.704137802124023,38.930912017822266,126.79618072509766,94.67424774169922,69.17391204833984,70.9959945678711,31.603445053100586,37.87064743041992,33.50151443481445,56.60928726196289,93.69210052490234,186.27999877929688
2023-04-12,391.6599426269531,71.78490447998047,30.637680053710938,38.95792770385742,126.83401489257812,94.98902893066406,68.86272430419922,69.89547729492188,31.571727752685547,37.89883041381836,33.40315628051758,56.0205192565918,93.59576416015625,187.19000244140625
2023-04-13,396.8622131347656,73.12031555175781,30.913009643554688,39.2010498046875,128.48194885253906,95.34197235107422,69.24711608886719,71.43910217285156,31.57625389099121,38.28866958618164,33.295875549316406,57.188411712646484,92.86023712158203,189.72000122070312
2023-04-14,395.8927917480469,72.71431732177734,31.216827392578125,39.27309036254883,127.44966888427734,95.22750091552734,68.80781555175781,71.5316162109375,31.222740173339844,38.01155471801758,32.72365188598633,57.169105529785156,92.01091003417969,186.36000061035156
2023-04-17,397.3133239746094,72.97847747802734,31.57759666442871,38.809349060058594,127.34546661376953,95.98107147216797,69.24711608886719,72.03803253173828,31.39495849609375,38.2323112487793,33.46574783325195,56.840938568115234,90.91636657714844,185.52999877929688
2023-04-18,397.572509765625,73.20348358154297,31.67254066467285,38.96242904663086,126.47412109375,96.43894958496094,69.4576416015625,72.15489196777344,31.23180389404297,38.391990661621094,33.412105560302734,56.55137252807617,91.24034118652344,186.25
2023-04-19,397.5053405761719,72.99315643310547,31.748491287231445,38.82735824584961,126.86243438720703,96.3626480102539,69.411865234375,72.08671569824219,31.472021102905273,38.28396987915039,33.60881042480469,56.12668991088867,91.15277862548828,185.36000061035156
2023-04-20,395.3360595703125,72.51376342773438,31.653554916381836,38.485191345214844,126.34154510498047,96.19094848632812,69.57661437988281,70.97649383544922,31.46294593811035,38.241695404052734,33.206459045410156,55.54756164550781,91.93206787109375,186.08999633789062
2023-04-21,395.64324951171875,72.27896118164062,31.53962516784668,38.26007843017578,127.19391632080078,95.97154998779297,70.07999420166016,71.7604751586914,31.5535945892334,37.90352249145508,33.24222183227539,55.68268966674805,91.41548156738281,184.25
2023-04-24,396.0559387207031,71.96101379394531,31.463668823242188,38.84537124633789,127.90425109863281,96.20046997070312,70.36371612548828,71.75074005126953,31.71221923828125,38.16185760498047,33.1528205871582,55.624786376953125,92.29986572265625,184.80999755859375
2023-04-25,389.7690734863281,70.4250259399414,30.922502517700195,38.11600875854492,126.54044342041016,94.42621612548828,70.27220153808594,70.328857421875,31.680500030517578,37.335205078125,32.84883499145508,54.756099700927734,93.6570816040039,185.75
2023-04-26,388.11810302734375,71.47183990478516,30.628185272216797,37.60725402832031,124.740966796875,92.64244842529297,69.7230453491211,69.96854400634766,30.937210083007812,36.893707275390625,32.58060073852539,54.176971435546875,92.65886688232422,184.74000549316406
2023-04-27,395.8447570800781,72.98826599121094,31.12188148498535,37.74231719970703,125.39445495605469,94.47392272949219,70.50099182128906,71.81404876708984,31.308856964111328,37.39627456665039,33.367393493652344,57.32353973388672,91.73944854736328,184.75
2023-04-28,399.22344970703125,73.78070831298828,31.49215316772461,38.32761764526367,126.46469116210938,95.38965606689453,70.87626647949219,71.99908447265625,31.263534545898438,37.83308029174805,33.75185775756836,57.815799713134766,93.21926879882812,184.8000030517578
2023-05-01,398.8203125,73.8247299194336,31.406702041625977,37.8953971862793,127.11815643310547,95.90477752685547,70.93115997314453,71.28814697265625,31.317913055419922,37.81428909301758,33.438926696777344,57.80613708496094,90.53132629394531,183.97000122070312
2023-05-02,394.3378601074219,73.1349868774414,30.694644927978516,36.24757385253906,126.56885528564453,94.90316772460938,70.73897552490234,71.3611831665039,30.937210083007812,37.44793701171875,32.866703033447266,56.734771728515625,92.78736877441406,187.52000427246094
2023-05-03,391.6311950683594,72.51866149902344,30.343358993530273,35.563228607177734,126.39836883544922,94.54071044921875,70.1623764038086,70.79631805419922,30.851089477539062,37.034603118896484,32.66106414794922,56.51276779174805,93.30529022216797,189.11000061035156
2023-05-04,388.8572692871094,72.17135620117188,29.954097747802734,35.16703796386719,125.39445495605469,93.51049041748047,69.98847961425781,70.25096130371094,31.086769104003906,36.79507064819336,32.965057373046875,55.60547637939453,92.38356018066406,190.44000244140625
2023-05-05,396.0559387207031,73.98125457763672,30.694644927978516,36.12150955200195,126.5215072631836,94.92224884033203,70.6383056640625,71.67283630371094,31.28618621826172,37.4150505065918,33.47468185424805,56.3004264831543,92.07633209228516,187.4600067138672
2023-05-08,396.1615295410156,73.94213104248047,30.742115020751953,36.12150955200195,126.24684143066406,94.57884979248047,70.42778015136719,71.91629028320312,31.191011428833008,37.292938232421875,33.24222183227539,56.8698844909668,90.78589630126953,187.69000244140625
2023-05-09,394.4242858886719,73.37471008300781,30.628185272216797,36.13501739501953,125.40392303466797,94.7887191772461,70.20813751220703,71.89681243896484,31.150224685668945,36.95477294921875,33.13494110107422,56.51276779174805,90.46112823486328,189.02000427246094
2023-05-10,396.2671203613281,74.26986694335938,30.457290649414062,35.725311279296875,125.75434112548828,94.44532012939453,70.09831237792969,72.26201629638672,31.43575096130371,36.97825241088867,33.44786071777344,57.014671325683594,91.33891296386719,188.75
2023-05-11,395.5760192871094,73.93722534179688,30.40981674194336,35.297603607177734,125.36603546142578,93.87297821044922,70.3088150024414,72.5980224609375,31.113964080810547,36.6165885925293,33.09917068481445,57.58414077758789,92.30457305908203,187.1300048828125
2023-05-12,395.0577697753906,73.83940124511719,30.286392211914062,35.35162353515625,125.19557189941406,93.93975067138672,70.58338165283203,71.98445892333984,31.28618621826172,36.68235397338867,33.16175842285156,57.63239669799805,91.53206634521484,186.80999755859375
2023-05-15,396.42071533203125,74.45086669921875,30.533241271972656,35.53171920776367,124.97773742675781,94.39761352539062,70.40948486328125,72.0770034790039,30.891883850097656,36.992340087890625,33.09917068481445,57.90266418457031,90.58399963378906,187.2100067138672
2023-05-16,393.7715759277344,74.52913665771484,30.248416900634766,34.65828323364258,123.93595886230469,93.1194076538086,69.8145751953125,71.78482055664062,30.207508087158203,36.38175582885742,32.21401596069336,57.8350944519043,90.31188201904297,184.8699951171875
2023-05-17,398.5515441894531,75.52213287353516,30.85604476928711,35.324607849121094,124.08747100830078,94.7219467163086,69.7779541015625,73.27973937988281,30.098737716674805,36.62128829956055,32.634246826171875,58.539695739746094,90.04852294921875,184.22999572753906
2023-05-18,402.3908386230469,77.0678939819336,31.08390235900879,35.581241607666016,123.78441619873047,95.40875244140625,69.43932342529297,74.41917419433594,30.008094787597656,36.83734130859375,32.4286003112793,59.591773986816406,89.38138580322266,181.83999633789062
2023-05-19,401.80535888671875,77.03363800048828,30.95098114013672,35.85588073730469,124.36212158203125,95.17979431152344,69.48509216308594,73.79588317871094,29.962772369384766,36.931278228759766,32.37495422363281,59.27324676513672,88.74932098388672,183.63999938964844
2023-05-22,401.96856689453125,77.1803970336914,31.00794792175293,35.707298278808594,124.48524475097656,95.16073608398438,68.43255615234375,73.5670394897461,29.97183609008789,36.738712310791016,32.589534759521484,59.81377029418945,88.43330383300781,183.2100067138672
2023-05-23,397.4573669433594,76.04065704345703,30.64716911315918,36.09000015258789,123.1214370727539,94.01605224609375,67.92919158935547,72.8950424194336,29.867591857910156,36.170387268066406,32.18720245361328,59.070560455322266,88.68785095214844,183.42999267578125
2023-05-24,394.57781982421875,75.48299407958984,30.248416900634766,36.24757385253906,122.27853393554688,92.80460357666016,67.48986053466797,72.62722778320312,29.672706604003906,35.75706481933594,31.480865478515625,58.80029296875,88.24893188476562,181.9499969482422
2023-05-25,397.9949035644531,78.37885284423828,30.238922119140625,35.603755950927734,121.02838897705078,93.10986328125,66.97733306884766,72.30098724365234,29.273860931396484,35.6302490234375,31.552400588989258,58.80029296875,88.02947998046875,180.1999969482422
2023-05-26,403.149169921875,80.60453796386719,30.48577117919922,35.46418380737305,120.78213500976562,93.8061752319336,67.20613861083984,74.00041198730469,29.273860931396484,35.80873489379883,31.918973922729492,59.997154235839844,88.74054718017578,180.9199981689453
2023-05-30,403.302734375,81.03502655029297,30.476272583007812,35.09950256347656,120.03392791748047,93.66311645507812,66.43733215332031,74.4970932006836,29.160558700561523,35.61616516113281,32.01732635498047,60.09367752075195,89.62714385986328,182.0399932861328
2023-05-31,401.0662841796875,80.35995483398438,30.153474807739258,34.482696533203125,121.0662612915039,92.38488006591797,66.51055145263672,73.82510375976562,29.427963256835938,35.235721588134766,32.222965240478516,60.07437515258789,90.40841674804688,182.32000732421875
2023-06-01,404.8768310546875,81.17686462402344,30.476272583007812,34.9104118347168,121.86181640625,93.5677261352539,66.45563507080078,74.69671630859375,29.21041488647461,35.70540237426758,32.231903076171875,60.88513946533203,90.76313781738281,183.75999450683594
2023-06-02,410.73187255859375,81.6415786743164,31.140867233276367,35.97294616699219,123.42451477050781,96.28631591796875,67.3708724975586,76.4497299194336,29.514076232910156,36.90310287475586,32.91141891479492,60.96236038208008,89.76856231689453,181.0500030517578
2023-06-05,409.94482421875,81.1719741821289,30.979467391967773,35.73432159423828,123.86962890625,95.61859130859375,67.1237564086914,76.67859649658203,29.654577255249023,36.87491989135742,32.75941467285156,61.11679458618164,89.6013412475586,182.13999938964844
2023-06-06,410.83740234375,81.15241241455078,31.36872673034668,36.02245330810547,122.8373031616211,96.21956634521484,66.78512573242188,77.4771728515625,29.631912231445312,37.109764099121094,32.95612335205078,61.36775207519531,90.12940979003906,182.33999633789062
2023-06-07,409.41680908203125,79.93927764892578,31.49215316772461,36.97693634033203,122.35430145263672,97.7648696899414,66.56546783447266,76.9512710571289,30.134994506835938,37.55125427246094,33.56410598754883,60.68244934082031,88.79156494140625,180.14999389648438
2023-06-08,411.89324951171875,80.80509948730469,31.463668823242188,36.81936264038086,123.1404037475586,97.93656921386719,67.02308654785156,78.09070587158203,30.266427993774414,37.4150505065918,33.358455657958984,60.99131774902344,89.8301773071289,182.52999877929688
2023-06-09,412.63232421875,81.20622253417969,31.473161697387695,36.616756439208984,123.51919555664062,97.67902374267578,66.91326141357422,78.494873046875,30.089675903320312,37.10505676269531,33.188575744628906,61.010623931884766,89.70692443847656,182.0399932861328
2023-06-12,416.3756103515625,82.97209930419922,31.463668823242188,36.26558303833008,123.96436309814453,98.37535095214844,66.89495086669922,79.84370422363281,30.035287857055664,37.27415466308594,33.17069625854492,61.734519958496094,89.97100067138672,181.8800048828125
2023-06-13,419.1207580566406,83.47593688964844,31.653554916381836,36.436676025390625,124.58943176269531,99.5200424194336,67.1695327758789,80.6714859008789,30.030752182006836,38.13836669921875,33.412105560302734,61.93722152709961,89.08201599121094,180.5399932861328
2023-06-14,419.61993408203125,84.33687591552734,31.530122756958008,36.062984466552734,123.31085205078125,99.25296020507812,67.5813980102539,80.61305236816406,30.012622833251953,37.978675842285156,33.59091567993164,62.043392181396484,89.79493713378906,180.63999938964844
2023-06-15,424.8221435546875,85.42282104492188,31.9478702545166,36.45918273925781,125.22398376464844,100.75057220458984,68.25865936279297,81.13895416259766,30.33894920349121,38.30276107788086,33.733970642089844,63.02790832519531,90.65752410888672,181.91000366210938
2023-06-16,423.3751220703125,84.71842956542969,31.881412506103516,36.4051513671875,125.21453094482422,100.58839416503906,68.34104919433594,81.01722717285156,30.502113342285156,38.39669418334961,33.69821548461914,62.50669479370117,90.30545043945312,181.6300048828125
2023-06-20,421.1786193847656,84.14588165283203,31.642995834350586,35.590335845947266,125.07377624511719,99.84136199951172,67.82117462158203,81.62419128417969,30.14438247680664,37.877037048339844,33.33623123168945,62.2021484375,90.93037414550781,179.75
2023-06-21,419.02056884765625,82.90080261230469,31.60484504699707,35.87193298339844,125.09278106689453,100.3968734741211,68.06083679199219,80.64347076416016,30.386520385742188,37.999755859375,33.19180679321289,61.58342361450195,91.15042114257812,179.49000549316406
2023-06-22,420.5330810546875,83.57725524902344,31.356895446777344,35.39049530029297,125.94867706298828,99.66899871826172,68.4571762084961,81.67298126220703,30.153520584106445,37.910064697265625,32.722412109375,62.06680679321289,90.0501708984375,177.7100067138672
2023-06-23,417.3538818359375,82.67041015625,31.223377227783203,35.136146545410156,125.53021240234375,98.91241455078125,68.00553131103516,80.7264404296875,29.710350036621094,37.6032829284668,32.37035369873047,61.93145751953125,90.94795227050781,178.1999969482422
2023-06-26,415.648681640625,82.07727813720703,31.156618118286133,35.76747131347656,124.81700897216797,99.73603820800781,68.09769439697266,79.6920394897461,30.002748489379883,37.995033264160156,33.092506408691406,61.312721252441406,91.0447998046875,178.50999450683594
2023-06-27,420.2055969238281,83.69491577148438,31.404571533203125,35.849220275878906,124.53169250488281,100.93317413330078,68.30049133300781,81.40463256835938,30.011886596679688,38.53310012817383,33.453582763671875,62.347171783447266,90.80715942382812,177.69000244140625
2023-06-28,420.41754150390625,83.74392700195312,31.32828140258789,36.21257400512695,124.13228607177734,100.93317413330078,67.83961486816406,81.72665405273438,29.568721771240234,38.2687873840332,33.54384994506836,62.62752914428711,91.19442749023438,177.27999877929688
2023-06-29,422.0745544433594,83.89099884033203,31.871875762939453,36.63042068481445,124.94061279296875,101.9100341796875,67.77510070800781,81.81449127197266,29.568721771240234,38.75020980834961,33.850765228271484,62.289161682128906,89.54850769042969,177.08999633789062
2023-06-30,427.0553894042969,85.22428894042969,32.14844512939453,36.86661148071289,126.22442626953125,102.78154754638672,68.36499786376953,82.853759765625,29.897672653198242,39.1136474609375,34.02227020263672,62.917572021484375,90.60472869873047,178.27000427246094
2023-07-03,427.546630859375,85.04293060302734,32.32963943481445,36.95290756225586,125.18787384033203,102.80070495605469,68.89959716796875,83.85400390625,30.121532440185547,39.25996017456055,34.293087005615234,63.13026809692383,90.09107208251953,178.47000122070312
2023-07-05,426.91082763671875,84.51842498779297,32.26288604736328,36.74851989746094,125.12132263183594,102.24524688720703,68.77978515625,83.88813781738281,30.464189529418945,38.29238510131836,34.46459197998047,63.613651275634766,89.2349853515625,177.83999633789062
2023-07-06,423.56781005859375,84.29293823242188,31.98631477355957,35.92189025878906,124.12278747558594,101.47906494140625,68.60466003417969,82.53661346435547,30.09412384033203,38.013912200927734,34.27503204345703,63.110939025878906,87.97295379638672,177.30999755859375
2023-07-07,422.4985046386719,83.92530822753906,32.03400802612305,36.69401931762695,122.67727661132812,101.70891571044922,67.7105712890625,82.6390609741211,29.87482261657715,38.34430694580078,34.112545013427734,62.88856887817383,87.44340515136719,178.63999938964844
2023-07-10,423.56781005859375,84.14588165283203,32.17705154418945,36.980159759521484,123.64730072021484,103.15505981445312,67.692138671875,82.89278411865234,29.746904373168945,38.334869384765625,34.22989273071289,62.724212646484375,87.55812072753906,178.77999877929688
2023-07-11,426.26531982421875,84.32725524902344,32.55852508544922,37.79315948486328,123.67581939697266,104.37136840820312,67.79352569580078,83.58562469482422,30.116962432861328,38.71244812011719,34.618045806884766,63.81665802001953,88.00822448730469,179.4499969482422
2023-07-12,429.6950378417969,85.28312683105469,32.768333435058594,38.14288330078125,123.34295654296875,104.18939971923828,67.9502182006836,84.3370361328125,30.555561065673828,39.222198486328125,34.78052520751953,64.590087890625,88.98787689208984,181.8800048828125
2023-07-13,433.10546875,86.3958511352539,32.882774353027344,37.9975471496582,123.39051818847656,104.3234634399414,68.2359619140625,85.12745666503906,30.660640716552734,39.52899169921875,35.01523208618164,65.53751373291016,89.92338562011719,182.00999450683594
2023-07-14,432.8357238769531,86.26840209960938,32.663429260253906,36.99378204345703,125.24491882324219,104.01701354980469,68.46638488769531,85.34703063964844,30.54185676574707,39.2977180480957,35.01523208618164,64.91878509521484,89.39385986328125,181.42999267578125
2023-07-17,434.338623046875,87.37132263183594,32.978145599365234,36.921119689941406,124.67435455322266,104.40965270996094,68.26360321044922,85.69345092773438,30.190067291259766,39.33547592163086,34.717342376708984,64.686767578125,89.43795013427734,181.55999755859375
2023-07-18,437.5660400390625,88.36151123046875,33.350074768066406,37.29354476928711,125.59680938720703,104.99386596679688,68.18988037109375,86.04476928710938,29.957059860229492,39.642276763916016,34.42848205566406,65.1314697265625,89.84395599365234,183.63999938964844
2023-07-19,438.5390930175781,88.14093017578125,33.493125915527344,37.511558532714844,126.17692565917969,104.94598388671875,68.88117218017578,86.34727478027344,30.263166427612305,39.42988204956055,34.807613372802734,65.3151626586914,90.85887908935547,183.6699981689453
2023-07-20,435.62957763671875,86.38113403320312,33.74108123779297,37.952117919921875,128.26907348632812,105.415283203125,69.47108459472656,83.40509796142578,30.81597900390625,39.52427291870117,34.69026565551758,64.01969146728516,89.75568389892578,182.74000549316406
2023-07-21,435.62957763671875,86.3370361328125,33.626644134521484,38.28822326660156,129.5624237060547,104.91725158691406,69.71072387695312,83.42462158203125,31.277416229248047,39.52899169921875,34.843719482421875,63.381622314453125,89.78218841552734,182.17999267578125
2023-07-24,437.5756530761719,86.48899841308594,33.95089340209961,38.90592575073242,129.27711486816406,105.15668487548828,69.9780502319336,83.97110748291016,31.195180892944336,39.65170669555664,35.177711486816406,63.497623443603516,89.45565032958984,181.39999389648438
2023-07-25,438.77032470703125,87.47917938232422,33.73154830932617,39.11030578613281,129.22006225585938,105.0225830078125,69.95960235595703,83.77592468261719,31.250001907348633,40.364410400390625,34.91593551635742,63.70065689086914,89.2879409790039,182.41000366210938
2023-07-26,438.83770751953125,86.3027114868164,33.93182373046875,39.123931884765625,129.1344757080078,105.7600326538086,70.04256439208984,83.75643157958984,31.250001907348633,40.227535247802734,35.04230499267578,64.6964340209961,89.37617492675781,183.3000030517578
2023-07-27,435.9281921386719,86.05272674560547,33.50266647338867,38.87412643432617,128.1834716796875,104.8502197265625,69.42499542236328,82.88792419433594,30.69719696044922,39.96793746948242,34.30210876464844,65.23782348632812,87.63758087158203,180.4199981689453
2023-07-28,440.1961669921875,87.22428131103516,33.56942367553711,38.992218017578125,128.56390380859375,105.5014419555664,70.14395141601562,84.2931137084961,30.628665924072266,40.24641418457031,34.20281219482422,66.52363586425781,88.08767700195312,181.86000061035156
2023-07-31,441.0342712402344,87.42525482177734,33.693397521972656,39.73255157470703,127.57486724853516,105.75045776367188,69.82135009765625,84.77127838134766,30.64236831665039,40.458805084228516,34.47361755371094,66.50430297851562,88.29949188232422,182.35000610351562
2023-08-01,439.772216796875,87.57229614257812,33.693397521972656,39.54633331298828,126.90918731689453,106.0665054321289,69.44342803955078,83.8100814819336,30.267732620239258,40.279457092285156,34.410430908203125,66.41728210449219,86.8525161743164,180.4600067138672
2023-08-02,433.6546325683594,85.4056625366211,33.40729522705078,39.02855682373047,126.99474334716797,104.95556640625,69.69231414794922,82.30728149414062,30.267732620239258,39.77914810180664,34.265995025634766,65.17015075683594,85.92327880859375,179.60000610351562
2023-08-03,432.4118347167969,85.05764770507812,33.426368713378906,39.4236946105957,126.35761260986328,104.29473876953125,69.49873352050781,82.50244140625,29.577856063842773,39.533714294433594,33.79659652709961,65.00580596923828,83.9409408569336,179.5399932861328
2023-08-04,430.4561462402344,83.9007797241211,33.29285430908203,39.47820281982422,125.91062927246094,103.66265106201172,68.80743408203125,83.70272827148438,29.235204696655273,39.444034576416016,33.46261215209961,64.86077880859375,85.42768859863281,180.19000244140625
2023-08-07,434.21337890625,84.13609313964844,33.760162353515625,39.52362060546875,127.36564636230469,104.9364242553711,69.36970520019531,84.56147003173828,29.230632781982422,39.70363235473633,33.886878967285156,65.86621856689453,84.58695983886719,179.77999877929688
2023-08-08,432.3251037597656,83.48905181884766,33.45498275756836,39.71892166137695,128.3451385498047,104.45755004882812,68.87196350097656,83.88813781738281,29.367694854736328,39.2835693359375,33.71535873413086,65.68254852294922,85.56929016113281,178.63999938964844
2023-08-09,429.4349365234375,82.41060638427734,33.2070198059082,40.218528747558594,128.30712890625,104.40010070800781,68.97335052490234,82.89278411865234,29.431659698486328,39.123085021972656,33.79659652709961,64.97679901123047,86.01177978515625,177.7899932861328
2023-08-10,429.589111328125,82.4204330444336,33.23563003540039,40.213993072509766,128.22154235839844,104.11276245117188,68.83509063720703,83.09284210205078,29.340288162231445,39.15140914916992,33.688289642333984,65.19916534423828,84.59583282470703,177.60000610351562
2023-08-11,429.3385925292969,81.81258392333984,33.302391052246094,40.831687927246094,129.0203399658203,104.28516387939453,68.94570922851562,82.8098373413086,29.50018882751465,39.042842864990234,33.751468658447266,64.8897933959961,84.40113830566406,177.60000610351562
2023-08-14,431.70849609375,83.11649322509766,33.23563003540039,40.659095764160156,129.4102783203125,104.3234634399414,68.60466003417969,83.06356811523438,29.267183303833008,39.127803802490234,33.570926666259766,65.36351013183594,84.21527862548828,177.05999755859375
2023-08-15,426.6795654296875,82.29788208007812,32.625282287597656,39.81429672241211,128.93478393554688,102.99224090576172,67.86725616455078,81.93158721923828,28.792037963867188,38.490623474121094,33.227909088134766,64.783447265625,83.70198059082031,176.58999633789062
2023-08-16,423.5485534667969,81.51356506347656,32.57759094238281,39.469120025634766,127.95525360107422,102.41764068603516,67.7105712890625,80.91671752929688,28.91996192932129,38.23102569580078,32.82169723510742,64.01001739501953,83.04707336425781,175.57000732421875
2023-08-17,420.3211975097656,80.73906707763672,32.41547775268555,39.94147872924805,126.93766784667969,101.5556869506836,67.05614471435547,79.545654296875,28.856002807617188,38.1555061340332,32.57797622680664,63.27527618408203,82.69310760498047,175.3000030517578
2023-08-18,420.5234375,80.86161804199219,32.40593719482422,40.33661651611328,126.98527526855469,101.74723815917969,67.30499267578125,79.3651351928711,29.006771087646484,38.15079116821289,32.668251037597656,62.89823913574219,82.9851303100586,175.3300018310547
2023-08-21,423.259521484375,82.40570831298828,32.3677864074707,40.082279205322266,127.1183853149414,101.62273406982422,66.8533706665039,80.27753448486328,28.82402229309082,38.1555061340332,32.38842010498047,63.35261917114258,81.87892150878906,175.80999755859375
2023-08-22,422.1131286621094,82.31257629394531,32.062618255615234,39.77342987060547,126.67143249511719,101.38330078125,66.47545623779297,80.39463806152344,28.9062557220459,38.122474670410156,32.48770523071289,63.35261917114258,82.50723266601562,176.10000610351562
2023-08-23,426.8144836425781,83.79784393310547,32.3773307800293,39.67350387573242,127.05183410644531,102.42720794677734,66.91787719726562,81.03868865966797,29.020475387573242,38.18382263183594,32.96612548828125,64.37738800048828,84.55156707763672,177.88999938964844
2023-08-24,420.8992004394531,81.86650848388672,32.26288604736328,39.40098571777344,125.94867706298828,101.18218231201172,66.38326263427734,79.45294952392578,28.8514347076416,38.023353576660156,32.81267166137695,63.139923095703125,83.9940414428711,177.85000610351562
2023-08-25,423.8664245605469,82.69983673095703,32.41547775268555,39.782501220703125,126.87116241455078,102.03455352783203,66.75196075439453,80.3409652709961,29.07073402404785,38.13663101196289,32.90293884277344,63.20759582519531,84.26837158203125,177.6199951171875
2023-08-28,426.5543518066406,83.37629699707031,32.59667205810547,40.05048370361328,127.16596221923828,102.86775970458984,67.05614471435547,80.66299438476562,29.066162109375,38.41510009765625,33.16472244262695,63.98101043701172,84.35685729980469,178.1300048828125
2023-08-29,432.72015380859375,85.04783630371094,32.89231491088867,40.159488677978516,128.30712890625,103.653076171875,67.29580688476562,82.6781005859375,29.175811767578125,39.052284240722656,33.54384994506836,65.40216827392578,85.2330093383789,179.8699951171875
2023-08-30,434.5024108886719,85.68997955322266,32.91138458251953,40.35932922363281,128.21202087402344,104.12236022949219,67.4063949584961,83.03428649902344,29.043323516845703,39.1419677734375,33.661197662353516,65.41185760498047,85.14448547363281,180.32000732421875
2023-08-31,433.8666076660156,86.10665130615234,32.787410736083984,40.386573791503906,126.68092346191406,103.653076171875,67.06535339355469,83.29290008544922,28.764625549316406,39.123085021972656,33.417476654052734,65.47953033447266,85.52505493164062,180.02000427246094
2023-09-01,434.67578125,86.37134552001953,33.08304214477539,41.21321487426758,127.02327728271484,104.198974609375,66.493896484375,82.78544616699219,28.618425369262695,39.56203842163086,33.39942932128906,64.87045288085938,84.19268798828125,180.11000061035156
2023-09-05,432.7972106933594,86.68017578125,32.74925994873047,41.43122100830078,125.71092987060547,102.44636535644531,65.92240142822266,82.84400177001953,28.17983055114746,38.830448150634766,33.065425872802734,64.86077880859375,83.01214599609375,178.63999938964844
2023-09-06,429.8877258300781,85.76349639892578,32.73017883300781,41.44938659667969,125.0262222290039,102.00581359863281,65.84867858886719,82.10723876953125,28.243793487548828,38.7454948425293,33.00224304199219,64.65776824951172,83.21630859375,177.8300018310547
2023-09-07,428.56787109375,84.52333068847656,32.64435577392578,41.40850830078125,125.58727264404297,101.67062377929688,66.00537872314453,82.33655548095703,28.613861083984375,38.570865631103516,33.273040771484375,64.54175567626953,83.44709777832031,178.02000427246094
2023-09-08,429.21331787109375,84.69979095458984,32.71110534667969,41.80819320678711,125.58727264404297,101.16302490234375,66.08831024169922,82.33655548095703,28.86513900756836,38.608619689941406,33.05640411376953,64.735107421875,83.76664733886719,178.0800018310547
2023-09-11,432.0361328125,85.14098358154297,32.86370086669922,41.25862503051758,126.45269012451172,101.19175720214844,66.65979766845703,84.55170440673828,28.983924865722656,38.773807525634766,33.0744514465332,65.7115478515625,83.16301727294922,178.41000366210938
2023-09-12,429.6661682128906,83.59687042236328,33.08304214477539,42.23059844970703,126.2910385131836,100.82781219482422,66.08831024169922,83.78568267822266,29.020475387573242,38.68413162231445,33.0744514465332,65.02515411376953,83.64238739013672,177.49000549316406
2023-09-13,430.16717529296875,83.80765533447266,33.08304214477539,41.912662506103516,126.31006622314453,100.15742492675781,66.29109954833984,84.44925689697266,29.367694854736328,38.457576751708984,32.74046325683594,65.23782348632812,83.6246109008789,177.0800018310547
2023-09-14,433.876220703125,84.41549682617188,33.38821792602539,42.40318298339844,126.70945739746094,101.14388275146484,66.9639892578125,85.27870178222656,29.797161102294922,39.0003662109375,33.33623123168945,66.1465835571289,83.02103424072266,177.1699981689453
2023-09-15,428.64874267578125,82.79296875,33.21656036376953,41.79003143310547,125.71092987060547,100.55966186523438,66.41093444824219,83.81983947753906,29.669235229492188,38.566139221191406,33.20985412597656,65.26683044433594,82.51507568359375,178.33999633789062
2023-09-18,428.9001159667969,83.19086456298828,33.307559967041016,42.144161224365234,125.51995086669922,100.67121124267578,66.38772583007812,82.90824890136719,29.647125244140625,38.40584182739258,32.91960144042969,65.31334686279297,82.98551177978516,179.38999938964844
2023-09-19,428.0106201171875,83.14665985107422,33.269248962402344,41.750675201416016,125.6249771118164,100.24809265136719,66.22997283935547,82.49278259277344,29.485923767089844,38.37264633178711,32.74672317504883,65.3617935180664,82.37301635742188,179.22000122070312
2023-09-20,424.07574462890625,81.83997344970703,33.03934097290039,41.36176681518555,125.63453674316406,99.85383605957031,66.29493713378906,81.67161560058594,29.513561248779297,37.969512939453125,32.81041717529297,64.47014617919922,82.63045501708984,179.35000610351562
2023-09-21,417.0664978027344,80.59223175048828,32.493316650390625,40.79441833496094,124.53638458251953,98.2191162109375,65.4411849975586,79.44273376464844,29.204973220825195,37.20595169067383,31.673065185546875,63.67542266845703,80.50898742675781,178.0500030517578
2023-09-22,416.12872314453125,80.76416015625,32.2442512512207,40.86305236816406,124.27860260009766,97.88255310058594,65.08856201171875,78.66067504882812,29.14970588684082,37.16801452636719,31.454689025878906,63.59788131713867,81.15696716308594,178.6199951171875
2023-09-25,417.8785705566406,81.0245132446289,32.32088851928711,41.37550354003906,124.95657348632812,98.3729476928711,64.85657501220703,79.14458465576172,29.108253479003906,37.46205520629883,31.400102615356445,63.75297164916992,79.15978240966797,177.6999969482422
2023-09-26,411.73944091796875,79.5655517578125,31.889816284179688,41.137577056884766,123.89664459228516,96.87284088134766,64.37401580810547,77.70266723632812,28.23777198791504,36.92138671875,30.845069885253906,63.04545211791992,78.88459014892578,176.27999877929688
2023-09-27,411.9037780761719,79.6883544921875,31.8419189453125,42.1624641418457,123.27597045898438,97.59406280517578,63.84506607055664,77.40449523925781,27.694290161132812,36.916648864746094,30.572105407714844,63.21022415161133,78.4762954711914,174.10000610351562
2023-09-28,414.2917785644531,80.2532730102539,32.07182693481445,42.208221435546875,123.86799621582031,98.00755310058594,64.0399398803711,78.26966094970703,27.095550537109375,37.315032958984375,30.890567779541016,63.90803146362305,78.71595764160156,173.22999572753906
2023-09-29,413.2863464355469,80.52835083007812,31.77486228942871,41.35719680786133,122.93219757080078,97.48826599121094,63.854339599609375,78.68511962890625,27.141603469848633,37.25337600708008,30.9997501373291,63.549434661865234,78.72483825683594,171.4499969482422
2023-10-02,413.1219787597656,81.3929443359375,31.50663948059082,40.533607482910156,122.76031494140625,96.53629302978516,63.418182373046875,78.74866485595703,25.879634857177734,36.7601432800293,30.435619354248047,64.02434539794922,77.40694427490234,169.64999389648438
2023-10-03,407.5918884277344,80.01258087158203,31.00850486755371,40.506168365478516,121.67174530029297,95.86315155029297,62.96347427368164,76.8326187133789,26.179004669189453,36.66054916381836,29.88058853149414,63.16175842285156,75.74181365966797,169.16000366210938
2023-10-04,410.5599670410156,81.009765625,31.23841667175293,39.23419952392578,122.18739318847656,96.17089080810547,63.4645881652832,78.34785461425781,26.151369094848633,37.09212875366211,30.19904899597168,63.762657165527344,76.81036376953125,169.13999938964844
2023-10-05,410.4052734375,81.11785125732422,31.382104873657227,38.991703033447266,122.85580444335938,95.60353088378906,62.21181869506836,77.95683288574219,25.99938201904297,36.641578674316406,30.41742515563965,63.67542266845703,76.42747497558594,168.8300018310547
2023-10-06,415.2779235839844,82.63578033447266,31.65032958984375,39.22505187988281,124.1448974609375,96.91130828857422,61.86845779418945,78.50428009033203,26.367843627929688,36.98779296875,30.535709381103516,64.84814453125,75.50140380859375,169.6999969482422
2023-10-09,417.93658447265625,83.0631332397461,31.669496536254883,40.533607482910156,124.5746078491211,98.4306640625,61.92415237426758,78.58735656738281,26.6303653717041,37.035213470458984,30.936058044433594,65.54595184326172,77.27339172363281,172.82000732421875
2023-10-10,420.1119384765625,83.19086456298828,31.89939308166504,40.58394241333008,125.16661071777344,99.02686309814453,62.5551643371582,79.44762420654297,26.99422264099121,37.428855895996094,31.04524040222168,65.92393493652344,77.16654968261719,172.52999877929688
2023-10-11,421.8327941894531,83.96210479736328,31.94728660583496,40.06235122680664,124.61280059814453,99.62305450439453,62.12830352783203,79.73112487792969,27.431766510009766,37.51896286010742,31.673065185546875,66.52482604980469,78.77826690673828,173.7899932861328
2023-10-12,419.2611083984375,84.04071044921875,31.746122360229492,40.10810470581055,123.54332733154297,98.71915435791016,61.45086669921875,78.86107635498047,27.008037567138672,36.95933532714844,31.254514694213867,65.73979187011719,76.64119720458984,173.25999450683594
2023-10-13,417.1727600097656,82.83718872070312,31.81317901611328,40.99116134643555,124.31680297851562,97.84408569335938,61.98910140991211,77.70266723632812,27.3120174407959,36.82179260253906,31.24541664123535,65.00321197509766,78.01249694824219,178.8300018310547
2023-10-16,421.56207275390625,83.63297271728516,32.14846420288086,41.265682220458984,125.2525634765625,98.88262176513672,62.62940979003906,78.95883178710938,27.592967987060547,37.1822395324707,31.563875198364258,66.04991912841797,76.75691986083984,177.9600067138672
2023-10-17,421.54278564453125,83.24491119384766,32.301727294921875,41.695777893066406,125.08069610595703,99.19033813476562,62.898521423339844,79.14458465576172,27.51927375793457,37.54741668701172,31.400102615356445,66.28253173828125,75.91101837158203,178.2899932861328
2023-10-18,415.9256591796875,82.39014434814453,31.746122360229492,42.07553482055664,123.99213409423828,96.7959213256836,63.130516052246094,77.28717041015625,27.279775619506836,36.57518005371094,30.708585739135742,65.13890838623047,75.2431869506836,180.8699951171875
2023-10-19,412.2712097167969,81.91856384277344,31.324634552001953,42.0023307800293,122.7698745727539,95.9016342163086,62.66651153564453,75.31246948242188,27.008037567138672,36.14834213256836,29.95338249206543,65.07106018066406,73.70269012451172,183.08999633789062
2023-10-20,407.2051086425781,80.53327178955078,30.845659255981445,41.29771423339844,122.28286743164062,94.91114807128906,62.425254821777344,74.14427947998047,26.727087020874023,35.71202850341797,29.798704147338867,64.47014617919922,74.12120819091797,183.58999633789062
2023-10-23,406.4994201660156,80.6266098022461,30.65407371520996,40.62969970703125,121.51896667480469,94.46883392333984,62.304603576660156,74.23225402832031,26.501407623291016,35.31363296508789,29.543935775756836,64.80937957763672,75.01165771484375,182.97000122070312
2023-10-24,409.56414794921875,81.18170166015625,30.864818572998047,40.05778121948242,121.8913803100586,95.18041229248047,62.83356475830078,75.02409362792969,27.183053970336914,35.730987548828125,29.91698455810547,65.57501983642578,76.00003814697266,182.9499969482422
2023-10-25,403.6860046386719,80.22378540039062,30.749868392944336,39.98457336425781,120.80281066894531,93.95915985107422,63.0470085144043,73.50884246826172,27.33504295349121,35.31363296508789,29.28916358947754,62.73531723022461,74.3082046508789,183.72000122070312
2023-10-26,398.8520202636719,78.69114685058594,30.682809829711914,39.673439025878906,119.60917663574219,93.56490325927734,62.6386833190918,72.36019897460938,27.56993865966797,35.56025695800781,29.90789031982422,61.3687629699707,75.4479751586914,184.00999450683594
2023-10-27,397.0440979003906,79.14798736572266,30.127206802368164,38.72175216674805,117.58482360839844,92.73792266845703,61.784942626953125,73.11783599853516,27.049488067626953,35.5460319519043,29.43474578857422,61.14585494995117,75.1274185180664,186.14999389648438
2023-10-30,401.7911376953125,79.9978256225586,30.663650512695312,38.8498649597168,118.24372100830078,93.891845703125,62.75004959106445,73.7874526977539,27.25674819946289,35.91120910644531,29.525737762451172,62.40579605102539,74.78905487060547,185.10000610351562
2023-10-31,404.3144226074219,80.56765747070312,30.998931884765625,38.97798538208008,118.92167663574219,94.584228515625,62.97275924682617,74.3447036743164,27.491640090942383,36.07246398925781,30.11716079711914,62.72562789916992,74.4239501953125,184.08999633789062
2023-11-01,408.6263732910156,82.12487030029297,31.20009422302246,38.886470794677734,119.1699447631836,94.89192962646484,62.90780258178711,75.26360321044922,27.80483055114746,36.091434478759766,30.271839141845703,63.6463508605957,76.0376205444336,183.50999450683594
2023-11-02,416.4574279785156,83.51509094238281,31.937719345092773,40.06235122680664,121.06062316894531,96.84398651123047,63.724422454833984,77.22853088378906,28.32527732849121,36.78860092163086,31.209020614624023,64.48954772949219,77.77102661132812,184.1199951171875
2023-11-03,420.2569274902344,84.374755859375,32.35920715332031,39.65971374511719,121.66219329833984,97.6998291015625,63.79867172241211,78.31363677978516,28.491085052490234,37.3671989440918,31.946029663085938,65.47810363769531,78.2982177734375,184.7899932861328
2023-11-06,421.2236633300781,84.92985534667969,32.26340866088867,39.211326599121094,122.47383880615234,97.44019317626953,63.9007453918457,78.4113998413086,28.417390823364258,37.1822395324707,31.509288787841797,65.30364990234375,77.5387191772461,183.35000610351562
2023-11-07,422.42254638671875,85.8582763671875,32.215511322021484,38.34199523925781,122.55979919433594,97.19979858398438,64.0584945678711,79.28632354736328,28.21013832092285,36.46135711669922,31.24541664123535,65.65254974365234,78.68241882324219,182.58999633789062
2023-11-08,422.7319030761719,86.34458923339844,32.25382995605469,37.861572265625,122.38790893554688,97.42096710205078,63.807945251464844,79.07614135742188,28.00287437438965,36.57518005371094,31.42739486694336,65.3424301147461,80.02267456054688,180.77000427246094
2023-11-09,419.4350891113281,85.94178771972656,32.119720458984375,37.7471809387207,119.85746002197266,97.20941162109375,63.5481071472168,77.60000610351562,27.634418487548828,36.26216506958008,30.94515609741211,65.32305908203125,78.18206024169922,181.49000549316406
2023-11-10,425.9803161621094,88.1867446899414,32.48373031616211,38.163551330566406,120.57362365722656,98.61336517333984,63.9935302734375,78.8904037475586,27.78179931640625,36.68900680541992,31.290910720825195,66.36006164550781,78.6198501586914,179.50999450683594
2023-11-13,425.5743103027344,87.67094421386719,32.43584060668945,38.438079833984375,121.27069854736328,98.69991302490234,64.19770050048828,79.2276840209961,27.4501895904541,36.63683319091797,31.02703857421875,66.21468353271484,78.44115447998047,180.50999450683594
2023-11-14,433.83074951171875,89.42465209960938,33.048919677734375,38.78123092651367,122.09191131591797,100.68082427978516,64.85657501220703,81.89645385742188,28.54635238647461,37.71815490722656,32.701229095458984,67.29048919677734,80.21925354003906,182.1199951171875
2023-11-15,434.74920654296875,89.53763580322266,33.23093032836914,38.70802688598633,122.18739318847656,100.89237976074219,65.37622833251953,81.99420928955078,28.45884132385254,37.8841438293457,32.77402114868164,67.6200180053711,79.09342193603516,181.63999938964844
2023-11-16,435.28094482421875,89.98467254638672,33.36504364013672,37.953086853027344,122.71256256103516,100.91162109375,64.56889343261719,81.15349578857422,28.61083221435547,37.99796676635742,32.76491928100586,67.92045593261719,80.0763168334961,183.69000244140625
2023-11-17,435.8223876953125,89.79801177978516,33.5374755859375,38.749210357666016,122.46430969238281,101.555908203125,64.48535919189453,81.69606018066406,28.689130783081055,38.06910705566406,32.72853088378906,67.91075897216797,80.45157623291016,183.6699981689453
2023-11-20,439.1771240234375,91.09977722167969,33.67158508300781,38.804115295410156,123.20912170410156,101.8636245727539,64.43897247314453,82.11642456054688,28.60162353515625,38.13551330566406,32.983299255371094,68.6764144897461,80.94300079345703,183.3699951171875
2023-11-21,438.2199401855469,90.36290740966797,33.65242004394531,38.7171745300293,123.95391845703125,101.78668975830078,64.63384246826172,81.90624237060547,28.6614990234375,38.28253936767578,32.819515228271484,68.44383239746094,80.90728759765625,185.35000610351562
2023-11-22,439.911865234375,90.7657241821289,33.786529541015625,38.698883056640625,124.54595184326172,102.00786590576172,65.09783172607422,82.155517578125,28.79966926574707,38.306236267089844,32.91960144042969,69.00592803955078,81.19319152832031,184.55999755859375
2023-11-24,440.1825866699219,90.58888244628906,33.891910552978516,38.85901641845703,125.21440887451172,102.25786590576172,65.33911895751953,82.23371887207031,28.87335777282715,38.47223663330078,33.04698944091797,68.7733383178711,80.23712921142578,185.52000427246094
2023-11-27,439.38983154296875,90.58396911621094,33.776954650878906,38.72175216674805,124.4313735961914,101.68091583251953,65.15351867675781,82.3656997680664,28.91942024230957,38.4248046875,33.1652717590332,68.34688568115234,81.57743072509766,186.77000427246094
2023-11-28,439.82489013671875,90.75591278076172,33.76737594604492,38.73090362548828,123.79161071777344,101.44049072265625,65.4504623413086,82.83982849121094,29.011531829833984,38.50069046020508,33.34725570678711,68.51166534423828,81.73820495605469,189.25999450683594
2023-11-29,439.5155029296875,90.82466888427734,34.00686264038086,38.442649841308594,123.82977294921875,101.82515716552734,64.92152404785156,82.61495971679688,28.781246185302734,38.69988250732422,33.60201644897461,68.01737976074219,82.7657699584961,189.5399932861328
2023-11-30,441.24603271484375,90.95731353759766,34.39004135131836,38.698883056640625,125.38624572753906,102.94062805175781,65.57111358642578,82.49766540527344,28.905601501464844,39.08403396606445,33.87498474121094,67.6200180053711,81.80968475341797,188.75
2023-12-01,443.8564147949219,91.16362762451172,34.648677825927734,38.90019226074219,125.88282012939453,104.56575012207031,65.8402099609375,83.62677001953125,29.26024055480957,39.52983474731445,34.584686279296875,67.7557144165039,83.35049438476562,192.00999450683594
2023-12-04,441.5264587402344,90.05345153808594,34.6103630065918,38.72175216674805,126.12151336669922,104.73885345458984,65.92373657226562,83.3090591430664,29.145097732543945,39.069801330566406,34.77577209472656,67.07726287841797,83.01885986328125,187.86000061035156
2023-12-05,441.439453125,90.59379577636719,34.43793869018555,38.04458999633789,125.9592056274414,103.89262390136719,65.4040756225586,83.45569610595703,28.937843322753906,38.53388977050781,34.63018798828125,66.76712036132812,84.80255889892578,187.14999389648438
2023-12-06,439.6605224609375,89.82746887207031,34.265506744384766,37.47723388671875,126.05465698242188,104.35419464111328,65.2370376586914,83.57788848876953,29.32472038269043,38.45326614379883,34.511898040771484,66.59266662597656,85.93195343017578,187.83999633789062
2023-12-07,443.01531982421875,90.91801452636719,34.428348541259766,37.22101593017578,125.90191650390625,104.45036315917969,65.51542663574219,84.26707458496094,29.26024055480957,38.71410369873047,34.55739212036133,67.98829650878906,85.43896484375,188.14999389648438
2023-12-08,444.919921875,91.69416046142578,34.6103630065918,37.6236572265625,126.11197662353516,104.77730560302734,65.06071472167969,84.6532211303711,29.204973220825195,38.85638427734375,34.4846076965332,68.30813598632812,84.73985290527344,185.63999938964844
2023-12-11,446.65045166015625,92.49486541748047,34.821109771728516,37.66940689086914,126.94271087646484,105.77737426757812,65.68244171142578,84.87806701660156,29.393810272216797,39.13146209716797,34.60289001464844,67.78477478027344,84.56056213378906,183.58999633789062
2023-12-12,448.6903991699219,93.10892486572266,35.0701789855957,37.15238571166992,127.48700714111328,106.25818634033203,65.89591217041016,85.14200592041016,29.27406120300293,39.359107971191406,34.593788146972656,68.06584167480469,84.81153869628906,183.49000549316406
2023-12-13,454.8779602050781,93.9292984008789,35.63536071777344,37.66940689086914,129.83602905273438,107.44096374511719,67.0929946899414,86.25645446777344,30.379436492919922,39.838111877441406,35.84943389892578,68.70549011230469,86.80142211914062,187.6300048828125
2023-12-14,456.3377685546875,93.69841003417969,35.98980712890625,38.77665328979492,129.205810546875,108.82568359375,66.10932922363281,87.41487121582031,29.98334503173828,40.49733352661133,36.841209411621094,69.00592803955078,89.05938720703125,188.72999572753906
2023-12-15,455.58642578125,94.16999816894531,35.77904510498047,38.570762634277344,128.10769653320312,108.68144989013672,66.10932922363281,87.5957260131836,29.4628963470459,40.39299392700195,36.395362854003906,68.83148193359375,89.15829467773438,187.0
2023-12-18,458.1491394042969,94.45161437988281,35.8984260559082,38.88580322265625,128.3167724609375,108.67660522460938,66.79751586914062,88.13925170898438,29.396411895751953,40.455562591552734,36.29512405395508,69.68061828613281,88.4478988647461,187.85000610351562
2023-12-19,460.9350891113281,94.81098937988281,36.16798400878906,39.352359771728516,129.1800079345703,109.51777648925781,66.92842102050781,88.82967376708984,29.563779830932617,40.82807159423828,36.54341506958008,70.38985443115234,88.92449188232422,189.1300048828125
2023-12-20,454.5478210449219,93.37834930419922,35.522987365722656,38.98743438720703,127.30966186523438,107.74842071533203,65.62872314453125,87.20887756347656,28.964040756225586,40.202449798583984,36.08363342285156,69.8458023071289,89.5269546508789,188.10000610351562
2023-12-21,458.8578186035156,94.42699432373047,35.869544982910156,39.13987350463867,128.86351013183594,108.86032104492188,66.08688354492188,88.535888671875,29.015182495117188,40.62749481201172,36.387081146240234,70.53560638427734,88.96044921875,189.42999267578125
2023-12-22,459.7799377441406,94.55007934570312,35.946556091308594,39.25535583496094,129.5061492919922,109.38243103027344,66.5918197631836,87.8846206665039,29.112817764282227,40.880611419677734,36.53421401977539,70.54532623291016,88.55580139160156,190.27000427246094
2023-12-26,461.7213134765625,94.94393157958984,36.09095764160156,39.592567443847656,129.79388427734375,110.15592956542969,66.87229919433594,88.25678253173828,29.289480209350586,41.07164001464844,36.8008918762207,70.8173599243164,88.80760192871094,191.72000122070312
2023-12-27,462.5561828613281,94.93899536132812,36.20648193359375,39.41703796386719,130.3406219482422,110.32029724121094,67.18086242675781,88.56037139892578,29.270883560180664,41.171932220458984,37.012386322021484,70.82708740234375,90.38123321533203,192.58999633789062
2023-12-28,462.73089599609375,95.05224609375,36.312374114990234,38.81651306152344,130.67633056640625,110.34930419921875,67.20890808105469,88.10008239746094,29.48009490966797,41.01432418823242,37.242279052734375,71.02139282226562,89.72476959228516,191.47000122070312
2023-12-29,461.39129638671875,94.76177978515625,36.19684982299805,38.7287483215332,130.8105926513672,110.21392822265625,67.34916687011719,87.55654907226562,29.44290542602539,40.85195541381836,36.83767318725586,70.59391021728516,88.91548919677734,191.1699981689453
2024-01-02,458.8092041015625,92.28048706054688,36.35088348388672,39.14448547363281,133.11257934570312,109.10203552246094,68.10652160644531,86.74371337890625,29.870620727539062,40.78031921386719,37.17790985107422,70.19556427001953,88.4029312133789,190.72000122070312
2024-01-03,455.0622253417969,91.34014129638672,36.04281997680664,39.781959533691406,132.89199829101562,107.47767639160156,67.57356262207031,84.99073028564453,29.982200622558594,40.3409423828125,36.29512405395508,69.9332504272461,88.77161407470703,189.1300048828125
2024-01-04,453.596435546875,90.67058563232422,36.18722915649414,39.084442138671875,133.55381774902344,107.6130599975586,67.48006439208984,84.39334106445312,29.889217376708984,40.21199417114258,36.20316696166992,69.70006561279297,87.42276763916016,189.32000732421875
2024-01-05,454.21771240234375,90.6459732055664,36.34125900268555,39.11677551269531,133.43873596191406,107.7387466430664,67.3304672241211,84.52554321289062,30.000797271728516,40.27885818481445,36.129608154296875,69.99152374267578,86.58651733398438,189.35000610351562
2024-01-08,460.7021179199219,92.92051696777344,36.57229995727539,38.66407012939453,134.6184844970703,108.4445571899414,67.8260269165039,85.96514129638672,30.21930694580078,40.45079040527344,36.62617492675781,71.07968139648438,87.44075012207031,187.8699951171875
2024-01-09,460.0032043457031,93.06818389892578,36.34125900268555,38.04507827758789,134.5992889404297,108.10615539550781,68.00367736816406,85.64688110351562,29.972904205322266,39.98754119873047,36.368690490722656,70.9339599609375,86.88323974609375,187.92999267578125
2024-01-10,462.604736328125,93.86082458496094,36.39902114868164,37.67091751098633,135.2131805419922,108.65727233886719,67.8634262084961,86.3323974609375,29.9682559967041,39.935001373291016,36.42387390136719,71.5946273803711,86.47858428955078,187.5
2024-01-11,462.4009094238281,94.33836364746094,36.264244079589844,37.767921447753906,135.1172332763672,108.40589141845703,67.85408020019531,86.21977233886719,29.270883560180664,39.81561279296875,36.08363342285156,71.3614273071289,86.96415710449219,187.8699951171875
2024-01-12,462.72119140625,94.64362335205078,36.19684982299805,38.19290542602539,134.7815399169922,108.39622497558594,68.0691146850586,85.18170166015625,29.43825340270996,39.85381317138672,36.359500885009766,71.7112045288086,86.7933120727539,189.7100067138672
2024-01-16,461.0224609375,94.87992095947266,35.946556091308594,37.28288650512695,133.97584533691406,107.30366516113281,67.69510650634766,85.08374786376953,29.117464065551758,39.39534378051758,36.1388053894043,71.30313110351562,85.26463317871094,187.91000366210938
2024-01-17,458.459716796875,94.4122314453125,35.87916564941406,36.973392486572266,133.707275390625,106.57849884033203,67.64835357666016,84.33946228027344,28.69439697265625,39.10879898071289,35.476722717285156,70.86593627929688,85.12974548339844,185.83999633789062
2024-01-18,462.53668212890625,96.32734680175781,35.936927795410156,36.913333892822266,133.68809509277344,108.01914978027344,67.56422424316406,84.81935119628906,28.38755226135254,39.23296356201172,35.246826171875,71.73063659667969,84.33844757080078,187.3699951171875
2024-01-19,468.30279541015625,98.54769897460938,36.51454162597656,37.0334358215332,133.7648468017578,108.7249526977539,67.36787414550781,85.6370849609375,28.350360870361328,39.271175384521484,35.58707046508789,72.70220184326172,84.60819244384766,187.92999267578125
2024-01-22,469.29296875,98.98094177246094,36.68781661987305,37.17202377319336,134.34991455078125,109.5661392211914,67.04060363769531,85.2600326538086,28.206235885620117,39.38578796386719,35.75259017944336,72.84794616699219,85.11177062988281,187.22000122070312
2024-01-23,470.6616516113281,99.37973022460938,36.745582580566406,37.25054931640625,134.25401306152344,109.47911834716797,67.76992797851562,85.05439758300781,28.257373809814453,39.514732360839844,35.55948257446289,73.56688690185547,84.43736267089844,187.9499969482422
2024-01-24,471.1761779785156,100.06405639648438,36.889984130859375,37.781776428222656,133.0262908935547,108.80230712890625,66.93775177001953,84.73120880126953,27.871498107910156,38.9798469543457,35.07210922241211,74.02352905273438,83.94275665283203,186.39999389648438
2024-01-25,473.7388000488281,100.48252868652344,37.07289123535156,38.631744384765625,132.8248291015625,109.8465347290039,67.58291625976562,83.68330383300781,28.37360382080078,39.390567779541016,35.550289154052734,75.228271484375,84.49128723144531,187.13999938964844
2024-01-26,473.1370544433594,99.3255844116211,37.207672119140625,38.91814041137695,133.5825958251953,109.67249298095703,67.91015625,84.06526184082031,28.45728874206543,39.40489196777344,35.393959045410156,75.47117614746094,84.32942962646484,187.00999450683594
2024-01-29,476.8839416503906,100.23637390136719,37.3039436340332,38.862709045410156,134.52256774902344,110.38797760009766,68.3028793334961,85.2943115234375,28.63860321044922,39.600704193115234,35.65143585205078,76.10267639160156,85.30059814453125,188.3300018310547
2024-01-30,476.5151062011719,99.40927124023438,37.77566146850586,39.264591217041016,134.82949829101562,110.4266586303711,68.68623352050781,85.24534606933594,28.629308700561523,39.78218460083008,35.320396423339844,75.58775329589844,86.07393646240234,188.58999633789062
2024-01-31,468.7396545410156,97.32183074951172,37.313568115234375,38.53010940551758,134.64727783203125,109.15037536621094,68.18132781982422,83.69312286376953,28.56886863708496,39.26161575317383,35.06291580200195,73.72235107421875,86.9192123413086,188.4499969482422
2024-02-01,474.87457275390625,98.54769897460938,37.37133026123047,38.52549362182617,136.39292907714844,111.00677490234375,69.57450103759766,85.30410766601562,29.112817764282227,39.91590118408203,35.679019927978516,74.48016357421875,88.62419891357422,190.41000366210938
2024-02-02,479.8737487792969,99.56682586669922,37.525360107421875,38.580928802490234,136.19151306152344,111.75126647949219,69.35009765625,86.82695770263672,28.587465286254883,39.681888580322266,35.22843933105469,77.47257995605469,86.66661071777344,188.61000061035156
2024-02-05,478.12640380859375,99.79328155517578,37.3039436340332,38.48392105102539,136.61351013183594,111.14213562011719,68.91999053955078,85.6028060913086,27.99237632751465,38.6742057800293,34.52956771850586,76.38443756103516,84.91648864746094,187.57000732421875
2024-02-06,479.5145568847656,99.3354263305664,37.38095474243164,38.608642578125,138.1002197265625,112.13803100585938,69.07894134521484,86.1218490600586,28.09465789794922,39.35713577270508,35.0537223815918,76.15126037597656,85.7464599609375,188.5500030517578
2024-02-07,483.5139465332031,100.6499252319336,37.660133361816406,38.687171936035156,138.4742889404297,112.88252258300781,69.01348876953125,87.08648681640625,28.113252639770508,39.672340393066406,35.03532409667969,76.53987121582031,85.33150482177734,188.5
2024-02-08,483.7275085449219,100.96500396728516,37.51573181152344,39.084442138671875,138.2344970703125,112.90185546875,68.99478912353516,87.46842193603516,27.913341522216797,39.61980056762695,35.22843933105469,76.83134460449219,84.83529663085938,188.3300018310547
2024-02-09,486.5232238769531,102.32379913330078,37.62162780761719,38.48392105102539,138.12901306152344,113.07588195800781,68.3589859008789,88.09027099609375,28.02027130126953,39.70576477050781,35.320396423339844,76.91878509521484,84.66390228271484,187.60000610351562
2024-02-12,486.3096008300781,101.54593658447266,37.7949104309082,38.908905029296875,138.31126403808594,113.24024963378906,68.84518432617188,88.016845703125,28.3457088470459,40.02096939086914,35.210052490234375,77.16168975830078,84.76314544677734,187.11000061035156
2024-02-13,479.61163330078125,99.82281494140625,37.284690856933594,38.51625061035156,137.0260009765625,112.08000183105469,68.10652160644531,86.26384735107422,27.876148223876953,39.457427978515625,34.566349029541016,76.07353210449219,83.31074523925781,184.52999877929688
2024-02-14,483.97021484375,100.86653137207031,37.64087677001953,38.47930145263672,138.21534729003906,113.95574188232422,67.97562408447266,87.17462158203125,28.029569625854492,39.710548400878906,34.796241760253906,77.2879867553711,83.7347183227539,184.4199981689453
2024-02-15,487.30950927734375,100.65484619140625,38.28587341308594,39.55099105834961,139.22247314453125,114.80659484863281,68.41508483886719,88.1833267211914,28.499130249023438,40.460330963134766,35.63304901123047,77.91949462890625,84.16773223876953,185.66000366210938
2024-02-16,484.8827209472656,99.72927856445312,38.151100158691406,39.527896881103516,139.6732635498047,114.12010955810547,68.5179443359375,87.65938568115234,28.466585159301758,40.67524337768555,35.26521301269531,76.70504760742188,83.68060302734375,186.33999633789062
2024-02-20,482.21319580078125,98.71509552001953,38.045204162597656,39.16758728027344,139.2032928466797,113.76236724853516,69.23789978027344,86.83184814453125,28.447988510131836,40.58927536010742,35.210052490234375,76.58847045898438,83.7527847290039,187.47000122070312
2024-02-21,482.6499938964844,98.09477996826172,38.160728454589844,39.90206527709961,139.51019287109375,114.216796875,69.4903564453125,87.47330474853516,28.824565887451172,40.81374740600586,35.46752166748047,76.50102233886719,83.15736389160156,187.47999572753906
2024-02-22,492.638671875,101.30471801757812,38.60356140136719,39.97135543823242,141.150390625,115.62841796875,69.70539855957031,89.17243957519531,28.601409912109375,41.22446060180664,35.55948257446289,77.64746856689453,83.56332397460938,187.55999755859375
2024-02-23,492.9783935546875,101.0683822631836,38.79609680175781,39.70804977416992,141.8218231201172,116.23755645751953,69.92046356201172,88.77091217041016,28.80597496032715,41.46802520751953,35.60545349121094,77.45316314697266,84.68193817138672,188.6199951171875
2024-02-26,491.1728820800781,101.16686248779297,38.60356140136719,39.84663391113281,141.09283447265625,116.06352996826172,69.63995361328125,89.04512786865234,28.238779067993164,41.21968460083008,35.20085144042969,76.32613372802734,84.42935943603516,188.1999969482422
2024-02-27,492.08538818359375,101.2554702758789,38.70945358276367,39.675716400146484,140.7475128173828,116.23755645751953,69.64929962158203,89.33892822265625,28.773426055908203,41.37251281738281,35.22843933105469,76.94793701171875,83.83396911621094,188.0
2024-02-28,491.43499755859375,100.77792358398438,38.853858947753906,39.59718704223633,140.04734802246094,116.63397979736328,69.72410583496094,89.69148254394531,28.861766815185547,41.50145721435547,35.679019927978516,76.42328643798828,84.36622619628906,188.33999633789062
2024-02-29,493.2016906738281,101.9004135131836,38.8346061706543,39.79119873046875,138.90594482421875,116.99173736572266,69.61190795898438,90.29866790771484,28.87105941772461,41.816654205322266,35.964080810546875,77.1033935546875,84.96160888671875,189.30999755859375
2024-03-01,497.83197021484375,103.76136779785156,38.78647232055664,40.25313949584961,140.36387634277344,117.49449920654297,69.62125396728516,90.59736633300781,28.69439697265625,42.007694244384766,36.359500885009766,77.7446060180664,85.49100494384766,192.88999938964844
2024-03-04,497.2981262207031,103.76136779785156,38.88273239135742,39.82353973388672,140.15286254882812,117.91991424560547,69.67735290527344,89.37321472167969,29.177902221679688,42.31333541870117,36.77330017089844,76.72447967529297,85.14710998535156,196.00999450683594
2024-03-05,492.3280334472656,101.21114349365234,38.892372131347656,40.11917495727539,139.10739135742188,116.95304870605469,69.84564971923828,88.26166534423828,29.094219207763672,42.08887481689453,36.3043212890625,76.10267639160156,86.35977172851562,197.19000244140625
2024-03-06,494.82281494140625,102.01366424560547,39.09452438354492,40.243900299072266,140.0569610595703,117.56217956542969,70.43470764160156,87.94828796386719,29.373167037963867,42.3993034362793,36.50662612915039,76.20954132080078,86.86653137207031,198.80999755859375
2024-03-07,499.7346496582031,103.62351989746094,39.036766052246094,40.585731506347656,140.70916748046875,118.50971984863281,70.8367691040039,88.6191177368164,29.563779830932617,42.919864654541016,36.50662612915039,77.44342803955078,86.78511047363281,199.94000244140625
2024-03-08,496.735107421875,102.08258819580078,39.104156494140625,40.72892761230469,140.4501953125,118.2486572265625,70.27577209472656,88.29105377197266,29.638166427612305,42.67152404785156,36.938819885253906,77.32683563232422,86.63125610351562,201.6300048828125
2024-03-11,496.30804443359375,101.80196380615234,39.171539306640625,41.149288177490234,140.37347412109375,117.63951873779297,70.65911102294922,88.0511245727539,29.786935806274414,43.15386962890625,36.754913330078125,77.18111419677734,86.58599853515625,202.0
2024-03-12,501.64703369140625,103.8893814086914,39.335205078125,41.08462905883789,141.02566528320312,118.1616439819336,71.02376556396484,88.81008911132812,29.498693466186523,43.14910125732422,36.66295623779297,77.86121368408203,85.86202239990234,199.7899932861328
2024-03-13,500.8606262207031,102.76689147949219,39.62400436401367,41.74057388305664,140.47898864746094,118.48072052001953,71.20143127441406,88.62401580810547,29.698606491088867,43.57413864135742,36.43306350708008,77.99723052978516,85.44576263427734,201.19000244140625
2024-03-14,499.8705749511719,102.78659057617188,39.30631637573242,42.1701774597168,139.980224609375,117.97793579101562,70.6497573852539,88.06090545654297,29.461498260498047,43.344905853271484,35.91810989379883,77.81263732910156,84.13359832763672,200.35000610351562
2024-03-15,496.43817138671875,101.23578643798828,39.2678108215332,42.29489517211914,139.42388916015625,117.99726867675781,70.62171936035156,87.18441009521484,29.50334358215332,43.36400604248047,35.89971923828125,77.03539276123047,84.1064224243164,199.7100067138672
2024-03-18,499.3885192871094,101.73334503173828,39.49296188354492,42.44111633300781,139.40753173828125,118.2067642211914,71.0757064819336,87.85033416748047,29.639280319213867,43.44308853149414,35.8941650390625,78.61746215820312,83.85303497314453,200.02999877929688
2024-03-19,502.1636657714844,102.26099395751953,39.68621826171875,42.92540740966797,140.33163452148438,119.22512817382812,71.33944702148438,88.6109619140625,29.901784896850586,43.44788360595703,35.8941650390625,78.58824920654297,84.08831787109375,199.8000030517578
2024-03-20,506.8084411621094,103.40508270263672,40.15971374511719,42.86487579345703,140.0139617919922,120.6605224609375,71.55607604980469,89.9310302734375,29.939279556274414,43.884037017822266,36.04229736328125,79.51373291015625,84.06116485595703,202.17999267578125
2024-03-21,508.4832458496094,103.47904205322266,40.488258361816406,43.120994567871094,140.19686889648438,121.85344696044922,71.59375762939453,90.45611572265625,29.89240837097168,44.06616973876953,36.18116760253906,79.54295349121094,84.24217224121094,201.97000122070312
2024-03-22,507.51922607421875,103.51355743408203,40.0244255065918,43.027862548828125,140.00433349609375,121.43639373779297,71.24525451660156,89.66603088378906,29.934595108032227,43.79297637939453,35.755287170410156,79.70856475830078,85.04756927490234,200.35000610351562
2024-03-25,506.1170349121094,102.82810974121094,39.86982345581055,43.42833709716797,139.8118133544922,120.65081787109375,71.0474624633789,89.37158966064453,30.07522201538086,43.80735778808594,35.616416931152344,79.435791015625,84.62227630615234,200.99000549316406
2024-03-26,505.1822509765625,102.40401458740234,40.00510787963867,43.093055725097656,140.322021484375,120.2143783569336,71.08513641357422,89.48446655273438,29.7330322265625,43.7738037109375,35.468284606933594,79.27018737792969,84.8575439453125,201.63999938964844
2024-03-27,509.4277038574219,102.92674255371094,40.47858810424805,43.493534088134766,142.1894989013672,122.1444091796875,71.82923889160156,90.51990509033203,30.562721252441406,44.40167236328125,36.366329193115234,79.6793441772461,85.69914245605469,203.10000610351562
2024-03-28,509.33026123046875,102.70482635498047,40.70085144042969,43.96385955810547,142.20875549316406,122.16380310058594,71.92342376708984,90.24018096923828,30.77366828918457,44.52149963378906,36.59778594970703,79.5527114868164,85.62675476074219,205.72000122070312
2024-04-01,508.44427490234375,102.9908447265625,40.47858810424805,44.289825439453125,140.99586486816406,121.22303771972656,71.34886932373047,89.56788635253906,30.586162567138672,44.416053771972656,35.95896911621094,80.16642761230469,84.03058624267578,207.82000732421875
2024-04-02,505.21148681640625,101.9996337890625,40.2660026550293,44.90916442871094,138.8010711669922,120.6605224609375,70.98152923583984,88.247802734375,30.637727737426758,44.25309371948242,35.56086730957031,80.039794921875,83.56751251220703,210.88999938964844
2024-04-03,505.7664794921875,102.2708511352539,40.24668502807617,45.21650314331055,138.6470489501953,121.2812271118164,70.19974517822266,88.31161499023438,30.515850067138672,44.51670837402344,35.57938003540039,80.67301940917969,83.54936981201172,212.74000549316406
2024-04-04,499.5930480957031,100.65338897705078,39.792518615722656,45.18856430053711,136.64480590820312,120.2143783569336,69.89835357666016,87.27619171142578,30.454912185668945,44.06616973876953,35.3016357421875,79.58191680908203,84.14860534667969,211.52000427246094
2024-04-05,504.812255859375,101.80732727050781,40.16937255859375,45.6728630065918,137.86732482910156,121.88253784179688,70.01136016845703,87.76200866699219,30.543977737426758,44.463985443115234,35.5330924987793,80.39049530029297,82.97735595703125,215.13999938964844
2024-04-08,505.0946044921875,101.68897247314453,40.34330749511719,45.38414764404297,137.4245147705078,121.66918182373047,69.90776062011719,88.59623718261719,30.745540618896484,44.49753952026367,35.8386116027832,80.40025329589844,82.96826934814453,216.47999572753906
2024-04-09,505.6788330078125,102.20182037353516,40.11139678955078,45.39811325073242,137.9154510498047,121.38792419433594,70.24683380126953,89.01335906982422,30.914289474487305,44.60298156738281,36.29226303100586,80.4879150390625,83.74005126953125,217.6699981689453
2024-04-10,500.6154479980469,100.94927215576172,39.51228332519531,45.53781509399414,136.29824829101562,120.35015106201172,69.99252319335938,87.63931274414062,30.384599685668945,43.90800857543945,34.80168914794922,79.85469818115234,81.91505432128906,215.61000061035156
2024-04-11,504.3935241699219,102.9661865234375,39.232059478759766,45.505226135253906,135.7399444580078,120.48594665527344,69.82298278808594,88.34596252441406,30.32366180419922,43.874454498291016,34.838722229003906,80.55611419677734,81.54280853271484,219.8000030517578
2024-04-12,497.431396484375,101.29940795898438,38.71025466918945,44.764808654785156,133.71839904785156,119.1960220336914,69.1165542602539,86.91304016113281,30.093969345092773,43.09799575805664,34.47765350341797,79.23121643066406,81.97862243652344,216.88999938964844
2024-04-15,491.199462890625,99.37619018554688,38.51698684692383,44.345706939697266,133.44886779785156,118.3425521850586,68.833984375,85.46538543701172,29.817407608032227,42.89190673828125,33.87586975097656,78.22779846191406,80.70748901367188,220.9499969482422
2024-04-16,490.3036193847656,99.49452209472656,38.25608825683594,43.95919418334961,133.49700927734375,118.07098388671875,68.86225891113281,84.97957611083984,29.42365074157715,42.561195373535156,33.35740661621094,77.96476745605469,80.17181396484375,221.22000122070312
2024-04-17,487.4018859863281,98.05951690673828,38.352718353271484,43.833465576171875,133.26597595214844,117.45996856689453,69.1165542602539,84.5673599243164,30.037721633911133,42.65705871582031,33.07965850830078,77.89657592773438,81.06158447265625,219.58999633789062
2024-04-18,486.3989562988281,96.94009399414062,38.48800277709961,43.69842529296875,133.25633239746094,117.05262756347656,69.43680572509766,84.04226684570312,30.20647621154785,42.67143249511719,33.088924407958984,78.27650451660156,80.65299987792969,220.33999633789062
2024-04-19,482.15350341796875,94.94290924072266,39.019474029541016,44.22462844848633,133.7569122314453,116.83926391601562,70.11497497558594,83.30618286132812,30.670536041259766,42.63787841796875,33.21854019165039,77.4192123413086,80.94353485107422,221.02999877929688
2024-04-22,486.5937194824219,95.79109954833984,39.49296188354492,44.513343811035156,134.26710510253906,117.72183227539062,70.78372192382812,83.6742172241211,30.95178985595703,42.68101501464844,33.48701858520508,77.52637481689453,80.80736541748047,215.57000732421875
2024-04-23,492.3679504394531,97.21131134033203,39.744205474853516,44.76015090942383,136.01907348632812,119.36089324951172,70.98152923583984,84.67040252685547,31.097105026245117,42.31195831298828,33.792545318603516,78.70514678955078,80.8345947265625,215.0399932861328
2024-04-24,492.13421630859375,97.6551513671875,39.734535217285156,44.792747497558594,135.5955047607422,118.41043090820312,71.5184097290039,85.48011016845703,31.284605026245117,42.34071350097656,33.92215347290039,78.75385284423828,80.26261138916016,214.63999938964844
2024-04-25,490.2646484375,97.44309997558594,39.502628326416016,44.99763870239258,134.69065856933594,118.76927185058594,71.34886932373047,85.5537109375,31.368982315063477,42.64267349243164,33.72773361206055,75.94818115234375,79.69966888427734,215.9199981689453
2024-04-26,494.9093933105469,98.54277038574219,39.44464874267578,44.58319854736328,134.72918701171875,118.9632568359375,71.19815063476562,86.32416534423828,31.02678871154785,42.906280517578125,33.75551223754883,78.0427017211914,80.1173095703125,216.6199951171875
2024-04-29,496.6621398925781,98.96687316894531,39.386661529541016,44.88587951660156,135.1815948486328,119.758544921875,71.4242172241211,88.33125305175781,31.448665618896484,43.2657585144043,34.13509750366211,77.1366958618164,80.78921508789062,216.17999267578125
2024-04-30,488.7943420410156,96.78722381591797,39.00014877319336,43.549407958984375,135.0853271484375,117.85762023925781,71.1133804321289,86.18185424804688,31.284605026245117,42.479713439941406,33.50553894042969,75.85075378417969,80.09916687011719,211.8699951171875
2024-05-01,487.2071838378906,95.79602813720703,39.00014877319336,42.85556411743164,135.3260040283203,117.566650390625,70.66127014160156,85.64205169677734,31.64554214477539,42.70018005371094,33.524051666259766,76.55216979980469,80.68956756591797,213.7899932861328
2024-05-02,491.76422119140625,97.17679595947266,39.096778869628906,43.10236358642578,135.22972106933594,118.24555206298828,71.25466918945312,86.72166442871094,31.814300537109375,42.479713439941406,34.00548553466797,77.32180786132812,81.03579711914062,213.1300048828125
2024-05-03,497.85980224609375,99.88409423828125,39.18374252319336,43.10702896118164,135.566650390625,119.06993865966797,71.47130584716797,87.30561828613281,32.067420959472656,42.91107940673828,34.27396774291992,78.14012145996094,81.85581970214844,212.9600067138672
2024-05-06,503.0010681152344,101.05776977539062,39.68621826171875,43.44696807861328,136.11532592773438,120.27257537841797,71.50898742675781,88.2380142211914,32.23149108886719,43.16989517211914,34.283226013183594,79.20198822021484,82.17472076416016,215.1999969482422
2024-05-07,503.55615234375,100.72736358642578,39.82150650024414,43.405052185058594,137.24163818359375,120.60232543945312,72.29076385498047,87.60497283935547,32.59711837768555,43.6827392578125,34.64430236816406,79.28966522216797,82.67585754394531,214.2100067138672
2024-05-08,503.6047668457031,101.01338195800781,39.96644592285156,43.35382843017578,136.76991271972656,120.60232543945312,72.07412719726562,87.27619171142578,32.93930435180664,43.481441497802734,34.32025909423828,79.16302490234375,82.17472076416016,213.5800018310547
2024-05-09,506.5065002441406,100.98379516601562,40.2660026550293,43.9359130859375,137.94435119628906,121.80493927001953,72.69579315185547,87.86994171142578,33.44087600708008,43.96552658081055,35.13498306274414,79.56243896484375,82.57560729980469,216.9499969482422
2024-05-10,507.1590576171875,101.35857391357422,40.42061233520508,43.69377136230469,138.22349548339844,121.89224243164062,73.11021423339844,87.39884948730469,33.408058166503906,44.01824188232422,35.00537109375,79.6793441772461,82.1109390258789,218.7100067138672
2024-05-13,507.2270202636719,101.8369140625,40.25634002685547,43.577354431152344,138.08872985839844,121.37821197509766,72.90299224853516,87.28598022460938,33.408058166503906,43.98948287963867,35.09795379638672,79.53321838378906,82.32049560546875,216.25999450683594
2024-05-14,509.5542907714844,102.73934173583984,40.45926284790039,43.63323211669922,138.67593383789062,121.34912109375,72.76171875,87.68346405029297,33.49712371826172,44.03261947631836,35.34792709350586,79.89366912841797,82.7851791381836,218.08999633789062
2024-05-15,515.8641357421875,105.0521469116211,40.758819580078125,43.73102569580078,140.73594665527344,122.1444091796875,72.8088150024414,87.81598663330078,33.99868392944336,44.10930633544922,35.94971466064453,80.40025329589844,83.91497039794922,220.88999938964844
2024-05-16,514.802734375,104.68721008300781,40.758819580078125,43.60994338989258,140.57229614257812,121.41700744628906,73.84490203857422,87.24673461914062,33.88149642944336,43.79297637939453,35.88490295410156,80.34180450439453,83.83297729492188,220.02999877929688
2024-05-17,515.5426635742188,104.45545196533203,41.058380126953125,44.219970703125,140.8418426513672,121.55278778076172,73.66594696044922,87.69330596923828,33.90962219238281,44.16682434082031,35.88490295410156,80.47818756103516,83.26807403564453,223.66000366210938
2024-05-20,516.13671875,105.68333435058594,40.497920989990234,43.931251525878906,140.54342651367188,121.78556060791016,73.15730285644531,87.0406265258789,33.85337448120117,44.229129791259766,35.6627082824707,80.71198272705078,83.0220718383789,224.55999755859375
2024-05-21,517.402587890625,105.85594177246094,40.758819580078125,43.7170524597168,140.78408813476562,121.38792419433594,73.59058380126953,87.60005950927734,34.1580696105957,44.229129791259766,35.63492965698242,80.60482025146484,83.45030975341797,224.22999572753906
2024-05-22,515.9127807617188,106.09264373779297,40.52690887451172,42.878849029541016,141.0343780517578,121.53339385986328,73.29859161376953,86.68729400634766,33.75493621826172,43.79777145385742,35.329410552978516,80.70223999023438,83.5505142211914,220.11000061035156
2024-05-23,512.1444702148438,105.22966766357422,39.96644592285156,42.4876823425293,139.49415588378906,120.0979995727539,72.43204498291016,85.2838134765625,33.18305969238281,43.40953826904297,34.579490661621094,79.78650665283203,83.01295471191406,215.72000122070312
2024-05-24,515.5330810546875,106.11730194091797,40.20802688598633,42.54822540283203,139.0225067138672,120.7090072631836,72.62041473388672,86.14258575439453,33.515869140625,43.788185119628906,34.579490661621094,80.80940246582031,83.25896453857422,215.9199981689453
2024-05-28,515.893310546875,106.56605529785156,39.76353073120117,42.9859504699707,137.337890625,119.23480224609375,72.05528259277344,85.93157958984375,33.483055114746094,43.620426177978516,34.37581253051758,80.94578552246094,82.06535339355469,218.19000244140625
2024-05-29,512.2808227539062,105.89045715332031,39.44464874267578,42.22690963745117,136.2693634033203,117.5472412109375,71.53724670410156,85.36724853515625,33.05180740356445,42.997344970703125,34.05176544189453,80.51715087890625,81.07227325439453,216.16000366210938
2024-05-30,508.88238525390625,103.47412109375,39.65723419189453,42.347984313964844,136.3367919921875,118.35224151611328,71.72561645507812,85.8727035522461,33.49712371826172,43.347232818603516,34.54246520996094,80.25411224365234,81.85581970214844,216.57000732421875
2024-05-31,513.5174560546875,103.63684844970703,40.23701858520508,43.40039825439453,138.32936096191406,119.78764343261719,72.84648132324219,86.3536148071289,34.08775329589844,43.86966323852539,35.227569580078125,81.11140441894531,82.41162109375,215.3000030517578
2024-06-03,513.9360961914062,103.89820861816406,39.985774993896484,42.264163970947266,139.3016357421875,118.3231430053711,72.8182144165039,86.31433868408203,33.69868087768555,43.610843658447266,35.08869171142578,81.43289184570312,83.74456024169922,217.22000122070312
2024-06-04,514.510498046875,104.11518096923828,39.80217742919922,41.859031677246094,139.70594787597656,118.03218078613281,73.44930267333984,86.40267944335938,33.684627532958984,43.12675476074219,35.42198944091797,81.74463653564453,84.72282409667969,215.27000427246094
2024-06-05,520.6255493164062,106.42799377441406,39.91814041137695,41.854366302490234,140.34127807617188,119.22512817382812,73.28916931152344,86.90812683105469,33.492431640625,43.42391586303711,35.37569808959961,82.73831176757812,85.34449768066406,217.82000732421875
2024-06-06,520.615966796875,106.07293701171875,39.898807525634766,42.0732421875,140.80335998535156,118.5171127319336,73.51522827148438,87.54116821289062,33.14555740356445,43.47184371948242,35.43124771118164,82.78702545166016,85.21651458740234,219.42999267578125
2024-06-07,519.9830322265625,106.31950378417969,40.0824089050293,41.905601501464844,140.95738220214844,118.64321899414062,73.14789581298828,87.18295288085938,32.78461837768555,43.03569793701172,35.15350341796875,82.22199249267578,83.65316009521484,211.60000610351562
2024-06-10,521.589599609375,106.59071350097656,39.92779541015625,42.22225570678711,141.47718811035156,119.01174926757812,73.09138488769531,87.46265411376953,33.20649719238281,42.992557525634766,35.329410552978516,82.42656707763672,83.09546661376953,213.5399932861328
2024-06-11,522.8458862304688,108.5730972290039,39.4736328125,42.138431549072266,140.8899688720703,118.33285522460938,73.05370330810547,87.23201751708984,33.00493240356445,42.97817611694336,35.218318939208984,82.58245086669922,83.9548568725586,214.14999389648438
2024-06-12,527.139892578125,110.97466278076172,39.43498229980469,41.686729431152344,140.59156799316406,119.4578857421875,72.2530746459961,88.13986206054688,32.789302825927734,43.059654235839844,35.468284606933594,82.4070816040039,84.585693359375,214.72000122070312
2024-06-13,528.2013549804688,111.8524398803711,39.40599060058594,41.30487823486328,140.47604370117188,118.69168853759766,72.3472671508789,88.20857238769531,32.86430740356445,43.0452766418457,35.644187927246094,81.6959228515625,85.82904052734375,212.97000122070312
2024-06-14,528.522705078125,112.27159118652344,39.28037643432617,40.997535705566406,140.42791748046875,117.49877166748047,72.47914123535156,87.51172637939453,32.78461837768555,42.64746856689453,35.67196273803711,81.95895385742188,86.55128479003906,215.72999572753906
2024-06-17,532.7291870117188,113.97290802001953,39.62824630737305,41.10464859008789,140.28350830078125,118.79837036132812,73.16673278808594,89.04772186279297,32.423675537109375,42.963802337646484,35.48680114746094,82.34864044189453,85.69192504882812,214.61000061035156
2024-06-18,534.0826416015625,114.11592864990234,39.879486083984375,41.27694320678711,140.46641540527344,119.43849182128906,73.26091766357422,88.74836730957031,32.4377326965332,42.915870666503906,35.62567138671875,81.86152648925781,86.47817993164062,215.47000122070312
2024-06-20,532.6318359375,112.83377838134766,40.092071533203125,42.03598403930664,140.928466796875,119.51607513427734,73.10079956054688,88.86123657226562,32.718994140625,42.959007263183594,35.5330924987793,82.21224975585938,85.90220642089844,218.16000366210938
2024-06-21,531.9176635742188,112.63652038574219,39.937461853027344,41.7938346862793,141.3231658935547,119.26393127441406,73.15730285644531,89.6120376586914,32.52680206298828,42.963802337646484,35.62567138671875,82.748046875,85.90220642089844,214.77999877929688
2024-06-24,530.1885375976562,109.87507629394531,40.34782791137695,42.847660064697266,142.14749145507812,119.77095031738281,73.93740844726562,89.22944641113281,32.95444107055664,43.2407112121582,35.866024017333984,83.02545166015625,86.24958801269531,215.6300048828125
2024-06-25,532.2302856445312,111.89058685302734,40.047088623046875,42.94623565673828,141.70297241210938,118.74909973144531,73.46290588378906,88.87045288085938,32.64257049560547,42.691707611083984,35.361000061035156,83.95337677001953,86.39588928222656,214.55999755859375
2024-06-26,532.8946533203125,111.76214599609375,39.79485321044922,42.52376937866211,141.200439453125,118.42794036865234,73.31105041503906,90.15892791748047,32.50553512573242,42.662818908691406,35.31424331665039,83.96315002441406,85.1616439819336,212.5800018310547
2024-06-27,533.734619140625,111.81649017333984,39.7463493347168,42.62234878540039,140.96849060058594,118.554443359375,72.99787139892578,90.70970916748047,32.56224060058594,42.542415618896484,35.63221740722656,84.4417724609375,85.49989318847656,214.99000549316406
2024-06-28,531.6343383789062,111.75720977783203,39.882164001464844,42.78663635253906,140.85250854492188,118.60311126708984,72.67522430419922,89.70154571533203,32.198394775390625,42.52796936035156,35.92213821411133,83.67012786865234,83.9091567993164,215.00999450683594
2024-07-01,532.728515625,112.60194396972656,39.96947479248047,42.81010437011719,140.06005859375,117.32823181152344,72.16275024414062,90.00645446777344,31.976299285888672,41.87302780151367,35.576107025146484,83.31848907470703,82.46096801757812,215.57000732421875
2024-07-02,536.3136596679688,113.16510009765625,40.43514633178711,42.777252197265625,139.54786682128906,117.97053527832031,72.66572570800781,91.75721740722656,32.141685485839844,41.95008087158203,35.725738525390625,84.06082916259766,83.10295867919922,215.55999755859375
2024-07-03,538.7069702148438,114.69155883789062,40.309024810791016,42.96500778198242,138.48484802246094,118.39874267578125,72.54235076904297,92.34243774414062,32.335426330566406,42.26310729980469,35.688331604003906,84.09013366699219,84.19436645507812,217.99000549316406
2024-07-05,541.8134765625,115.04229736328125,40.29932403564453,42.29375457763672,139.55755615234375,117.97053527832031,73.4344253540039,93.0948715209961,32.39213180541992,42.33053207397461,35.81926345825195,85.72135162353516,84.89141845703125,220.92999267578125
2024-07-08,542.4386596679688,115.8277587890625,40.192604064941406,42.035579681396484,139.40293884277344,118.11651611328125,73.3205337524414,93.13912200927734,32.42520523071289,42.455745697021484,35.90343475341797,84.94969940185547,85.07483673095703,218.19000244140625
2024-07-09,542.9662475585938,115.73389434814453,40.503047943115234,41.66474533081055,140.0793914794922,117.60071563720703,73.13074493408203,93.44894409179688,32.51971435546875,42.02232360839844,35.91278839111328,85.21341705322266,84.69880676269531,218.55999755859375
2024-07-10,548.3389282226562,117.41348266601562,40.658267974853516,41.94639205932617,141.4033660888672,118.65177917480469,73.45340728759766,94.15220642089844,32.826866149902344,42.58576583862305,36.16529846191406,85.75065612792969,84.96478271484375,219.36000061035156
2024-07-11,543.61083984375,114.47418212890625,40.97841262817383,42.38294982910156,142.39874267578125,120.16023254394531,73.17819213867188,92.95716857910156,33.42697525024414,43.16847229003906,37.12858963012695,84.5785140991211,85.79021453857422,223.25
2024-07-12,547.039794921875,115.49678039550781,41.114234924316406,42.490909576416016,143.287841796875,120.85118865966797,73.5008544921875,94.17189025878906,33.67268753051758,43.58262252807617,37.39979934692383,84.30502319335938,86.15709686279297,223.11000061035156
2024-07-15,548.544189453125,115.70425415039062,41.71571350097656,43.134002685546875,142.7853240966797,121.71733093261719,73.07379913330078,94.06369018554688,32.8552131652832,43.471866607666016,37.55879211425781,84.60781860351562,85.16655731201172,223.8300018310547
2024-07-16,551.7970581054688,115.31893920898438,42.19108581542969,43.326454162597656,144.8244171142578,124.75370025634766,73.77606964111328,95.7505111694336,33.110382080078125,44.31461715698242,37.914180755615234,84.83248138427734,86.36801147460938,228.2899932861328
2024-07-17,544.0601806640625,110.83341979980469,42.51122283935547,43.75831604003906,145.48153686523438,123.15765380859375,74.7250747680664,94.15220642089844,33.12928009033203,44.223121643066406,38.25086212158203,83.55290222167969,86.3863525390625,227.22999572753906
2024-07-18,539.8792114257812,110.84332275390625,41.99705505371094,43.838111877441406,142.1764678955078,122.1941909790039,74.35496520996094,93.19322204589844,33.10092544555664,43.78488540649414,37.93288040161133,83.50407409667969,85.72603607177734,225.77999877929688
2024-07-19,536.2940673828125,109.10936737060547,41.570194244384766,43.35931396484375,142.9012908935547,121.522705078125,74.10821533203125,92.36210632324219,33.13873291015625,43.39480972290039,37.8861198425293,83.13290405273438,85.22156524658203,221.72999572753906
2024-07-22,541.8231811523438,111.69298553466797,41.80303192138672,43.08706283569336,143.7227325439453,122.75865173339844,74.15567016601562,93.38011169433594,33.41752624511719,43.53927993774414,38.26021194458008,83.48452758789062,84.97395324707031,221.8000030517578
2024-07-23,540.9733276367188,111.24838256835938,41.880638122558594,42.4017219543457,143.63572692871094,122.52509307861328,73.88995361328125,92.96208190917969,33.20961380004883,43.712646484375,38.194740295410156,83.36731719970703,84.854736328125,222.5800018310547
2024-07-24,528.7135009765625,106.64433288574219,41.30826187133789,42.40641784667969,144.8340606689453,119.88772583007812,73.82351684570312,89.16060638427734,33.582916259765625,43.15402603149414,37.671016693115234,81.18912506103516,83.93756866455078,221.8000030517578
2024-07-25,525.958740234375,105.50318908691406,41.46348571777344,43.138694763183594,144.10928344726562,120.85118865966797,73.73810577392578,88.8114242553711,33.30411911010742,43.274417877197266,37.465274810791016,80.25142669677734,84.62544250488281,218.3300018310547
2024-07-26,531.8492431640625,106.84193420410156,42.113468170166016,43.27482223510742,144.92105102539062,122.91436767578125,74.48782348632812,89.8048324584961,33.630165100097656,43.98233413696289,38.09186935424805,81.75565338134766,85.28578186035156,220.6300048828125
2024-07-29,532.161865234375,106.36769104003906,42.05526351928711,42.90399169921875,145.00804138183594,122.70026397705078,74.51629638671875,91.3047866821289,33.781375885009766,44.059383392333984,38.33503723144531,82.47846984863281,85.7443618774414,220.32000732421875
2024-07-30,529.4656982421875,103.69515991210938,42.54032516479492,43.57054901123047,145.13363647460938,123.06033325195312,74.01332092285156,90.7982406616211,33.956214904785156,43.9149169921875,38.615596771240234,82.81056213378906,86.07454681396484,222.52000427246094
2024-07-31,538.0718994140625,108.08679962158203,42.43362045288086,43.75362014770508,144.60214233398438,124.43253326416016,73.88045501708984,92.2047348022461,34.395668029785156,44.37240219116211,38.522071838378906,83.79710388183594,86.95499420166016,226.5500030517578
2024-08-01,530.4523315429688,104.05577850341797,41.83213424682617,42.594181060791016,146.0807342529297,122.12606811523438,74.5637435913086,89.9425277709961,35.014686584472656,44.19422912597656,39.12062454223633,84.13896179199219,87.7049789428711,225.77000427246094
2024-08-02,520.5762329101562,101.13130187988281,40.80379104614258,41.49575424194336,145.7908172607422,119.44005584716797,75.21856689453125,86.63282012939453,35.071388244628906,43.36109924316406,39.148677825927734,82.77149200439453,90.43798828125,225.33999633789062
2024-08-05,505.4151611328125,97.76223754882812,39.6202278137207,40.580406188964844,141.89622497558594,117.36714935302734,73.73810577392578,84.18373107910156,34.14522933959961,42.393131256103516,38.01705551147461,80.39794158935547,90.91648864746094,222.47999572753906
2024-08-06,510.0746765136719,99.0910873413086,40.26051712036133,40.829200744628906,142.5533905029297,118.77828979492188,74.25057220458984,85.11321258544922,34.433475494384766,42.60984420776367,38.85875701904297,81.34540557861328,88.88282775878906,220.6999969482422
2024-08-07,506.6654968261719,97.485595703125,40.309024810791016,40.99348831176758,141.10377502441406,118.20410919189453,74.32648468017578,83.62802124023438,34.6272087097168,42.03194808959961,38.578189849853516,80.91563415527344,88.2571029663086,220.5500030517578
2024-08-08,518.3782958984375,101.1263656616211,40.959007263183594,41.87598419189453,144.22525024414062,120.92903900146484,75.00028228759766,85.45252990722656,34.665008544921875,42.68207550048828,38.905517578125,82.52729797363281,87.71415710449219,224.00999450683594
2024-08-09,520.6640014648438,101.58084869384766,41.133636474609375,41.96986770629883,144.9403839111328,120.9485092163086,75.11417388916016,85.73776245117188,34.783145904541016,42.64836502075195,39.1019172668457,83.23058319091797,88.57917785644531,224.55999755859375
2024-08-12,520.937744140625,102.41075897216797,40.92020797729492,42.1764030456543,144.38955688476562,120.33540344238281,74.73456573486328,85.3984375,34.844573974609375,42.46055603027344,38.86811065673828,82.6542739868164,88.9012451171875,228.41000366210938
2024-08-13,529.5048217773438,105.55752563476562,41.25975799560547,41.76802062988281,146.13870239257812,121.60055541992188,75.07621002197266,87.5376968383789,35.04776382446289,42.88433837890625,39.13932800292969,83.72872924804688,89.51779174804688,228.05999755859375
2024-08-14,531.1751708984375,106.13551330566406,41.76422119140625,42.012115478515625,146.66055297851562,122.09687042236328,75.41785430908203,87.07051849365234,35.02414321899414,42.88433837890625,39.27961349487305,83.25011444091797,90.07910919189453,226.1999969482422
2024-08-15,540.2797241210938,109.18840789794922,42.152278900146484,42.51437759399414,147.57867431640625,123.74158477783203,76.196044921875,89.84909057617188,35.019412994384766,43.56336212158203,39.167381286621094,84.00222778320312,89.35214233398438,226.91000366210938
2024-08-16,541.4910278320312,109.3711929321289,42.46271514892578,42.46744155883789,147.7332763671875,123.56640625,76.40482330322266,90.06055450439453,35.17534637451172,43.6163330078125,39.148677825927734,84.25618743896484,89.66499328613281,231.99000549316406
2024-08-19,546.6685180664062,111.17427825927734,42.69554901123047,42.75377655029297,148.6320343017578,124.31575775146484,76.66105651855469,91.16708374023438,35.406883239746094,43.82341766357422,39.38248825073242,85.21341705322266,90.07910919189453,231.61000061035156
2024-08-20,545.779541015625,110.7840347290039,42.55972671508789,41.627197265625,149.23118591308594,123.97514343261719,77.04065704345703,91.08346557617188,35.3312873840332,43.66448974609375,39.419891357421875,85.1548080444336,90.7968521118164,232.4600067138672
2024-08-21,547.6550903320312,111.43611907958984,42.491825103759766,41.697608947753906,149.48245239257812,124.7245101928711,77.56262969970703,92.23424530029297,35.58173370361328,44.16533279418945,39.55082702636719,85.51622009277344,90.8520736694336,232.14999389648438
2024-08-22,543.3568725585938,108.87226104736328,42.73435592651367,41.80556869506836,149.57908630371094,124.56879425048828,77.44873046875,90.640869140625,35.5391960144043,44.07383346557617,39.79398727416992,84.87155151367188,89.95026397705078,229.3699951171875
2024-08-23,549.1301879882812,110.6358413696289,43.10300827026367,42.42988586425781,150.2265625,125.81449127197266,77.66699981689453,92.39161682128906,35.63843536376953,44.65653991699219,40.560874938964844,85.4673843383789,90.53919219970703,232.02000427246094
2024-08-26,547.8211669921875,109.24769592285156,43.238826751708984,42.81010437011719,150.1492462158203,125.67823028564453,78.21743774414062,91.6736068725586,35.86997604370117,44.85398864746094,40.53281784057617,85.66273498535156,90.30915069580078,232.75999450683594
2024-08-27,548.5733032226562,109.90965270996094,43.46195983886719,42.411109924316406,150.38121032714844,125.75611114501953,78.40723419189453,91.43263244628906,35.58645248413086,44.85879898071289,40.63568878173828,85.4673843383789,90.15272521972656,233.38999938964844
2024-08-28,545.3887939453125,108.39308166503906,43.568668365478516,42.13885498046875,150.55514526367188,125.69770050048828,78.07508087158203,90.54743194580078,35.58645248413086,44.666175842285156,40.49541091918945,84.90084838867188,90.04228973388672,231.75
2024-08-29,545.4376220703125,107.41495513916016,43.956722259521484,42.68806076049805,150.8740692138672,126.58330535888672,77.68599700927734,90.6556167602539,35.780189514160156,44.911781311035156,40.3364143371582,84.72502899169922,89.74781036376953,232.9499969482422
2024-08-30,550.6443481445312,108.84261322021484,44.37387466430664,42.847660064697266,151.9177703857422,127.93607330322266,78.30284881591797,92.02278137207031,36.049537658691406,45.40298080444336,40.729217529296875,85.29156494140625,88.79080963134766,231.2899932861328
2024-09-03,539.3126831054688,103.8433609008789,44.04403305053711,41.782100677490234,151.6278533935547,125.10404968261719,78.853271484375,90.75890350341797,35.997562408447266,44.37240219116211,40.82274627685547,83.72872924804688,90.24300384521484,230.2899932861328
2024-09-04,538.2088012695312,103.57659149169922,44.09254455566406,41.20472717285156,151.366943359375,125.23055267333984,79.22339630126953,90.99495697021484,36.30470657348633,44.18941116333008,40.916263580322266,83.3282470703125,91.40625,230.42999267578125
2024-09-05,536.8997192382812,103.41852569580078,43.60747146606445,40.88552474975586,149.28915405273438,123.77076721191406,78.91969299316406,92.0276870727539,36.21491622924805,43.842681884765625,40.80403137207031,83.57244873046875,91.92322540283203,232.35000610351562
2024-09-06,527.8635864257812,100.7361068725586,42.96718978881836,40.373870849609375,148.7769775390625,122.51535034179688,78.75836944580078,89.70154571533203,35.86997604370117,43.28886795043945,40.80403137207031,81.82402801513672,91.91400909423828,230.6300048828125
2024-09-09,533.773681640625,102.38604736328125,43.60747146606445,40.6649055480957,149.82070922851562,124.39361572265625,79.36573028564453,91.00969696044922,36.233821868896484,43.70783615112305,41.29035186767578,82.17566680908203,92.31097412109375,231.60000610351562
2024-09-10,536.0986938476562,103.9174575805664,43.161216735839844,39.965484619140625,150.5068359375,124.60770416259766,79.34676361083984,92.05228424072266,36.403934478759766,43.72710037231445,42.019832611083984,82.1561279296875,92.95722961425781,232.6199951171875
2024-09-11,541.5984497070312,107.46437072753906,42.957481384277344,39.59465026855469,150.06228637695312,124.83155822753906,78.6065444946289,92.971923828125,36.51734161376953,43.833045959472656,41.9076042175293,82.49800109863281,92.88335418701172,232.25
2024-09-12,546.1605224609375,108.35355377197266,43.054500579833984,39.9514045715332,150.6034698486328,125.79500579833984,79.09051513671875,94.01942443847656,36.59767150878906,44.237571716308594,41.982421875,84.04129028320312,92.44947814941406,236.3300018310547
2024-09-13,549.0130004882812,108.89695739746094,43.18061828613281,40.17671585083008,150.91273498535156,127.06990051269531,79.65044403076172,94.65876007080078,37.112735748291016,44.63727569580078,42.281700134277344,84.85201263427734,92.69873809814453,238.67999267578125
2024-09-16,549.8238525390625,108.48200225830078,43.74329376220703,40.636741638183594,151.95645141601562,127.72195434570312,79.9636001586914,94.49644470214844,37.3962516784668,45.05143356323242,42.42197799682617,85.74087524414062,93.54806518554688,238.66000366210938
2024-09-17,550.0484619140625,108.26957702636719,43.976131439208984,41.18594741821289,150.39085388183594,128.42263793945312,79.20439910888672,94.9783935546875,37.36790084838867,45.13812255859375,42.08529281616211,85.74087524414062,93.09569549560547,237.33999633789062
2024-09-18,548.4171142578125,107.28157806396484,43.84030532836914,41.265743255615234,150.1396026611328,128.3155975341797,78.90072631835938,94.79153442382812,37.084388732910156,44.94548416137695,41.96371841430664,85.6725082397461,91.94169616699219,235.50999450683594
2024-09-19,557.7754516601562,110.46785736083984,44.325374603271484,41.758628845214844,150.6807861328125,130.52474975585938,78.43571472167969,96.95046997070312,36.86701202392578,45.6245002746582,41.86083984375,86.8348617553711,91.6370620727539,239.1699981689453
2024-09-20,556.811279296875,109.92940521240234,44.296268463134766,41.66474533081055,150.06228637695312,129.60992431640625,78.81531524658203,96.72916412353516,37.84043884277344,45.301849365234375,41.7860221862793,86.8348617553711,91.28623962402344,242.2100067138672
2024-09-23,558.2027587890625,109.90911865234375,44.24271774291992,42.17921447753906,149.7683563232422,130.4798583984375,79.27230072021484,97.90449523925781,38.215797424316406,45.69753646850586,42.248443603515625,87.02983093261719,91.09236145019531,242.67999267578125
2024-09-24,559.7999267578125,110.66133880615234,43.87273406982422,42.0750846862793,149.46766662597656,131.4171905517578,79.08148956298828,98.76197052001953,37.94462203979492,46.32154846191406,42.248443603515625,87.44131469726562,91.07388305664062,246.07000732421875
2024-09-25,558.5652465820312,110.97807312011719,43.60984420776367,41.25156784057617,148.01268005371094,130.80206298828125,78.88114166259766,98.40715026855469,38.144432067871094,46.011966705322266,42.06950759887695,87.1669921875,90.3168716430664,245.72999572753906
2024-09-26,560.7798461914062,112.44789123535156,43.83378601074219,40.4422492980957,148.5074005126953,131.4562225341797,79.06242370605469,98.82601928710938,37.882774353027344,46.96489715576172,41.655120849609375,87.6568603515625,90.52918243408203,246.97999572753906
2024-09-27,559.966552734375,111.39874267578125,43.96035385131836,41.26576614379883,148.42977905273438,131.6417236328125,79.20551300048828,98.97386169433594,38.25860595703125,46.882667541503906,41.71162796020508,88.18592071533203,91.00003051757812,245.02000427246094
2024-09-30,562.21044921875,111.72535705566406,44.12588119506836,41.55447006225586,149.39979553222656,132.2373046875,79.18643951416016,98.74224090576172,38.429874420166016,46.6214599609375,42.06950759887695,88.5680160522461,90.56613159179688,243.05999755859375
2024-10-01,557.1738891601562,109.00348663330078,43.892208099365234,42.50104904174805,148.6140899658203,132.30564880371094,78.91929626464844,98.34308624267578,38.739097595214844,46.5053596496582,41.81521987915039,88.63658905029297,91.22000885009766,245.61000061035156
2024-10-02,557.4090576171875,109.81015014648438,43.94089126586914,42.936466217041016,148.31336975097656,132.06155395507812,78.25146484375,97.51024627685547,38.75812911987305,46.32638168334961,41.6645393371582,88.36227416992188,90.45127868652344,245.66000366210938
2024-10-03,556.3900756835938,110.26544952392578,43.70720291137695,43.693721771240234,146.9747772216797,131.3878936767578,77.46914672851562,96.38174438476562,38.74385452270508,45.81363296508789,41.25956726074219,88.05855560302734,89.59919738769531,245.49000549316406
2024-10-04,561.4461059570312,111.49275207519531,44.44718933105469,44.10075378417969,147.09117126464844,132.30564880371094,77.72673797607422,97.65808868408203,38.682010650634766,46.03614807128906,40.986454010009766,89.03827667236328,88.49703216552734,245.0
2024-10-07,556.3704223632812,110.72567749023438,43.901939392089844,44.25693893432617,146.44126892089844,131.98342895507812,76.95397186279297,96.1402587890625,37.792388916015625,45.900699615478516,40.685081481933594,87.84302520751953,87.83018493652344,244.1699981689453
2024-10-08,561.63232421875,112.79430389404297,44.15509033203125,43.10212326049805,147.23666381835938,132.27635192871094,77.33556365966797,97.07658386230469,37.81142044067383,45.6878662109375,40.80751037597656,88.61699676513672,87.97836303710938,242.3699951171875
2024-10-09,565.5223999023438,114.05626678466797,44.564022064208984,43.3624267578125,148.74017333984375,133.45774841308594,77.80306243896484,97.77142333984375,37.487918853759766,45.97809600830078,40.82633972167969,88.6463851928711,87.47822570800781,241.0500030517578
2024-10-10,564.5326538085938,114.02656555175781,44.42771530151367,43.655860900878906,148.18727111816406,132.7742919921875,77.4596176147461,97.28849792480469,37.373741149902344,46.08451461791992,40.487308502197266,87.9899673461914,87.1355209350586,242.82000732421875
2024-10-11,567.9132690429688,114.22453308105469,45.28452682495117,43.925636291503906,149.27366638183594,135.1468505859375,77.88893127441406,96.8745346069336,37.70199203491211,46.384429931640625,40.90168762207031,88.59739685058594,86.78359985351562,245.47000122070312
2024-10-14,572.5579223632812,115.7141342163086,45.56687927246094,43.906700134277344,150.09817504882812,135.95721435546875,78.2037582397461,97.29834747314453,38.177734375,46.65047836303711,41.184226989746094,89.0088882446289,86.84841918945312,245.07000732421875
2024-10-15,568.1092529296875,113.17042541503906,45.66424560546875,42.4915771484375,148.26486206054688,134.91253662109375,78.69986724853516,97.51024627685547,38.348995208740234,46.60210037231445,41.702205657958984,89.20484924316406,87.90426635742188,245.9199981689453
2024-10-16,570.57861328125,113.52178955078125,46.22896957397461,42.695091247558594,148.68197631835938,135.95721435546875,78.64262390136719,98.02277374267578,39.110172271728516,46.96489715576172,42.11659240722656,89.14605712890625,88.27474212646484,247.14999389648438
2024-10-17,570.62744140625,113.86820983886719,46.35554504394531,42.89860534667969,147.81866455078125,135.56668090820312,78.28961944580078,97.93405151367188,38.76288986206055,47.03745651245117,41.843475341796875,88.72476196289062,86.87618255615234,248.6300048828125
2024-10-18,572.822509765625,114.27401733398438,46.365272521972656,42.756622314453125,148.5364990234375,135.97669982910156,78.46134948730469,98.31843566894531,38.986480712890625,47.226104736328125,42.13542938232422,89.3812026977539,86.94103240966797,251.27000427246094
2024-10-21,571.8817749023438,114.80850219726562,45.995296478271484,42.62883377075195,146.7904815673828,135.49832153320312,77.80306243896484,97.55460357666016,38.83424377441406,46.86331558227539,41.26898193359375,89.02848815917969,85.4220962524414,251.22000122070312
2024-10-22,571.5779418945312,114.6897201538086,45.90766143798828,42.72822189331055,146.5770721435547,133.85806274414062,78.2419204711914,97.16036224365234,38.6962776184082,46.432804107666016,41.33490753173828,89.15586853027344,85.50545501708984,253.92999267578125
2024-10-23,566.355224609375,113.04669952392578,45.868717193603516,42.505775451660156,145.88836669921875,133.46749877929688,78.08928680419922,95.63269805908203,39.06735610961914,46.30703353881836,41.73987579345703,88.47982025146484,85.2739028930664,250.8699951171875
2024-10-24,567.5801391601562,113.37828063964844,45.90766143798828,42.50104904174805,144.92808532714844,132.5497283935547,77.98432922363281,98.64861297607422,38.815216064453125,45.74107360839844,41.834049224853516,88.78356170654297,85.82035827636719,252.8000030517578
2024-10-25,567.3840942382812,113.96717071533203,45.401363372802734,42.48685073852539,144.13265991210938,132.19825744628906,77.33556365966797,98.9590835571289,38.23957824707031,45.450843811035156,41.504432678222656,89.0088882446289,85.3387451171875,253.32000732421875
2024-10-28,569.13818359375,113.93254089355469,45.96607971191406,42.217071533203125,144.3460693359375,132.5887908935547,77.47869110107422,99.19070434570312,38.53929901123047,45.82814025878906,41.63627624511719,89.57713317871094,85.107177734375,253.3300018310547
2024-10-29,570.0592041015625,115.46669006347656,45.683719635009766,41.573402404785156,143.94837951660156,132.4130401611328,76.71544647216797,98.67325592041016,37.716270446777344,45.533077239990234,41.25956726074219,90.41970825195312,85.2368392944336,256.0899963378906
2024-10-30,568.3345947265625,113.63066101074219,45.888187408447266,41.668060302734375,143.67677307128906,132.18849182128906,76.5914077758789,98.53526306152344,37.625877380371094,45.77976989746094,41.41025161743164,90.9683609008789,85.48693084716797,257.5
2024-10-31,557.1935424804688,109.98335266113281,45.255313873291016,41.92836380004883,142.46426391601562,130.6653594970703,76.43876647949219,97.02729797363281,38.015987396240234,45.17511749267578,40.685081481933594,90.17477416992188,85.62584686279297,253.50999450683594
2024-11-01,559.545166015625,110.80982208251953,45.411102294921875,41.66332244873047,143.30816650390625,130.84109497070312,76.46739196777344,98.60426330566406,37.16917419433594,45.049346923828125,40.251853942871094,90.52747344970703,84.4186782836914,252.47000122070312
2024-11-04,558.33984375,110.72567749023438,45.06058120727539,42.392189025878906,142.3672637939453,130.69467163085938,76.67728424072266,98.26422882080078,36.72673797607422,45.247676849365234,40.70391082763672,90.22376251220703,85.72901916503906,252.8300018310547
2024-11-05,565.0912475585938,112.28457641601562,45.4792594909668,42.6761589050293,143.4148712158203,132.8817138671875,77.1638412475586,100.0038070678711,37.27859115600586,45.315391540527344,41.25956726074219,91.22309112548828,86.18436431884766,253.39999389648438
2024-11-06,579.142578125,115.48153686523438,48.244422912597656,44.28059387207031,143.5991668701172,138.08566284179688,75.90449523925781,103.20207977294922,36.89324951171875,45.93940353393555,40.157676696777344,93.46669006347656,83.82390594482422,245.6999969482422
2024-11-07,583.6206665039062,117.4957275390625,47.46550750732422,44.077083587646484,144.63706970214844,137.25576782226562,76.18116760253906,104.5277099609375,36.9598503112793,46.118377685546875,40.65681838989258,94.69135284423828,84.87403106689453,249.64999389648438
2024-11-08,586.148681640625,117.36705017089844,47.8939094543457,44.37051773071289,145.67495727539062,138.73004150390625,77.10659790039062,106.01103973388672,37.6686897277832,45.69753646850586,41.35374450683594,94.23088073730469,85.95203399658203,247.9600067138672
2024-11-11,586.7072143554688,116.71875,48.575469970703125,44.62136459350586,144.82138061523438,139.8040313720703,76.83946990966797,108.1498031616211,37.77336120605469,45.49921417236328,40.99586868286133,94.75993347167969,85.53384399414062,242.13999938964844
2024-11-12,584.8847045898438,116.8672103881836,48.42942428588867,44.38471984863281,142.80377197265625,138.60313415527344,76.92533874511719,106.70587921142578,37.34043502807617,44.725250244140625,40.47788619995117,95.19100952148438,84.25140380859375,240.0500030517578
2024-11-13,585.1688232421875,116.46141052246094,48.4586296081543,44.730220794677734,142.4254608154297,138.89601135253906,77.15430450439453,107.6175765991211,37.273834228515625,44.8316764831543,40.798095703125,95.23020935058594,83.45219421386719,237.6300048828125
2024-11-14,581.406005859375,116.06550598144531,48.33205795288086,44.90060043334961,140.18475341796875,136.5527801513672,76.96348571777344,106.08988952636719,37.1453857421875,44.46403884887695,40.4307975769043,95.1224365234375,83.93543243408203,237.00999450683594
2024-11-15,573.9591064453125,113.18527221679688,48.55598831176758,44.83434295654297,137.58514404296875,135.82054138183594,76.2861099243164,105.18314361572266,37.70199203491211,44.154449462890625,40.47788619995117,93.22174835205078,83.71240234375,236.58999633789062
2024-11-18,576.310791015625,113.55148315429688,48.70204544067383,45.43068313598633,137.68215942382812,135.63502502441406,76.82038116455078,106.1539535522461,38.03025436401367,44.497901916503906,40.83576583862305,94.14269256591797,83.861083984375,241.08999633789062
2024-11-19,578.41748046875,114.48187255859375,48.3807373046875,45.1419792175293,136.97402954101562,135.51785278320312,76.92533874511719,106.23280334472656,38.27288055419922,44.352779388427734,41.005287170410156,94.75993347167969,84.2885513305664,243.25
2024-11-20,578.6134033203125,114.38289642333984,48.23468780517578,45.59632873535156,138.59396362304688,135.664306640625,76.53416442871094,105.7646484375,38.29190444946289,44.715576171875,40.939361572265625,95.36737060546875,84.01908111572266,244.6199951171875
2024-11-21,581.7196655273438,115.54586791992188,48.84809112548828,45.96549987792969,139.70947265625,137.3631591796875,77.36418914794922,105.95191955566406,38.957942962646484,45.262184143066406,41.21247482299805,95.1224365234375,83.95401000976562,246.66000366210938
2024-11-22,583.5226440429688,115.6052474975586,49.393333435058594,46.03647994995117,139.83555603027344,139.27682495117188,78.07972717285156,107.47958374023438,38.74861526489258,45.513729095458984,41.52326202392578,94.91669464111328,84.00048065185547,249.83999633789062
2024-11-25,585.501953125,115.60030364990234,49.71464157104492,45.12778091430664,141.02865600585938,140.145751953125,78.50906372070312,108.57852935791016,38.81997299194336,45.98293685913086,42.07891845703125,95.40656280517578,86.17507934570312,242.47999572753906
2024-11-26,588.5591430664062,116.1793212890625,49.812007904052734,45.066253662109375,141.7852783203125,140.31175231933594,78.83342742919922,108.97277069091797,39.43843078613281,45.639495849609375,42.286109924316406,95.75926971435547,85.84052276611328,242.9499969482422
2024-11-27,586.7757568359375,114.6055908203125,49.90936279296875,45.018924713134766,142.54183959960938,139.7942657470703,78.99563598632812,108.43562316894531,39.43843078613281,45.61530303955078,42.578067779541016,95.88663482666016,86.4352798461914,243.49000549316406
2024-11-29,590.4208374023438,115.6695785522461,49.98726272583008,45.21297073364258,142.98806762695312,140.58514404296875,79.39633178710938,109.54934692382812,39.452701568603516,45.84749984741211,42.38028335571289,96.4058837890625,87.32742309570312,245.58999633789062
2024-12-02,591.4791259765625,116.76824951171875,49.490699768066406,44.73495101928711,142.73587036132812,139.55018615722656,79.30093383789062,110.50537872314453,38.605899810791016,45.8184700012207,41.73987579345703,97.19947052001953,87.53726196289062,243.44000244140625
2024-12-03,591.7535400390625,117.18889617919922,49.12071228027344,44.730220794677734,142.415771484375,138.67149353027344,78.89069366455078,110.42159271240234,38.27288055419922,45.6733512878418,41.495018005371094,97.9832763671875,86.78187561035156,243.92999267578125
2024-12-04,595.427978515625,119.33174133300781,48.93571090698242,43.651126861572266,142.33816528320312,139.27682495117188,78.6712417602539,111.44662475585938,38.26811981201172,45.22832489013672,41.38199996948242,98.20860290527344,87.71443939208984,244.6699981689453
2024-12-05,594.4481201171875,118.72798919677734,49.081764221191406,43.821510314941406,140.74734497070312,137.58770751953125,78.986083984375,112.35829162597656,38.387054443359375,44.633338928222656,41.278404235839844,97.9832763671875,87.89161682128906,242.86000061035156
2024-12-06,595.5750122070312,119.18821716308594,49.072025299072266,43.07844924926758,139.9519500732422,137.23622131347656,78.59493255615234,114.72373962402344,37.91132354736328,44.459205627441406,41.221893310546875,98.88461303710938,88.02215576171875,242.9499969482422
2024-12-09,592.5079345703125,118.41126251220703,48.400203704833984,43.0074577331543,140.35935974121094,136.04507446289062,78.47090148925781,114.35906982421875,37.435585021972656,44.449527740478516,41.30665969848633,96.7781982421875,87.21084594726562,245.36000061035156
2024-12-10,590.6658935546875,116.76824951171875,48.39047622680664,42.714019775390625,139.77735900878906,135.71311950683594,78.84297943115234,114.54634094238281,37.1644172668457,43.99482345581055,40.63798904418945,98.29678344726562,86.8005142211914,248.58999633789062
2024-12-11,595.2320556640625,118.46073913574219,48.48783874511719,42.78501892089844,137.8761444091797,135.40069580078125,78.2419204711914,116.55695343017578,36.931304931640625,43.84003448486328,40.534393310546875,99.90353393554688,85.97989654541016,250.9600067138672
2024-12-12,592.1651000976562,117.797607421875,48.27363204956055,42.43951416015625,136.78005981445312,134.53173828125,78.47090148925781,115.591064453125,36.91227340698242,43.5352897644043,40.506141662597656,100.08969116210938,84.93548583984375,247.27999877929688
2024-12-13,592.0474853515625,118.30238342285156,48.23468780517578,42.226539611816406,136.7606658935547,134.18023681640625,78.27054595947266,116.04936981201172,36.93606185913086,43.162818908691406,40.33662033081055,98.89441680908203,84.06822204589844,244.2899932861328
2024-12-16,594.5755615234375,119.48516082763672,48.14706039428711,41.298892974853516,135.13104248046875,134.29739379882812,77.86029815673828,117.62139892578125,36.64110565185547,42.78067398071289,40.12942886352539,99.2765121459961,84.31997680664062,244.8800048828125
2024-12-17,592.1258544921875,118.76263427734375,47.806278228759766,40.99126052856445,135.03404235839844,133.06719970703125,77.72673797607422,117.9909896850586,36.488868713378906,42.54364776611328,39.95048522949219,98.53191375732422,84.52513885498047,243.94000244140625
2024-12-18,574.4783935546875,114.93222045898438,46.37501525878906,39.7796516418457,133.2007598876953,129.30825805664062,76.54371643066406,112.67369842529297,35.62779235839844,41.33433532714844,38.387123107910156,95.72006225585938,83.46822357177734,239.25999450683594
2024-12-19,574.302001953125,115.05593872070312,46.54053497314453,39.43415451049805,132.19192504882812,129.14227294921875,75.9999008178711,112.52093505859375,35.789546966552734,40.889305114746094,37.72787857055664,95.4555435180664,82.20439147949219,239.60000610351562
2024-12-20,581.199951171875,116.77318572998047,47.2318229675293,39.822242736816406,133.8603515625,130.65560913085938,76.26702880859375,112.80674743652344,36.36042022705078,41.39722442626953,38.415382385253906,95.97480010986328,82.6724853515625,242.10000610351562
2024-12-23,584.6803588867188,118.01044464111328,47.34524917602539,40.05609893798828,135.19720458984375,130.6261749267578,75.86520385742188,113.14891052246094,36.48418045043945,41.36513137817383,38.59053421020508,96.49935150146484,81.9141845703125,240.9600067138672
2024-12-24,591.1790771484375,119.2298583984375,47.90259552001953,40.394954681396484,135.75262451171875,131.64669799804688,76.3650894165039,115.76570129394531,36.68565368652344,41.588802337646484,38.8475456237793,97.41287231445312,82.26058959960938,241.44000244140625
2024-12-26,591.2184448242188,119.30916595458984,48.01993942260742,40.36154556274414,136.02545166015625,131.74481201171875,76.60540771484375,115.33615112304688,36.599300384521484,41.52558898925781,38.904659271240234,97.28517150878906,82.21376037597656,243.07000732421875
2024-12-27,584.9949951171875,117.72293853759766,47.667930603027344,40.35676956176758,135.39210510253906,130.7635498046875,76.23050689697266,113.43033599853516,36.493778228759766,41.301918029785156,38.59053421020508,96.42076873779297,81.53972625732422,241.39999389648438
2024-12-30,578.3192749023438,116.22594451904297,47.20835876464844,40.35200119018555,133.7258758544922,129.4486541748047,75.33650207519531,111.60845947265625,36.34027862548828,40.74759292602539,38.40966796875,95.40901947021484,82.19503784179688,240.6300048828125
2024-12-31,576.2152709960938,115.25932312011719,47.25725173950195,40.88175964355469,134.0474395751953,129.29165649414062,75.56722259521484,110.76911163330078,36.30670166015625,40.91291809082031,38.714271545410156,95.09467315673828,81.75504302978516,242.1300048828125
2025-01-02,574.7994995117188,114.98668670654297,47.13990783691406,41.359012603759766,134.08639526367188,128.8402862548828,75.33650207519531,109.3125991821289,36.58491134643555,40.4607048034668,38.35255813598633,95.55635070800781,81.97972106933594,245.4199981689453
2025-01-03,581.9864501953125,116.86042022705078,47.511474609375,41.74559020996094,135.40184020996094,130.23365783691406,75.29805755615234,111.52452087402344,36.97344970703125,40.450984954833984,38.876102447509766,96.14572143554688,81.71761322021484,243.49000549316406
2025-01-06,585.3390502929688,118.34751892089844,47.36480712890625,41.554683685302734,135.4602813720703,129.9490966796875,74.50979614257812,111.96395111083984,36.56092834472656,40.72328186035156,38.3430290222168,97.18695068359375,81.35250091552734,243.19000244140625
2025-01-07,578.7223510742188,115.97313690185547,47.25725173950195,41.96989822387695,136.13262939453125,129.82151794433594,74.25025177001953,109.79645538330078,36.46978759765625,40.698970794677734,38.05746078491211,96.10643005371094,80.43505859375,244.55999755859375
2025-01-08,579.56787109375,115.93347930908203,47.41370391845703,42.012847900390625,136.83419799804688,130.331787109375,74.38482666015625,110.10749816894531,36.4601936340332,40.922645568847656,38.21928024291992,95.53671264648438,80.53804779052734,245.86000061035156
2025-01-10,570.7194213867188,113.4054183959961,46.26966857910156,42.184669494628906,136.06442260742188,128.86972045898438,73.38507080078125,109.02623748779297,36.253936767578125,40.50447082519531,37.29593276977539,94.1124038696289,80.00444030761719,248.2100067138672
2025-01-13,571.604248046875,112.60240173339844,46.60211944580078,43.07236099243164,137.83779907226562,130.380859375,73.51005554199219,109.64340209960938,35.83182144165039,41.40889358520508,37.77188491821289,94.15168762207031,79.97633361816406,245.74000549316406
2025-01-14,572.3907470703125,112.8998031616211,47.17902374267578,43.535308837890625,136.4152069091797,131.9214324951172,73.5292739868164,109.43109130859375,36.30190658569336,41.924312591552734,38.09553527832031,93.83735656738281,79.84528350830078,247.02999877929688
2025-01-15,582.8025512695312,115.14530944824219,48.38172149658203,44.17959976196289,136.97061157226562,132.7554931640625,73.27934265136719,112.21574401855469,36.834346771240234,42.323036193847656,38.25735855102539,95.37953186035156,81.22145080566406,248.8800048828125
2025-01-16,581.6817016601562,114.25801849365234,48.704402923583984,44.499359130859375,137.5162811279297,134.3647918701172,73.8272705078125,111.60845947265625,37.76491928100586,42.67313766479492,39.11408233642578,94.83928680419922,81.48355102539062,250.60000610351562
2025-01-17,587.521728515625,116.0474853515625,49.115074157714844,44.84298324584961,136.590576171875,135.16943359375,74.25025177001953,113.17359161376953,37.81767654418945,42.95030212402344,39.10456466674805,95.6644058227539,81.62398529052734,249.27000427246094
2025-01-21,592.8995971679688,117.01409149169922,49.5257568359375,44.6139030456543,138.85118103027344,137.94642639160156,74.59630584716797,114.00305938720703,38.39809036254883,43.499755859375,39.81849670410156,96.52881622314453,82.35418701171875,253.1300048828125
2025-01-22,596.2326049804688,119.65615844726562,49.291080474853516,43.80256652832031,138.53936767578125,137.62257385253906,74.23101043701172,113.57351684570312,37.5682487487793,43.149658203125,39.123600006103516,97.491455078125,81.92354583740234,254.42999267578125
2025-01-23,599.48681640625,119.86930084228516,49.57464599609375,44.00300979614258,140.39073181152344,139.01600646972656,74.50018310546875,114.25980377197266,37.7457275390625,43.38792037963867,39.43772888183594,97.74684143066406,81.28697204589844,254.07000732421875
2025-01-24,597.73681640625,118.62014770507812,49.7213134765625,43.578250885009766,140.61483764648438,138.42724609375,74.88468933105469,113.56364440917969,38.12947082519531,43.27608871459961,39.55195617675781,98.63090515136719,81.6520767211914,255.64999389648438
2025-01-27,589.2815551757812,112.80562591552734,50.268882751464844,43.1248664855957,143.7718963623047,136.5726318359375,76.91301727294922,114.21043395996094,37.246864318847656,43.30039596557617,39.9422492980957,99.14167785644531,82.61632537841797,252.99000549316406
2025-01-28,594.3448486328125,115.81452178955078,50.18088150024414,42.71442413330078,142.7682647705078,135.66989135742188,75.7114028930664,114.34867858886719,36.73361587524414,43.15938186645508,39.45677185058594,99.62299346923828,82.56015014648438,255.17999267578125
2025-01-29,591.6804809570312,114.87269592285156,50.14177322387695,42.809871673583984,141.93028259277344,135.2086944580078,75.89404296875,114.02281188964844,36.810359954833984,43.081581115722656,38.999855041503906,100.06502532958984,82.39161682128906,254.1999969482422
2025-01-30,594.8561401367188,115.0858383178711,50.62089538574219,43.02941131591797,143.5672607421875,136.71981811523438,76.64385986328125,115.1386489868164,37.577842712402344,43.49003219604492,39.513885498046875,100.16325378417969,82.70057678222656,258.04998779296875
2025-01-31,591.6903686523438,114.41168212890625,50.32755661010742,41.826725006103516,143.1092987060547,135.75820922851562,75.92289733886719,114.6301040649414,37.3571891784668,43.17397689819336,39.42821502685547,100.56598663330078,82.1575927734375,258.55999755859375
2025-02-03,587.70849609375,112.87007904052734,50.122215270996094,42.08921432495117,143.66470336914062,134.4138641357422,76.22088623046875,113.11434173583984,37.558658599853516,43.21773147583008,39.36157989501953,100.78208923339844,82.82654571533203,259.94000244140625
2025-02-04,591.651123046875,114.49595642089844,50.004878997802734,42.972137451171875,143.27493286132812,134.453125,75.57682800292969,114.44741821289062,37.22767639160156,43.344154357910156,39.36157989501953,101.685791015625,83.08019256591797,262.5
2025-02-05,594.0499267578125,116.08714294433594,50.53288650512695,43.06282424926758,144.6488494873047,134.55123901367188,76.04785919189453,113.14891052246094,37.601829528808594,43.310115814208984,39.980323791503906,100.70349884033203,84.45185852050781,264.1300048828125
2025-02-06,596.1146240234375,116.40438079833984,50.953346252441406,42.270572662353516,143.35287475585938,135.15963745117188,76.3939208984375,113.59820556640625,37.558658599853516,43.46084976196289,40.09455490112305,101.13571166992188,84.41426086425781,263.42999267578125
2025-02-07,590.6580200195312,115.40803527832031,50.66978073120117,42.26579284667969,142.68057250976562,134.75732421875,76.27857971191406,111.37639617919922,37.48190689086914,42.93084716796875,39.95176696777344,100.91960906982422,83.8693618774414,263.8999938964844
2025-02-10,594.6693115234375,117.09341430664062,50.268882751464844,43.19645309448242,142.5538787841797,135.96426391601562,76.74959564208984,111.75657653808594,37.88963317871094,43.149658203125,40.00887680053711,101.3714599609375,83.61569213867188,268.3699951171875
2025-02-11,595.1216430664062,117.14793395996094,50.395999908447266,43.54484558105469,142.290771484375,136.01333618164062,77.48979187011719,110.4876708984375,38.08150100708008,43.40251159667969,40.227813720703125,101.5384521484375,83.08019256591797,267.3900146484375
2025-02-12,593.2044067382812,116.89512634277344,50.219993591308594,42.4948844909668,142.08619689941406,135.16943359375,77.43212127685547,110.46794128417969,38.01434326171875,43.091312408447266,39.8851318359375,101.6465072631836,81.95278930664062,267.6700134277344
2025-02-13,599.4671630859375,118.55076599121094,50.552452087402344,42.81464767456055,142.64157104492188,135.30682373046875,78.26844024658203,112.12686920166016,38.10069274902344,43.84013748168945,40.19926071166992,102.81541442871094,83.3150634765625,270.30999755859375
2025-02-14,599.437744140625,118.95226287841797,50.65022659301758,42.98645782470703,141.09230041503906,134.9731903076172,77.48979187011719,112.0774917602539,37.9423942565918,43.68939208984375,40.03743362426758,103.44407653808594,83.75663757324219,266.2900085449219
2025-02-18,601.1975708007812,120.037841796875,51.01201248168945,43.573486328125,140.8194580078125,136.032958984375,77.76856994628906,111.76644134521484,38.29735565185547,44.24371337890625,40.18022155761719,102.96276092529297,82.77014923095703,270.70001220703125
2025-02-19,602.61328125,120.0477523803711,51.03157424926758,43.9171028137207,142.6513214111328,136.17034912109375,78.39341735839844,111.7022705078125,38.49882125854492,43.723426818847656,40.25637435913086,103.08063507080078,82.8735122680664,270.8500061035156
2025-02-20,600.1062622070312,119.66606903076172,50.24932861328125,44.3180046081543,143.45033264160156,135.2773895263672,78.08580017089844,110.73948669433594,38.49402618408203,43.621315002441406,40.532432556152344,102.59931945800781,83.18353271484375,270.989990234375
2025-02-21,589.842041015625,116.42420959472656,49.62353515625,43.39689636230469,142.68057250976562,132.31394958496094,78.9990234375,107.82645416259766,38.50361633300781,42.82387161254883,40.19926071166992,101.19464874267578,84.18880462646484,270.739990234375
2025-02-24,587.1580810546875,114.75867462158203,49.83864974975586,43.40644073486328,143.84007263183594,131.71536254882812,79.23934936523438,107.42160034179688,38.31175231933594,42.775245666503906,40.380126953125,101.39111328125,84.43309020996094,272.2099914550781
2025-02-25,584.2379150390625,113.27157592773438,49.8288688659668,42.7812385559082,145.07757568359375,132.39244079589844,80.36406707763672,106.85872650146484,38.119876861572266,43.105892181396484,40.8084831237793,99.88822937011719,85.88929748535156,268.6199951171875
2025-02-26,584.5328979492188,114.50587463378906,49.7213134765625,42.537837982177734,144.03497314453125,132.47096252441406,78.82598876953125,106.4193115234375,38.27817153930664,43.08644485473633,40.60858154296875,99.71141815185547,86.39663696289062,269.0299987792969
2025-02-27,575.2025756835938,110.3370590209961,49.99509811401367,42.76692199707031,143.45033264160156,132.00975036621094,78.8163833618164,104.8838119506836,37.42913818359375,42.79469680786133,40.78944778442383,98.74877166748047,85.78594970703125,264.92999267578125
2025-02-28,584.1788940429688,111.7944107055664,51.02178955078125,43.43030548095703,145.11654663085938,133.77601623535156,79.86419677734375,106.62669372558594,37.99995803833008,43.15938186645508,41.07502365112305,100.1927261352539,86.83820343017578,263.2699890136719
2025-03-03,573.9441528320312,108.39392852783203,50.59156036376953,41.91263198852539,145.74989318847656,131.8723907470703,80.28715515136719,104.66162872314453,38.05272674560547,42.29385757446289,41.4272346496582,99.19081115722656,87.24346160888672,266.739990234375
2025-03-04,567.1505126953125,108.30966186523438,48.811954498291016,41.506961822509766,144.3955078125,129.3014678955078,78.922119140625,102.8150634765625,37.43394088745117,41.7200927734375,40.95127487182617,98.40496826171875,86.1690444946289,269.05999755859375
2025-03-05,573.2460327148438,109.8314437866211,49.09552001953125,40.90084457397461,145.84735107421875,131.34251403808594,79.24897003173828,104.38019561767578,37.17012023925781,42.809288024902344,41.332035064697266,99.67212677001953,85.48104858398438,269.6199951171875
2025-03-06,563.0703125,106.78291320800781,48.28394317626953,41.02492904663086,145.44784545898438,130.21401977539062,79.39315795898438,101.7337875366211,36.39783477783203,42.58561325073242,40.19926071166992,97.88436126708984,85.1983413696289,268.25
2025-03-07,566.2261962890625,108.32948303222656,48.02970886230469,41.726497650146484,145.45758056640625,131.73500061035156,79.65271759033203,101.5461654663086,37.07418441772461,42.702308654785156,40.4277229309082,98.51302337646484,84.92501068115234,268.3900146484375
2025-03-10,551.1444702148438,103.7244644165039,46.95412826538086,42.03671646118164,143.88880920410156,129.67434692382812,79.47967529296875,97.92215728759766,37.48190689086914,41.81247329711914,40.03743362426758,96.05731964111328,85.8109130859375,266.0400085449219
2025-03-11,546.5628662109375,103.3031234741211,46.5532341003418,41.702632904052734,142.3200225830078,127.682373046875,78.31651306152344,96.96432495117188,37.131744384765625,41.49155807495117,39.61859130859375,94.64282989501953,85.1983413696289,269.1600036621094
2025-03-12,549.4632568359375,104.92901611328125,46.621673583984375,41.89353942871094,140.89743041992188,127.67256164550781,76.61502838134766,97.52718353271484,37.01662063598633,41.29705047607422,39.475807189941406,95.11433410644531,84.68939971923828,270.3299865722656
2025-03-13,542.138671875,102.93630981445312,46.3674430847168,41.60718536376953,140.1471405029297,126.36747741699219,76.25933837890625,95.09307098388672,37.10776138305664,41.26788330078125,38.70476531982422,93.15958404541016,85.4339370727539,275.1300048828125
2025-03-14,553.3370361328125,106.0492935180664,47.443031311035156,42.83850860595703,141.2189483642578,128.67347717285156,76.432373046875,97.11738586425781,37.83207321166992,41.807613372802734,39.45677185058594,94.86875915527344,84.9815673828125,275.239990234375
2025-03-17,557.6039428710938,106.78787231445312,48.00038146972656,43.52098846435547,143.01185607910156,130.4495391845703,77.54747009277344,97.27043151855469,37.99036407470703,42.332763671875,40.15166473388672,95.54653930664062,85.4056625366211,276.7300109863281
2025-03-18,551.5770874023438,105.1619873046875,47.94171142578125,43.59257125854492,143.08004760742188,129.40940856933594,76.6630859375,95.53742980957031,37.72654342651367,42.25982666015625,39.9041633605957,94.21063232421875,85.490478515625,279.9599914550781
2025-03-19,557.5842895507812,106.53011322021484,48.469730377197266,44.30368423461914,143.1580047607422,131.1266326904297,76.6630859375,97.36917877197266,37.86565399169922,42.40083312988281,39.95176696777344,95.33043670654297,85.93343353271484,281.1099853515625
2025-03-20,555.9718017578125,105.7717056274414,48.53817367553711,44.4659538269043,143.24569702148438,130.46917724609375,76.2881851196289,97.13712310791016,38.019142150878906,42.133399963378906,39.9041633605957,95.12415313720703,85.98998260498047,280.75
2025-03-21,556.1552124023438,106.05919647216797,48.36216354370117,44.155738830566406,142.84620666503906,129.77247619628906,76.25933837890625,97.4876708984375,37.77450942993164,41.7152214050293,39.513885498046875,95.87068176269531,85.48104858398438,278.489990234375
2025-03-24,566.115234375,108.06782531738281,49.2149658203125,44.65884017944336,143.93685913085938,132.1790313720703,76.7309341430664,101.14244079589844,37.76243209838867,42.28049850463867,40.06378173828125,97.22828674316406,84.60455322265625,277.25
2025-03-25,567.4760131835938,108.42533874511719,49.489742279052734,44.841609954833984,142.09791564941406,132.37591552734375,76.03514099121094,101.94943237304688,37.1585807800293,42.27072525024414,39.584781646728516,98.45977020263672,84.59514617919922,278.4700012207031
2025-03-26,560.7012939453125,106.0070571899414,49.3425407409668,45.10614776611328,141.57948303222656,131.4998779296875,77.21412658691406,100.61764526367188,37.40495300292969,42.34889602661133,39.78595733642578,97.62235260009766,84.0390853881836,278.239990234375
2025-03-27,559.2122802734375,105.02881622314453,49.24440383911133,44.668460845947266,141.80447387695312,130.80104064941406,78.09353637695312,100.68201446533203,37.395294189453125,42.3293571472168,39.69015884399414,97.1888656616211,83.79405212402344,281.9700012207031
2025-03-28,547.9507446289062,102.48143768310547,48.2924919128418,44.45682907104492,141.36428833007812,128.1041259765625,77.70699310302734,97.55302429199219,37.670650482177734,41.55253601074219,39.670997619628906,94.32197570800781,84.95328521728516,284.05999755859375
2025-03-31,551.62890625,102.53109741210938,48.881309509277344,44.947425842285156,142.82174682617188,129.0096435546875,78.92463684082031,97.76097106933594,38.09092712402344,42.00690460205078,40.09252166748047,95.0214614868164,85.79206848144531,288.1400146484375
2025-04-01,553.18701171875,103.2809066772461,48.822425842285156,45.21196365356445,140.21005249023438,129.73800659179688,79.04059600830078,98.7808609008789,38.18754577636719,42.16324234008789,40.12126541137695,95.08057403564453,86.53550720214844,287.57000732421875
2025-04-02,556.687744140625,104.04562377929688,49.22478103637695,45.27449035644531,141.14910888671875,130.95852661132812,78.80867004394531,100.65726470947266,38.36628723144531,42.51012420654297,40.3128662109375,95.41553497314453,86.47874450683594,288.1600036621094
2025-04-03,529.2537231445312,96.9447250366211,46.80083084106445,41.720054626464844,140.00462341308594,123.87171173095703,79.26286315917969,94.57752227783203,38.1247444152832,40.59006118774414,39.105777740478516,91.15951538085938,86.87600708007812,286.4200134277344
2025-04-04,498.26971435546875,90.55888366699219,43.37590408325195,37.88185119628906,132.32606506347656,116.0860595703125,75.82254028320312,90.49795532226562,36.0040168762207,38.049522399902344,37.32388687133789,85.93802642822266,87.82186126708984,279.7200012207031
2025-04-07,497.3821716308594,91.10013580322266,43.26795196533203,37.63655471801758,131.53375244140625,115.5447006225586,74.94312286376953,89.42857360839844,35.45330810546875,37.43880844116211,36.423362731933594,86.05623626708984,85.17349243164062,273.7099914550781
2025-04-08,489.5918273925781,89.2479476928711,43.10111999511719,36.7659912109375,130.07626342773438,114.58995056152344,73.7834701538086,87.30461120605469,35.30837631225586,36.285789489746094,35.5228385925293,84.85430145263672,83.56553649902344,275.20001220703125
2025-04-09,541.0084228515625,101.23009490966797,46.349403381347656,39.61337661743164,135.73007202148438,124.76741027832031,76.64395904541016,96.81038665771484,36.69965362548828,39.45658493041992,37.56338882446289,92.35159301757812,84.05740356445312,285.3800048828125
2025-04-10,517.3019409179688,96.51766967773438,45.054019927978516,37.02571487426758,131.94456481933594,121.5488052368164,76.6826171875,93.02787780761719,36.42429733276367,38.19608688354492,36.76824951171875,89.15957641601562,81.74006652832031,292.3500061035156
2025-04-11,526.5321044921875,98.49401092529297,45.79984664916992,37.94438171386719,133.88133239746094,123.69454193115234,77.64900207519531,93.92894744873047,36.86873245239258,39.329559326171875,37.285560607910156,89.91818237304688,82.1845932006836,297.92999267578125
2025-04-14,531.6402587890625,99.39279174804688,46.270896911621094,38.07905578613281,135.51486206054688,124.98395538330078,78.97295379638672,94.20124816894531,37.53055953979492,39.803466796875,38.10944747924805,90.5191421508789,82.77104187011719,296.2300109863281
2025-04-15,530.151123046875,99.75528717041016,46.3886604309082,38.02133560180664,134.6834259033203,124.36385345458984,78.30613708496094,93.5229721069336,37.525726318359375,39.490787506103516,38.16693115234375,90.74573516845703,83.06424713134766,297.7799987792969
2025-04-16,518.366943359375,96.28925323486328,45.66245651245117,38.33396911621094,133.31398010253906,122.66104125976562,77.46540069580078,91.21585083007812,37.187564849853516,39.18299102783203,38.147769927978516,88.3024673461914,83.52770233154297,307.4700012207031
2025-04-17,519.1065063476562,95.76786804199219,45.78022384643555,39.19973373413086,132.53146362304688,123.33036041259766,79.11791229248047,91.79014587402344,37.56919479370117,39.45170211791992,38.751312255859375,88.8738784790039,82.7899398803711,306.1199951171875
2025-04-21,506.7503662109375,93.29496002197266,44.798866271972656,38.17525100708008,129.6752471923828,120.56452178955078,78.36412811279297,89.33943939208984,36.68033218383789,38.850765228271484,37.946590423583984,86.87393951416016,81.34280395507812,315.5899963378906
2025-04-22,519.9348754882812,95.5692367553711,46.28071212768555,39.146827697753906,132.11085510253906,122.67089080810547,79.4754638671875,92.16641998291016,37.6803092956543,39.759498596191406,38.722572326660156,89.1398696899414,81.79682159423828,311.1099853515625
2025-04-23,527.9915161132812,98.34007263183594,46.83027267456055,39.07468032836914,132.76622009277344,124.20635986328125,79.02127075195312,94.22601318359375,37.839725494384766,39.80835723876953,38.77047348022461,90.56839752197266,82.59132385253906,303.6499938964844
2025-04-24,539.1051635742188,102.00969696044922,47.35038757324219,39.699951171875,134.38998413085938,126.99188995361328,78.32546997070312,96.10240936279297,37.89769744873047,40.66823196411133,38.885433197021484,92.38114929199219,83.46150207519531,308.07000732421875
2025-04-25,543.0003662109375,103.5192642211914,47.12467575073242,39.6278076171875,135.0355682373047,126.9820327758789,78.12252807617188,97.83027648925781,37.78175735473633,40.36532211303711,38.82795715332031,92.96241760253906,84.0762939453125,304.7300109863281
2025-04-28,543.2073974609375,103.35044860839844,47.27188491821289,39.90677261352539,135.5735626220703,127.40528106689453,77.86160278320312,97.86492919921875,38.013633728027344,40.43860626220703,39.06745147705078,93.31709289550781,84.60597229003906,309.07000732421875
2025-04-29,546.6293334960938,103.83210754394531,47.76255798339844,39.791343688964844,136.23870849609375,128.23207092285156,78.50907897949219,98.55806732177734,38.30831527709961,40.77570724487305,39.383602142333984,93.99685668945312,85.31535339355469,306.05999755859375
2025-04-30,546.84619140625,104.26412200927734,47.85087966918945,38.718753814697266,137.40272521972656,129.1573028564453,79.07925415039062,97.66194152832031,38.115081787109375,40.98579788208008,39.565616607666016,94.02642059326172,84.62490844726562,303.7699890136719
2025-05-01,550.7216186523438,105.79354095458984,47.84107208251953,38.86305236816406,133.65634155273438,130.13174438476562,78.39311981201172,98.20159912109375,38.226192474365234,40.80502700805664,39.680580139160156,94.50916290283203,84.19581604003906,297.4599914550781
2025-05-02,558.8966674804688,107.56130981445312,48.832237243652344,39.43060302734375,135.50509643554688,132.46446228027344,78.81832122802734,99.72647094726562,38.525699615478516,41.49390411376953,40.16916275024414,95.97708892822266,83.28445434570312,297.9800109863281
2025-05-05,555.6918334960938,106.99027252197266,48.51820373535156,38.718753814697266,135.12359619140625,132.5333709716797,78.75067901611328,98.6669921875,38.42908477783203,41.18611145019531,40.12126541137695,96.20368194580078,82.81926727294922,306.8800048828125
2025-05-06,551.047119140625,106.1014175415039,48.24342346191406,38.72837829589844,131.39678955078125,131.37193298339844,78.6153793334961,97.80552673339844,38.897666931152344,40.888084411621094,39.84343719482422,96.18396759033203,83.0945816040039,315.4800109863281
2025-05-07,553.3645629882812,107.1640625,48.52801513671875,38.742801666259766,132.40431213378906,132.04122924804688,78.74102020263672,98.5679702758789,39.00878143310547,40.66334533691406,39.81470489501953,96.00662994384766,83.44583129882812,310.75
2025-05-08,557.22021484375,108.1869888305664,48.93037033081055,39.25264358520508,131.21095275878906,133.86215209960938,78.64437866210938,99.73143768310547,38.69477844238281,41.20565414428711,39.623104095458984,96.23323822021484,82.51548767089844,304.6300048828125
2025-05-09,556.5103149414062,108.05292510986328,48.93037033081055,39.64704513549805,129.78282165527344,133.97042846679688,78.19017791748047,100.211669921875,38.762413024902344,41.31313705444336,39.86259841918945,95.74064636230469,82.638916015625,306.8399963378906
2025-05-12,574.9014892578125,113.06824493408203,49.921539306640625,40.68114471435547,132.99119567871094,138.0945587158203,78.30613708496094,105.19229888916016,38.53053283691406,42.27072525024414,39.90092086791992,97.73072052001953,81.86994171142578,298.19000244140625
2025-05-13,578.6981201171875,115.5113525390625,50.127628326416016,41.253509521484375,128.99050903320312,139.0591583251953,77.2527847290039,106.58351135253906,38.47739028930664,42.060638427734375,39.364437103271484,98.68635559082031,81.53768157958984,299.4599914550781
2025-05-14,579.437744140625,116.26117706298828,49.990234375,41.00340270996094,125.95821380615234,138.3898468017578,76.83724212646484,106.99444580078125,38.30831527709961,41.674678802490234,39.02914047241211,99.19865417480469,80.9965591430664,293.1600036621094
2025-05-15,582.2678833007812,116.4200668334961,50.32389831542969,41.17655563354492,127.6113052368164,139.9253387451172,78.41244506835938,106.75680541992188,39.12472152709961,42.0997314453125,39.74763870239258,99.59272003173828,81.70855712890625,297.8399963378906
2025-05-16,585.9559936523438,116.63856506347656,50.628116607666016,41.11402893066406,130.1838836669922,141.5198516845703,79.3111801147461,107.76678466796875,39.6995849609375,42.529666900634766,40.24580383300781,100.27250671386719,81.92691040039062,294.239990234375
2025-05-19,586.5969848632812,116.4697265625,50.65755844116211,40.58013916015625,131.43589782714844,142.00216674804688,79.54312133789062,107.5142822265625,39.8686637878418,42.637149810791016,40.3320198059082,100.37101745605469,81.68956756591797,298.0299987792969
2025-05-20,584.6246948242188,116.03274536132812,50.38277816772461,40.20497512817383,131.75872802734375,141.49034118652344,79.8233642578125,106.954833984375,39.98460388183594,42.56386947631836,40.12126541137695,100.1247329711914,81.10099029541016,303.5799865722656
2025-05-21,574.7732543945312,113.85281372070312,49.35235595703125,39.46427917480469,128.70684814453125,139.09854125976562,78.89563751220703,104.78633117675781,39.25515365600586,41.997127532958984,39.0578727722168,99.37599182128906,79.71497344970703,305.82000732421875
2025-05-22,575.0001220703125,113.88261413574219,49.29347229003906,39.31036376953125,127.69935607910156,139.06900024414062,78.56707000732422,105.23686981201172,38.69477844238281,41.95315933227539,38.92375564575195,99.15924835205078,80.13267517089844,303.1099853515625
2025-05-23,571.0753784179688,112.62629699707031,49.116825103759766,39.4354133605957,127.4939193725586,138.61624145507812,78.85697937011719,104.29122924804688,39.158531188964844,41.8701057434082,38.93333435058594,98.70606231689453,80.26559448242188,309.75
2025-05-27,582.9483032226562,115.30278778076172,49.98042297363281,39.77690887451172,129.27418518066406,141.0572509765625,79.57210540771484,107.37071990966797,39.453216552734375,42.60294723510742,39.575199127197266,100.3119125366211,81.38578796386719,304.5
2025-05-28,579.5758056640625,114.82608795166016,49.64676284790039,39.271881103515625,128.60903930664062,140.3583984375,79.03092956542969,106.3854751586914,38.902503967285156,42.02156066894531,39.575199127197266,100.2922134399414,81.03453063964844,303.80999755859375
2025-05-29,581.863525390625,115.01976013183594,49.901912689208984,39.56528091430664,129.4698028564453,140.48634338378906,79.34983825683594,106.4300308227539,39.17302703857422,42.17790603637695,39.939239501953125,99.484375,81.7845230102539,305.6099853515625
2025-05-30,581.2127685546875,114.66222381591797,50.00986099243164,39.21416473388672,129.7436981201172,140.574951171875,80.04563903808594,105.85078430175781,39.57398986816406,42.18278121948242,39.977561950683594,99.89813995361328,81.90791320800781,303.6000061035156
2025-06-02,584.4866943359375,115.67521667480469,50.02949142456055,39.72881317138672,129.8219451904297,140.39779663085938,80.09395599365234,106.09832763671875,39.6995849609375,42.43195343017578,40.035037994384766,100.39073944091797,81.1456527709961,311.6700134277344
2025-06-03,587.8198852539062,117.41320037841797,50.127628326416016,40.200172424316406,130.12518310546875,141.48049926757812,80.01664733886719,106.66272735595703,39.80586242675781,42.86677932739258,39.89134216308594,100.10502624511719,81.0027084350586,308.9100036621094
2025-06-04,587.6619262695312,117.58700561523438,49.8430290222168,39.416175842285156,130.37948608398438,141.55923461914062,79.45614624023438,106.38052368164062,39.1102294921875,43.02800369262695,40.0158805847168,100.74540710449219,82.3176498413086,310.8999938964844
2025-06-05,584.8218994140625,117.25430297851562,49.70564270019531,39.3776969909668,130.20343017578125,141.4608154296875,78.69270324707031,103.6971206665039,39.047428131103516,42.773948669433594,40.00630187988281,100.8833236694336,82.37483215332031,309.3299865722656
2025-06-06,590.8275756835938,118.36165618896484,50.32389831542969,40.118404388427734,131.4457244873047,142.6517791748047,78.94396209716797,105.04377746582031,39.221336364746094,42.886322021484375,40.12126541137695,102.17391967773438,81.3266830444336,305.17999267578125
2025-06-09,591.3599243164062,118.942626953125,50.04911804199219,40.19535827636719,131.22073364257812,142.5238494873047,78.83765411376953,105.88542938232422,38.97013473510742,43.17457580566406,40.10210037231445,101.87836456298828,81.41242218017578,306.6199951171875
2025-06-10,594.7128295898438,119.6080322265625,50.108001708984375,40.912017822265625,132.71731567382812,141.9037322998047,79.0116195678711,107.15286254882812,39.061920166015625,43.44328308105469,40.45656204223633,103.1689682006836,81.8316879272461,306.7099914550781
2025-06-11,593.0166015625,119.3448486328125,50.04911804199219,41.50362014770508,132.78579711914062,141.97264099121094,78.74102020263672,106.30626678466797,39.08607864379883,43.01334762573242,40.23622131347656,102.9325180053711,82.07942962646484,308.3699951171875
2025-06-12,595.37353515625,120.45219421386719,50.04911804199219,41.647911071777344,133.8226318359375,141.59860229492188,79.20487976074219,105.80622863769531,39.55949020385742,43.19411849975586,40.45656204223633,102.09510803222656,83.06088256835938,312.20001220703125
2025-06-13,588.7171020507812,118.76387023925781,49.028507232666016,42.37418746948242,133.15750122070312,140.40762329101562,78.23849487304688,104.83088684082031,39.33244323730469,42.69089126586914,40.130836486816406,101.06066131591797,82.26049041748047,316.2900085449219
2025-06-16,594.318359375,120.6855697631836,49.5878791809082,42.2491340637207,132.74667358398438,141.37222290039062,78.4897689819336,105.9596939086914,39.13921356201172,43.052433013916016,40.16916275024414,102.79460144042969,81.43150329589844,311.7799987792969
2025-06-17,589.2398071289062,119.83148193359375,49.30328369140625,42.64353561401367,130.55557250976562,140.3092041015625,77.82294464111328,104.1328125,38.8155517578125,42.63227081298828,40.00630187988281,101.88822174072266,82.42244720458984,311.94000244140625
2025-06-18,589.1510009765625,119.97547912597656,49.283660888671875,42.36457443237305,130.33059692382812,139.97454833984375,77.72631072998047,104.18231201171875,38.9169921875,42.51012420654297,40.08293914794922,101.93748474121094,82.56539916992188,310.260009765625
2025-06-20,587.7673950195312,119.44415283203125,49.421051025390625,42.79745101928711,129.70457458496094,140.13201904296875,78.29647064208984,104.30607604980469,39.02327346801758,42.221866607666016,40.0733642578125,101.31681060791016,82.41292572021484,310.1300048828125
2025-06-23,593.572998046875,120.80602264404297,50.043392181396484,41.71517562866211,129.89129638671875,142.02957153320312,79.20333099365234,106.37351989746094,39.51797866821289,42.69230270385742,40.658199310302734,102.59968566894531,82.67973327636719,311.0799865722656
2025-06-24,600.1304321289062,122.97463989257812,50.791778564453125,41.17210006713867,131.48350524902344,143.21429443359375,79.13522338867188,106.96393585205078,39.68822479248047,43.045860290527344,40.85152816772461,103.92304992675781,83.28004455566406,306.19000244140625
2025-06-25,600.4666748046875,124.02412414550781,50.6243782043457,40.9926872253418,131.6014404296875,141.95057678222656,78.07463073730469,105.70372772216797,39.158016204833984,42.63337326049805,39.855857849121094,103.90328979492188,83.3848648071289,307.1199951171875
2025-06-26,605.16455078125,124.879638671875,50.99856948852539,41.579402923583984,131.91595458984375,143.49073791503906,78.00652313232422,106.67616271972656,39.483924865722656,43.10478210449219,39.60452651977539,105.1081314086914,83.80411529541016,306.7799987792969
2025-06-27,608.1712646484375,124.73042297363281,51.14627456665039,41.3612060546875,131.6309356689453,144.92230224609375,78.37626647949219,108.4523696899414,39.5617561340332,43.15879821777344,39.7495231628418,106.34261322021484,83.27050018310547,301.2200012207031
2025-06-30,611.0791015625,125.95399475097656,51.5697021484375,41.12360382080078,132.47616577148438,145.64300537109375,78.78492736816406,107.82722473144531,39.72228240966797,43.11951446533203,40.03952407836914,107.18205261230469,84.08997344970703,304.8299865722656
2025-07-01,610.8812866210938,124.82990264892578,51.85527420043945,41.438785552978516,134.36322021484375,146.1267852783203,79.7676773071289,108.28864288330078,39.858482360839844,44.23421096801758,40.31019592285156,106.42162322998047,84.29845428466797,307.54998779296875
2025-07-02,613.650634765625,126.14797973632812,51.815887451171875,42.15157699584961,133.03639221191406,146.2748565673828,80.0011978149414,109.15689849853516,39.51311492919922,44.89713668823242,40.38752746582031,106.11546325683594,83.76289367675781,309.25
2025-07-03,618.4869995117188,127.80925750732422,52.377174377441406,42.20006561279297,133.17398071289062,147.51882934570312,79.9622802734375,109.75228118896484,39.80983352661133,44.867671966552734,40.4068603515625,106.69813537597656,83.1794662475586,307.1400146484375
2025-07-07,613.8779907226562,126.79459381103516,51.874969482421875,41.79275894165039,132.0535430908203,147.00543212890625,79.89417266845703,108.35810852050781,39.89253616333008,44.435543060302734,40.09752655029297,105.67105102539062,82.38563537597656,307.3699951171875
2025-07-08,613.5418090820312,127.47601318359375,51.412147521972656,42.917701721191406,132.653076171875,146.9659423828125,79.15467071533203,107.990966796875,39.46933364868164,44.798927307128906,40.03952407836914,105.45378875732422,82.28043365478516,304.1600036621094
2025-07-09,617.2210083007812,128.2419891357422,51.5992431640625,42.69949722290039,133.16415405273438,147.99270629882812,78.63898468017578,108.6309814453125,39.83902359008789,45.06900405883789,40.02019500732422,105.73030853271484,83.1412124633789,305.5199890136719
2025-07-10,618.9617309570312,127.81922149658203,51.90450668334961,43.024383544921875,133.9799041748047,148.82203674316406,78.92115783691406,109.83164978027344,40.16493606567383,45.30961608886719,40.22319412231445,105.37477111816406,83.19860076904297,306.20001220703125
2025-07-11,616.7858276367188,127.25716400146484,51.3629150390625,43.21833801269531,132.8693084716797,148.2888946533203,78.6292495727539,109.8614273071289,40.10655975341797,44.94132995605469,40.18452835083008,104.693359375,82.05088806152344,309.1400146484375
2025-07-14,617.9627685546875,127.1527099609375,51.74695587158203,42.74314498901367,132.71205139160156,149.08859252929688,78.69735717773438,110.26826477050781,40.267086029052734,44.69089126586914,40.45519256591797,105.7204360961914,81.87873077392578,308.010009765625
2025-07-15,615.322021484375,128.28179931640625,50.8607063293457,42.1273307800293,130.32376098632812,147.97296142578125,77.90921783447266,108.6905288696289,39.8828010559082,43.772621154785156,39.93319320678711,104.67359924316406,81.30488586425781,306.7300109863281
2025-07-16,617.3792724609375,128.67967224121094,51.21520233154297,41.76366424560547,131.94544982910156,148.49623107910156,78.1816635131836,108.88898468017578,39.902259826660156,43.89046859741211,40.36819076538086,104.98961639404297,81.4196548461914,308.260009765625
2025-07-17,621.1574096679688,129.8485565185547,51.70756530761719,42.02065658569336,130.4416961669922,149.86854553222656,78.92115783691406,109.26109313964844,40.067649841308594,44.19983673095703,40.32952880859375,105.35503387451172,81.40052032470703,307.5899963378906
2025-07-18,620.702392578125,129.76400756835938,51.73710632324219,41.68122863769531,129.57679748535156,149.53286743164062,78.70709228515625,110.22857666015625,40.738929748535156,44.302955627441406,40.44552993774414,104.8711166381836,81.52486419677734,308.3900146484375
2025-07-21,621.8794555664062,129.93313598632812,51.58939743041992,41.24967956542969,128.8396759033203,148.7430419921875,78.69735717773438,110.74952697753906,40.87026596069336,44.528846740722656,40.600196838378906,106.27348327636719,82.25174713134766,313.1300048828125
2025-07-22,621.9684448242188,128.72943115234375,51.874969482421875,41.44363784790039,131.23779296875,149.0984649658203,79.41738891601562,111.87081146240234,41.371299743652344,45.14266586303711,41.30586242675781,106.52037811279297,82.74906921386719,316.1000061035156
2025-07-23,627.2598266601562,129.465576171875,52.28854751586914,42.0933837890625,133.93077087402344,151.77398681640625,79.44657897949219,112.40168762207031,41.05997848510742,45.29488754272461,41.4218635559082,107.10303497314453,82.29000091552734,312.17999267578125
2025-07-24,627.4674072265625,130.0126953125,52.25900650024414,42.39402389526367,133.4295196533203,151.5172882080078,79.1644058227539,110.5411376953125,41.0064697265625,44.82838821411133,41.36386489868164,107.28081512451172,82.14653015136719,310.2699890136719
2025-07-25,630.1181030273438,130.31112670898438,52.62335205078125,42.234004974365234,134.13714599609375,153.01795959472656,79.30062866210938,111.56816101074219,41.11348342895508,45.358726501464844,41.36386489868164,106.28335571289062,82.66300201416016,307.3999938964844
2025-07-28,629.9598999023438,131.35067749023438,52.25900650024414,42.714046478271484,132.9675750732422,152.5440673828125,78.48330688476562,112.21810913085938,40.67569351196289,44.700714111328125,40.648529052734375,105.71056365966797,82.12740325927734,305.4100036621094
2025-07-29,628.2982788085938,131.35565185546875,51.993133544921875,43.13105773925781,132.12234497070312,150.8064422607422,78.9990005493164,111.44412994384766,41.142677307128906,44.528846740722656,41.325199127197266,104.8019790649414,83.51421356201172,306.25
2025-07-30,627.5070190429688,131.64910888671875,51.8946647644043,42.51524353027344,131.886474609375,150.0659942626953,78.29842376708984,110.7396011352539,41.44912338256836,43.630210876464844,40.745201110839844,105.12787628173828,83.08382415771484,300.9599914550781
2025-07-31,625.1531372070312,130.68417358398438,51.5697021484375,42.2873420715332,128.19100952148438,150.07586669921875,77.62704467773438,109.8614273071289,41.67287826538086,43.080238342285156,40.02985763549805,106.07597351074219,83.13163757324219,302.9599914550781
2025-08-01,614.9066162109375,127.86398315429688,50.61452865600586,41.5018196105957,128.87899780273438,147.8347625732422,77.99679565429688,107.21200561523438,41.736122131347656,42.584266662597656,39.91386413574219,104.8019790649414,84.31348419189453,309.1099853515625
2025-08-04,624.2530517578125,130.46034240722656,51.11673355102539,41.40969467163086,130.72671508789062,149.1971893310547,78.37626647949219,108.47222137451172,42.475502014160156,43.14897918701172,40.252197265625,106.816650390625,84.54389190673828,310.9100036621094
2025-08-05,621.088134765625,129.3810272216797,50.909942626953125,41.46303176879883,130.22547912597656,148.89112854003906,78.29842376708984,108.61114501953125,42.02311325073242,43.453433990478516,40.38752746582031,105.98707580566406,84.8031234741211,311.1600036621094
2025-08-06,625.845458984375,130.83836364746094,51.156124114990234,41.0799674987793,128.26963806152344,149.0095977783203,79.41738891601562,110.86859893798828,41.6485595703125,42.982025146484375,40.0491943359375,106.3919906616211,84.31348419189453,310.5
2025-08-07,625.3212280273438,130.95773315429688,50.584983825683594,40.919952392578125,126.79537200927734,148.79241943359375,80.02066040039062,110.83386993408203,42.100948333740234,43.16862487792969,40.203861236572266,105.93769836425781,84.16947937011719,313.1199951171875
2025-08-08,630.1972045898438,132.26588439941406,51.057647705078125,41.181793212890625,127.9256362915039,148.91090393066406,80.25418090820312,111.02735137939453,41.920963287353516,43.38468551635742,39.87519073486328,106.29322052001953,83.80464935302734,313.04998779296875
2025-08-11,628.9509887695312,131.3705596923828,51.037960052490234,40.85206985473633,128.0534210205078,148.4271240234375,80.18608093261719,111.31512451171875,41.78963088989258,43.286476135253906,39.643192291259766,106.8364028930664,83.9006576538086,308.54998779296875
2025-08-12,635.6467895507812,133.40487670898438,51.6583251953125,41.050872802734375,128.93797302246094,149.96725463867188,80.40013122558594,112.49595642089844,41.96961212158203,43.851192474365234,39.71086120605469,108.88069152832031,83.47821044921875,308.2699890136719
2025-08-13,637.82275390625,133.45462036132812,51.95374298095703,41.526065826416016,131.00189208984375,150.53990173339844,80.40013122558594,114.03897094726562,42.06203079223633,44.6761589050293,39.971858978271484,109.7300033569336,84.16947937011719,309.2099914550781
2025-08-14,637.882080078125,133.16616821289062,52.19992446899414,41.487274169921875,131.660400390625,149.20709228515625,79.68010711669922,113.90997314453125,41.77016830444336,44.20965576171875,39.691524505615234,109.81889343261719,83.54542541503906,307.25
2025-08-15,636.388671875,132.1564483642578,51.6583251953125,41.487274169921875,133.87181091308594,148.52584838867188,79.80659484863281,113.63709259033203,41.6485595703125,44.20965576171875,39.9525260925293,110.09540557861328,82.95018768310547,307.42999267578125
2025-08-18,636.2501220703125,132.43995666503906,51.697715759277344,41.2399787902832,133.5572967529297,149.10833740234375,79.6995620727539,114.09354400634766,41.46858215332031,43.95431137084961,39.575523376464844,109.42385864257812,82.71016693115234,306.95001220703125
2025-08-19,632.7984008789062,130.12709045410156,51.79618835449219,41.2545280456543,134.412353515625,149.4341278076172,80.51689910888672,114.03897094726562,41.8723258972168,44.219482421875,40.281192779541016,108.81156158447266,83.19019317626953,305.2699890136719
2025-08-20,631.1170654296875,129.24671936035156,52.06206512451172,41.59880447387695,135.13963317871094,149.29592895507812,80.97420501708984,112.9127197265625,41.916099548339844,44.25385284423828,40.43586349487305,108.48565673828125,83.37261199951172,308.3599853515625
2025-08-21,628.5850830078125,128.77919006347656,51.8946647644043,41.884883880615234,134.68753051757812,148.76278686523438,80.24445343017578,112.242919921875,41.62910461425781,44.386436462402344,40.29085922241211,108.36714935302734,82.95977783203125,307.2900085449219
2025-08-22,638.2380981445312,130.52500915527344,52.751365661621094,42.7382926940918,135.7981414794922,151.1914825439453,80.24445343017578,115.65143585205078,41.852867126464844,45.26542663574219,40.92886734008789,109.92752075195312,83.57423400878906,310.5799865722656
2025-08-25,635.42919921875,130.23153686523438,52.44610595703125,42.84981918334961,133.86195373535156,149.68096923828125,78.87249755859375,115.41825103759766,41.38102340698242,45.01498794555664,40.72586441040039,110.10528564453125,83.33421325683594,309.8299865722656
2025-08-26,638.0897216796875,130.82843017578125,52.84983825683594,42.78193664550781,134.69735717773438,151.2211151123047,78.35679626464844,115.94912719726562,41.47344970703125,45.137752532958984,40.60986328125,109.62137603759766,83.28621673583984,312.0799865722656
2025-08-27,639.543701171875,131.5347137451172,52.95815658569336,43.26198196411133,134.61874389648438,151.20135498046875,78.59033203125,115.97393798828125,41.48317337036133,45.250694274902344,40.78385925292969,109.80901336669922,83.19019317626953,312.7099914550781
2025-08-28,641.8085327148438,132.5742645263672,53.02708435058594,43.591705322265625,134.08799743652344,151.46792602539062,78.09410095214844,116.17239379882812,41.1669921875,45.250694274902344,40.67753219604492,110.22380065917969,83.73744201660156,315.0299987792969
2025-08-29,637.98095703125,130.53993225097656,53.16495132446289,43.82930374145508,135.07083129882812,150.07586669921875,78.60006713867188,114.97669219970703,41.016197204589844,45.31452560424805,40.89986801147461,110.00653076171875,83.14219665527344,318.07000732421875
2025-09-02,633.2533569335938,129.22183227539062,52.77106475830078,43.892337799072266,135.1986083984375,148.64431762695312,78.47357940673828,114.11834716796875,40.87999725341797,44.975704193115234,40.203861236572266,109.81889343261719,82.52349853515625,325.5899963378906
2025-09-03,636.685302734375,129.99281311035156,52.68243408203125,42.90800476074219,134.55978393554688,147.8939971923828,78.4151840209961,114.57977294921875,40.7778434753418,44.67124938964844,40.09752655029297,111.6557846069336,83.42938995361328,328.1400146484375
2025-09-04,642.00634765625,130.63446044921875,53.233882904052734,43.194095611572266,135.07083129882812,149.56248474121094,78.46383666992188,116.67350006103516,40.72920227050781,44.84312057495117,40.36819076538086,112.66311645507812,84.0654525756836,326.69000244140625
2025-09-05,640.1469116210938,130.7438507080078,52.25900650024414,42.36008071899414,135.53277587890625,149.0095977783203,78.6876220703125,116.64868927001953,40.602725982666016,45.15739440917969,40.774200439453125,113.26554870605469,85.3471908569336,331.04998779296875
2025-09-08,641.7195434570312,131.72372436523438,52.298397064208984,42.26310348510742,135.483642578125,149.3452911376953,78.39572143554688,117.10018157958984,40.18925476074219,45.196678161621094,40.5035285949707,113.39392852783203,86.48438262939453,334.82000732421875
2025-09-09,643.203125,131.97738647460938,52.52488327026367,42.46675491333008,136.2109375,148.3382568359375,78.5514144897461,116.93646240234375,40.46652603149414,44.4600944519043,40.484195709228516,114.03585052490234,85.99288940429688,334.05999755859375
2025-09-10,645.0624389648438,134.3698272705078,52.34762954711914,43.208641052246094,134.97256469726562,149.4341278076172,77.78273010253906,115.53732299804688,41.16212463378906,44.543575286865234,40.464866638183594,113.19642639160156,86.48438262939453,335.260009765625
2025-09-11,650.4231567382812,134.82244873046875,53.20433807373047,43.21833801269531,137.32154846191406,150.85581970214844,78.4151840209961,117.78485870361328,41.38102340698242,45.47658157348633,41.12220001220703,114.93455505371094,87.0626220703125,334.760009765625
2025-09-12,650.2055053710938,134.73292541503906,52.97785186767578,42.96134567260742,135.73916625976562,149.65133666992188,78.15247344970703,118.39512634277344,41.59019088745117,45.0198974609375,40.938533782958984,115.89250183105469,86.68675994873047,335.4200134277344
2025-09-15,653.6671142578125,135.94656372070312,52.85968780517578,42.81587600708008,134.57940673828125,150.34242248535156,77.2573013305664,119.4221420288086,41.687477111816406,44.656517028808594,40.89019775390625,117.52201080322266,86.88914489746094,338.9100036621094
2025-09-16,652.76708984375,135.4740447998047,52.741519927978516,43.53351974487305,134.57940673828125,149.89816284179688,77.60758972167969,120.15643310546875,40.92863845825195,44.51902389526367,40.648529052734375,117.0479736328125,87.07225036621094,339.5899963378906
2025-09-17,651.9561157226562,135.00648498535156,53.253578186035156,43.635345458984375,134.8448028564453,149.21693420410156,78.07463073730469,119.85379028320312,41.030784606933594,44.62214660644531,40.62919235229492,117.3541259765625,86.85061645507812,336.9700012207031
2025-09-18,655.0023803710938,137.33926391601562,53.30281066894531,43.49957275390625,135.1101531982422,150.8064422607422,77.39352416992188,119.31298828125,41.05997848510742,44.62214660644531,40.658199310302734,117.44300079345703,85.9543228149414,335.6199951171875
2025-09-19,658.2465209960938,138.73194885253906,53.42097473144531,42.922550201416016,134.93324279785156,151.17173767089844,77.23783874511719,119.76448059082031,41.32264709472656,44.60250473022461,40.45519256591797,117.92692565917969,85.79049682617188,339.17999267578125
2025-09-22,661.3607177734375,140.77285766601562,53.34984588623047,42.8731575012207,134.89869689941406,151.67735290527344,76.37669372558594,119.37432098388672,41.72323226928711,44.58720779418945,40.58863830566406,117.51565551757812,85.48211669921875,345.04998779296875
2025-09-23,657.7606201171875,139.5576629638672,53.11273193359375,43.611595153808594,135.20477294921875,151.7169952392578,76.7587661743164,118.25106048583984,41.93870162963867,44.444129943847656,40.91007614135742,117.34718322753906,86.07962799072266,346.4599914550781
2025-09-24,655.6678466796875,138.6960906982422,52.964542388916016,44.178871154785156,134.6617431640625,150.933837890625,76.92532348632812,119.0860595703125,42.2374267578125,43.901405334472656,40.491233825683594,116.37596893310547,85.75196075439453,343.32000732421875
2025-09-25,652.6429443359375,138.45205688476562,52.82622528076172,44.574981689453125,132.43038940429688,149.91273498535156,76.19054412841797,117.40612030029297,41.83096694946289,43.329078674316406,40.39383316040039,115.97955322265625,85.75196075439453,344.75
2025-09-26,656.3819580078125,138.87039184570312,53.21152877807617,44.98576736450195,133.78302001953125,151.26097106933594,76.37669372558594,119.14073181152344,42.51166534423828,43.83232879638672,40.793190002441406,117.10932159423828,85.67485046386719,346.739990234375
2025-09-29,658.2266845703125,139.61244201660156,53.47827911376953,44.15930938720703,134.1779327392578,151.72691345214844,76.52364349365234,119.66259002685547,42.634090423583984,44.000083923339844,40.87111282348633,117.48591613769531,86.37836456298828,352.4599914550781
2025-09-30,660.7061157226562,140.37445068359375,53.22140884399414,43.68983840942383,137.40650939941406,152.89669799804688,76.77836608886719,119.1059341430664,42.70754623413086,44.21717071533203,41.036705017089844,117.30753326416016,86.12781524658203,355.4700012207031
2025-10-01,662.95751953125,141.74899291992188,52.747188568115234,43.68983840942383,141.6520233154297,152.47042846679688,76.66080474853516,119.8514633178711,43.11890411376953,43.753387451171875,41.036705017089844,115.66242980957031,86.35025024414062,356.0299987792969
2025-10-02,663.7210693359375,142.51596069335938,52.70766830444336,43.24971389770508,141.3755645751953,152.86697387695312,76.35710144042969,118.98664855957031,43.040550231933594,44.26157760620117,40.82241439819336,115.4047622680664,86.60169219970703,354.7900085449219
2025-10-03,663.7113037109375,141.79879760742188,53.07321548461914,43.479557037353516,142.98492431640625,153.0751495361328,76.44526672363281,118.22123718261719,43.54005432128906,44.3355827331543,40.98800277709961,115.34530639648438,86.4372787475586,357.6400146484375
2025-10-06,666.0914916992188,143.23312377929688,53.0534553527832,43.694732666015625,142.29379272460938,153.78892517089844,75.88684844970703,119.23516082763672,43.96120071411133,44.296112060546875,40.57889938354492,115.4642333984375,85.75064086914062,364.3800048828125
2025-10-07,663.6219482421875,142.2769012451172,53.12261199951172,43.7631950378418,142.40237426757812,152.9165496826172,76.59222412109375,117.14766693115234,44.1619873046875,44.118492126464844,40.4522705078125,115.01826477050781,86.24385833740234,366.260009765625
2025-10-08,667.5791625976562,144.77203369140625,52.86574172973633,43.50889587402344,142.6788330078125,154.24496459960938,76.21014404296875,117.49559020996094,44.46561050415039,44.35531997680664,40.24772262573242,114.54257202148438,86.31155395507812,372.29998779296875
2025-10-09,665.6452026367188,144.5279998779297,52.67802810668945,42.91717529296875,142.36289978027344,151.96482849121094,76.45507049560547,116.90910339355469,44.35297393798828,43.74845504760742,40.062652587890625,113.88850402832031,86.24385833740234,365.42999267578125
2025-10-10,647.6542358398438,138.64630126953125,51.53199768066406,41.67504119873047,140.3092498779297,148.6041259765625,76.51384735107422,113.6933822631836,44.17177963256836,42.850494384765625,39.624332427978516,111.78752899169922,87.6364517211914,369.1199951171875
2025-10-13,657.5919189453125,142.02291870117188,52.02597427368164,42.2423095703125,140.15127563476562,150.15066528320312,76.25911712646484,116.23316192626953,44.50967788696289,43.53136444091797,39.84836196899414,112.81819152832031,87.5881118774414,378.0899963378906
2025-10-14,656.78857421875,140.20013427734375,52.59899139404297,42.237422943115234,140.5363311767578,151.91526794433594,77.48373413085938,116.47669219970703,44.906341552734375,43.965545654296875,40.22824478149414,113.56145477294922,87.86854553222656,380.7900085449219
2025-10-15,659.7044067382812,141.58963012695312,52.59899139404297,42.21297073364258,140.75355529785156,151.28082275390625,77.62090301513672,116.64568328857422,45.493995666503906,43.7681884765625,40.81267166137695,114.36418914794922,87.6751480102539,387.3900146484375
2025-10-16,655.2116088867188,141.6942138671875,51.136810302734375,41.70438003540039,140.5166015625,150.28944396972656,77.08206939697266,115.51744079589844,44.999385833740234,43.44255447387695,40.6860466003418,113.14523315429688,88.3327407836914,396.45001220703125
2025-10-17,658.9308471679688,141.9432373046875,51.551753997802734,42.04669952392578,141.45455932617188,150.41831970214844,78.11074829101562,116.51148223876953,44.842681884765625,43.358680725097656,40.94904327392578,113.9083251953125,88.19734191894531,388.989990234375
2025-10-20,665.7840576171875,143.52696228027344,52.15441131591797,42.49171447753906,142.95529174804688,152.19287109375,78.04216766357422,117.43594360351562,44.82798767089844,43.87673568725586,41.377620697021484,115.1966552734375,88.53582763671875,403.1499938964844
2025-10-21,665.7741088867188,143.60165405273438,52.09513473510742,42.39391326904297,143.29098510742188,153.5410919189453,77.67967987060547,118.8723373413086,44.37255859375,43.708980560302734,41.25099563598633,115.60296630859375,88.97102355957031,377.239990234375
2025-10-22,662.3128051757812,142.18228149414062,51.798744201660156,42.93673324584961,144.11048889160156,151.5484619140625,78.12053680419922,117.94290924072266,44.26972198486328,43.57577133178711,41.43606185913086,114.60203552246094,89.02904510498047,377.2799987792969
2025-10-23,666.2402954101562,143.97518920898438,51.90742111206055,43.50889587402344,144.189453125,153.4419403076172,77.73846435546875,118.4747085571289,44.235443115234375,44.0987548828125,41.39710235595703,114.21553802490234,88.41976928710938,378.7900085449219
2025-10-24,671.6851806640625,146.21133422851562,52.470558166503906,43.06877136230469,144.17958068847656,153.57081604003906,77.48373413085938,118.12183380126953,44.75453186035156,43.91620635986328,41.543209075927734,114.51284790039062,88.45846557617188,377.5199890136719
2025-10-27,679.6095581054688,148.91065979003906,52.68791198730469,43.17146682739258,144.51527404785156,154.44322204589844,77.6111068725586,119.82164764404297,44.87696075439453,43.89646911621094,41.63087463378906,116.1083984375,88.75825500488281,367.010009765625
2025-10-28,681.41455078125,150.3848114013672,52.35200500488281,42.721561431884766,143.60693359375,153.3428192138672,76.83714294433594,119.8514633178711,44.13749694824219,43.95566940307617,40.70552444458008,115.53360748291016,88.9903564453125,364.3800048828125
2025-10-29,681.7418823242188,151.46556091308594,51.46284103393555,43.0394287109375,142.1555633544922,153.73936462402344,75.02471923828125,118.86238861083984,44.12281036376953,43.09225082397461,39.59511184692383,115.24620819091797,88.09097290039062,363.0
2025-10-30,674.2440185546875,149.60292053222656,51.60115432739258,42.785133361816406,142.4715118408203,153.3527374267578,74.94634246826172,116.17848205566406,43.93671798706055,42.514991760253906,39.81914138793945,113.29388427734375,87.57843780517578,370.1300048828125
2025-10-31,676.4556274414062,149.74734497070312,51.73946762084961,43.098114013671875,142.42214965820312,153.7195281982422,74.73080444335938,119.25006866455078,43.63310241699219,42.26829528808594,39.838626861572266,113.77948760986328,87.31731414794922,368.1199951171875
2025-11-03,677.72509765625,150.35992431640625,51.522117614746094,43.10300064086914,142.61959838867188,153.0652313232422,74.14299011230469,120.36836242675781,43.6575813293457,42.006805419921875,39.77043914794922,112.5704345703125,87.09893035888672,368.7799987792969
2025-11-04,669.691650390625,146.390625,51.78886795043945,42.638427734375,143.26138305664062,151.2907257080078,74.44670104980469,118.37034606933594,43.500877380371094,41.799583435058594,39.87758255004883,111.79743194580078,87.29306030273438,362.32000732421875
2025-11-05,672.012451171875,146.96336364746094,51.966697692871094,42.75090026855469,143.8142852783203,151.8756103515625,74.39772033691406,119.81170654296875,43.51066970825195,42.0462760925293,39.86783981323242,112.40196228027344,86.3418960571289,366.510009765625
2025-11-06,664.8021850585938,144.0100555419922,51.778987884521484,43.16657257080078,144.09071350097656,151.2708740234375,74.06462097167969,117.04330444335938,43.31968307495117,41.839054107666016,39.673030853271484,111.39112091064453,87.11835479736328,366.07000732421875
2025-11-07,665.4567260742188,143.5120086669922,52.14453125,43.78764724731445,144.28819274902344,152.00450134277344,75.15206909179688,117.2271957397461,43.922027587890625,42.34230422973633,40.19902420043945,111.10371398925781,86.9339370727539,368.30999755859375
2025-11-10,675.8406982421875,147.1824951171875,52.332244873046875,44.18375778198242,145.4137420654297,152.86697387695312,74.87776947021484,118.7679672241211,43.9073371887207,42.741947174072266,40.1697998046875,112.26321411132812,86.91454315185547,378.3800048828125
2025-11-11,677.387939453125,145.92747497558594,52.56935501098633,44.76081466674805,148.77066040039062,152.9066162109375,75.85746002197266,119.06120300292969,43.931819915771484,43.18599319458008,40.61786651611328,113.1749496459961,87.31245422363281,379.8699951171875
2025-11-12,677.7648315429688,146.38067626953125,53.0238151550293,44.134857177734375,150.883544921875,153.05531311035156,75.74968719482422,118.26100158691406,44.0346565246582,43.49189376831055,40.29642105102539,112.52088928222656,87.46775817871094,385.989990234375
2025-11-13,666.5180053710938,142.73011779785156,52.342124938964844,44.24733352661133,150.8045654296875,150.6859893798828,75.74968719482422,115.30870056152344,43.42741775512695,43.205726623535156,39.77043914794922,110.92533111572266,86.74954986572266,382.8699951171875
2025-11-14,666.4088134765625,143.50704956054688,51.81850814819336,45.00043487548828,149.90609741210938,150.69589233398438,75.69091033935547,114.75700378417969,43.46659851074219,42.81101989746094,39.8873291015625,110.33071899414062,86.25454711914062,375.9599914550781
2025-11-17,660.2003173828125,141.26092529296875,50.83054733276367,44.178871154785156,149.77774047851562,149.2187957763672,75.21085357666016,113.67847442626953,43.85836410522461,42.159751892089844,39.624332427978516,110.18206787109375,86.46806335449219,371.6499938964844
2025-11-18,654.65625,138.96502685546875,50.751502990722656,44.530967712402344,150.65646362304688,148.55458068847656,75.5341567993164,111.58104705810547,43.69186019897461,42.19429016113281,39.77043914794922,110.80640411376953,86.4389419555664,374.3500061035156
2025-11-19,657.185302734375,139.9311981201172,50.93922424316406,43.953914642333984,150.39976501464844,149.05026245117188,74.95613861083984,111.58602142333984,43.324581146240234,42.302833557128906,39.458740234375,110.19197845458984,86.26425170898438,374.9599914550781
2025-11-20,647.1683349609375,135.53857421875,50.49463653564453,43.45510482788086,149.50128173828125,146.5520477294922,75.4949722290039,109.9209976196289,43.104209899902344,41.67130661010742,39.3223762512207,108.98292541503906,86.60394287109375,374.8500061035156
2025-11-21,653.6148681640625,136.0615234375,51.04789733886719,43.72896194458008,152.65086364746094,148.3364715576172,76.31790924072266,112.07806396484375,43.16787338256836,42.603797912597656,39.838626861572266,110.89561462402344,86.86600494384766,374.2699890136719
2025-11-24,663.2351684570312,139.3036651611328,51.2652473449707,43.60670852661133,153.29263305664062,148.70327758789062,75.43619537353516,113.57408905029297,43.6575813293457,42.68767166137695,39.897064208984375,111.99564361572266,87.3609848022461,380.20001220703125
2025-11-25,669.4735717773438,139.6772003173828,51.90742111206055,43.332847595214844,156.75814819335938,150.60667419433594,76.47466278076172,116.00452423095703,43.49108123779297,43.32413864135742,40.218505859375,113.27406311035156,87.584228515625,380.0799865722656
2025-11-26,674.09521484375,141.33065795898438,52.3124885559082,43.66049575805664,156.41258239746094,151.4790802001953,77.3073959350586,116.79975891113281,44.06894302368164,43.856998443603516,40.39383316040039,113.43262481689453,87.97245025634766,383.1199951171875
2025-11-28,677.7747192382812,142.54583740234375,52.68791198730469,44.23265838623047,155.65234375,152.3613739013672,77.758056640625,117.5254135131836,44.38235092163086,44.10862350463867,40.58863830566406,114.35427856445312,87.55510711669922,387.8800048828125
2025-12-01,674.6803588867188,142.610595703125,52.25320816040039,44.658119201660156,153.32223510742188,150.13084411621094,77.67967987060547,117.5949935913086,43.344173431396484,44.000083923339844,40.0236930847168,113.81912231445312,86.46516418457031,389.75
2025-12-02,675.9299926757812,144.07977294921875,52.20381164550781,44.08106231689453,152.40403747558594,151.4394073486328,77.17023468017578,117.51546478271484,43.03565216064453,43.600440979003906,39.92628860473633,114.19571685791016,86.50411987304688,387.239990234375
2025-12-03,678.2706298828125,144.4234161376953,52.9052619934082,44.90752410888672,153.1149139404297,152.87689208984375,77.22901916503906,118.78287506103516,42.89853286743164,43.90633773803711,40.004215240478516,114.09661102294922,86.74762725830078,386.8800048828125
2025-12-04,678.7664794921875,144.96128845214844,53.01393508911133,45.098243713378906,151.94985961914062,153.66995239257812,76.85674285888672,118.36039733886719,42.81038284301758,43.649776458740234,39.93602752685547,114.75069427490234,86.28009033203125,387.1300048828125
2025-12-05,680.0557861328125,146.02207946777344,53.033695220947266,44.912410736083984,151.3179473876953,153.24368286132812,76.86653900146484,119.01647186279297,42.4088249206543,43.50669479370117,39.92628860473633,116.07865905761719,85.88072967529297,386.44000244140625
2025-12-08,678.0126953125,147.0480194091797,52.83610534667969,44.42338180541992,149.5111541748047,153.05531311035156,76.22972869873047,117.2868423461914,41.840763092041016,42.904762268066406,39.682777404785156,115.21647644042969,85.59825897216797,385.4200134277344
2025-12-09,677.4276123046875,147.43650817871094,52.638511657714844,44.697242736816406,148.05979919433594,151.93508911132812,76.40608215332031,117.27690124511719,41.870147705078125,42.815956115722656,39.449005126953125,115.34530639648438,85.68592834472656,387.3999938964844
2025-12-10,681.92041015625,148.1436767578125,53.24116516113281,45.166709899902344,150.212158203125,154.71087646484375,76.63141632080078,118.99658966064453,41.850555419921875,43.65471267700195,39.52692794799805,116.01920318603516,86.01709747314453,389.04998779296875
2025-12-11,683.5072021484375,147.38670349121094,54.20936965942383,44.951534271240234,151.63392639160156,156.366455078125,77.19963073730469,119.46378326416016,42.154178619384766,44.523067474365234,39.741214752197266,115.76153564453125,85.90022277832031,393.239990234375
2025-12-12,676.1581420898438,143.12356567382812,54.28840637207031,44.51140594482422,152.1078338623047,155.385009765625,77.8070297241211,119.98068237304688,41.94850158691406,44.55267333984375,39.6925163269043,115.50386810302734,85.0722885131836,395.44000244140625
2025-12-15,675.1365966796875,141.73904418945312,54.32792282104492,44.198429107666016,154.12197875976562,155.63284301757812,78.02257537841797,121.00455474853516,42.33047103881836,44.523067474365234,39.84836196899414,115.52368927001953,85.13072967529297,395.79998779296875
2025-12-16,673.2918701171875,141.99801635742188,53.98213577270508,42.84870910644531,152.11770629882812,154.71087646484375,77.66988372802734,121.20336151123047,42.154178619384766,44.40465545654297,39.49770736694336,115.60296630859375,85.59825897216797,395.8900146484375
2025-12-17,665.8832397460938,138.8404998779297,53.97225570678711,43.797428131103516,151.84124755859375,152.2027587890625,78.03237915039062,119.8017578125,41.87993621826172,44.59214401245117,39.673030853271484,114.7705078125,85.52033996582031,399.2900085449219
2025-12-18,670.9115600585938,140.98202514648438,53.88334655761719,43.16168975830078,151.95973205566406,153.19410705566406,77.58171081542969,121.61090850830078,42.29129409790039,44.57240676879883,39.42951965332031,115.4245834350586,85.92943572998047,398.57000732421875
2025-12-19,676.9923095703125,144.0299835205078,54.17972946166992,43.16168975830078,152.9766845703125,154.5126190185547,77.18003845214844,121.12382507324219,41.75261688232422,44.76976013183594,39.283416748046875,115.47413635253906,85.60871124267578,399.0199890136719
2025-12-22,681.2098999023438,144.80706787109375,54.844970703125,43.608524322509766,153.98507690429688,156.22557067871094,76.91043090820312,121.85191345214844,41.907535552978516,45.29841995239258,39.57487869262695,115.98716735839844,85.42292785644531,408.2300109863281
2025-12-23,684.3233032226562,145.59515380859375,54.95402526855469,43.89457702636719,153.6776885986328,156.1658935546875,76.54505157470703,121.68260192871094,42.055545806884766,45.377769470214844,39.56503677368164,116.71295166015625,85.559814453125,413.6400146484375
2025-12-24,686.7305297851562,145.94430541992188,55.25144958496094,43.7663459777832,154.4808349609375,156.6732177734375,77.14745330810547,122.10092163085938,42.24303436279297,45.467041015625,39.8210563659668,117.4089126586914,86.07807159423828,411.92999267578125
2025-12-26,686.660888671875,146.17373657226562,55.142391204833984,43.59865951538086,154.72872924804688,156.38475036621094,77.2560806274414,121.5630874633789,42.21342849731445,45.73484420776367,39.89983367919922,117.28961181640625,85.79449462890625,416.739990234375
2025-12-29,684.2138671875,145.51535034179688,54.844970703125,44.01294708251953,154.49073791503906,156.04652404785156,77.30545806884766,120.36786651611328,42.2923698425293,45.367855072021484,40.00815200805664,117.21006774902344,86.11717987060547,398.6000061035156
2025-12-30,683.3783569335938,145.0564727783203,54.706172943115234,44.34832000732422,154.36184692382812,155.598876953125,77.17707824707031,119.87982177734375,42.39104461669922,45.35793685913086,40.09677505493164,117.60775756835938,85.9118423461914,398.8900146484375
2025-12-31,678.3152465820312,143.61996459960938,54.29969024658203,44.101722717285156,153.4893035888672,154.3057098388672,76.71292877197266,118.9336166381836,42.1246223449707,44.98102569580078,39.7324333190918,117.04104614257812,85.22736358642578,396.30999755859375
2026-01-02,679.55859375,143.94915771484375,54.45832061767578,45.02893829345703,154.1932830810547,157.15069580078125,76.7228012084961,117.87783813476562,42.608131408691406,45.7447624206543,39.76197814941406,116.22577667236328,85.1002426147461,398.2799987792969
2026-01-05,684.0845336914062,144.26837158203125,55.648014068603516,46.2520637512207,153.72726440429688,159.01087951660156,76.38703155517578,119.82006072998047,42.134490966796875,46.20102310180664,39.81121063232422,117.07087707519531,85.52070617675781,408.760009765625
2026-01-06,688.1529541015625,146.29344177246094,55.91569900512695,45.019065856933594,156.75143432617188,161.16949462890625,76.50554656982422,120.58699035644531,42.341705322265625,47.11353302001953,40.07707977294922,116.65330505371094,85.3447036743164,413.17999267578125
2026-01-07,685.9347534179688,146.17373657226562,55.13248062133789,44.51601028442383,158.3081512451172,158.135498046875,75.66612243652344,120.41767120361328,41.31547927856445,46.30020523071289,39.5256462097168,116.41468048095703,85.84339141845703,409.2300109863281
2026-01-08,685.8651123046875,143.88931274414062,55.41999053955078,45.91668701171875,156.7811737060547,159.32920837402344,77.46347045898438,122.42960357666016,41.433895111083984,47.11353302001953,39.8210563659668,116.80243682861328,85.41315460205078,411.489990234375
2026-01-09,690.4010009765625,145.79466247558594,55.25144958496094,46.03505325317383,155.97805786132812,161.0799560546875,78.26338195800781,123.91366577148438,41.94700241088867,47.867347717285156,39.88014221191406,117.2299575805664,85.98029327392578,414.4700012207031
2026-01-12,691.4852294921875,146.43310546875,54.81522750854492,45.70954895019531,156.04745483398438,162.31346130371094,79.18180847167969,124.0232162475586,42.016082763671875,48.1252326965332,39.99829864501953,116.87203216552734,85.7260513305664,422.2300109863281
2026-01-13,690.1026000976562,146.1238555908203,53.76432800292969,46.36056900024414,155.4128875732422,163.14903259277344,80.10022735595703,123.71446228027344,42.28250503540039,48.333526611328125,40.30355453491211,116.2158432006836,85.87272644042969,421.6300048828125
2026-01-14,686.7106323242188,144.3481903076172,53.685020446777344,47.40614700317383,156.5233917236328,163.40768432617188,81.20629119873047,121.76228332519531,42.598262786865234,48.35336685180664,40.75651550292969,115.96728515625,86.37141418457031,425.94000244140625
2026-01-15,688.5806884765625,145.10635375976562,53.90312576293945,46.9622688293457,155.6310272216797,164.9097442626953,81.34454345703125,122.21048736572266,43.03243637084961,48.5616569519043,41.06177520751953,115.53975677490234,86.35186004638672,423.3299865722656
2026-01-16,688.0037231445312,145.2659454345703,53.9725227355957,47.04117965698242,154.4213409423828,166.02386474609375,81.08777618408203,121.81208801269531,42.81535339355469,48.283935546875,41.563968658447266,114.5057601928711,85.8531723022461,421.2900085449219
2026-01-20,673.9981689453125,141.49514770507812,52.7431755065918,46.9524040222168,154.08421325683594,162.67156982421875,81.33466339111328,118.64476776123047,42.39104461669922,47.797916412353516,40.76636505126953,112.81556701660156,84.72866821289062,437.2300109863281
2026-01-21,681.77685546875,143.46034240722656,53.000938415527344,48.08675765991211,156.9199981689453,165.48670959472656,81.4136734008789,120.9156723022461,42.450252532958984,48.839378356933594,40.91407012939453,113.96886444091797,85.37403869628906,443.6000061035156
2026-01-22,685.3379516601562,144.5277557373047,53.347938537597656,48.24458312988281,156.9497528076172,164.6312255859375,81.24578094482422,122.13080596923828,42.14435577392578,49.11709976196289,40.51034164428711,115.57952880859375,85.74562072753906,451.7900085449219
2026-01-23,685.5865478515625,144.73724365234375,52.614288330078125,48.52077102661133,156.1466064453125,163.35794067382812,81.87782287597656,122.6387710571289,41.99634552001953,49.56344223022461,40.61865997314453,116.28543853759766,85.98029327392578,458.0
2026-01-26,689.0680541992188,145.72483825683594,52.95137023925781,48.55036544799805,156.76136779785156,163.51710510253906,81.74943542480469,121.83200073242188,42.30223846435547,49.622947692871094,40.58911895751953,117.09075927734375,86.3909683227539,464.70001220703125
2026-01-27,691.8134765625,147.69004821777344,52.544891357421875,48.994239807128906,154.13380432128906,164.19354248046875,82.12470245361328,122.20052337646484,42.85482406616211,49.57335662841797,40.61865997314453,116.22577667236328,85.8531723022461,476.1000061035156
2026-01-28,691.7438354492188,148.86717224121094,52.534976959228516,49.36907196044922,153.00344848632812,163.2783660888672,81.295166015625,121.28419494628906,42.75614929199219,49.543601989746094,40.22478103637695,116.07664489746094,85.65760040283203,494.55999755859375
2026-01-29,690.3711547851562,146.51290893554688,53.09016799926758,49.82281494140625,152.51760864257812,164.9893341064453,81.1075210571289,120.70650482177734,42.75614929199219,49.593196868896484,40.736820220947266,119.09911346435547,85.67716217041016,495.8999938964844
2026-01-30,688.3120727539062,143.5301971435547,52.981109619140625,50.355464935302734,153.4298095703125,164.57154846191406,82.47035217285156,120.68659210205078,42.677207946777344,48.86913299560547,40.79590606689453,119.38744354248047,85.1980209350586,444.95001220703125
2026-02-02,691.7339477539062,144.9068145751953,53.566043853759766,49.36907196044922,154.37176513671875,166.6505584716797,83.4480209350586,121.48340606689453,42.055545806884766,49.24604415893555,40.33309555053711,118.97980499267578,84.95459747314453,427.1300048828125
2026-02-03,685.885009765625,141.73455810546875,53.07033920288086,50.9670295715332,152.79522705078125,168.05316162109375,84.80096435546875,120.5073013305664,42.66733932495117,50.287498474121094,40.18539810180664,117.06092834472656,85.16073608398438,454.2900085449219
2026-02-04,682.5626831054688,137.7841796875,53.49664306640625,52.11125183105469,154.70887756347656,168.50079345703125,85.90702056884766,119.62085723876953,42.50946044921875,51.46781539916992,40.825443267822266,116.12635803222656,84.94477081298828,453.9700012207031
2026-02-05,674.0379638671875,135.3002471923828,52.8323974609375,51.49968719482422,153.52894592285156,167.4861602783203,85.837890625,117.04119110107422,42.52919387817383,50.08912658691406,40.59896469116211,115.53975677490234,85.86746215820312,441.8800048828125
2026-02-06,686.96923828125,140.786865234375,53.794071197509766,52.52553939819336,156.37466430664062,172.27088928222656,86.84519958496094,117.51927185058594,42.775882720947266,51.09090805053711,41.34733581542969,115.09236145019531,85.92634582519531,455.4599914550781
2026-02-09,690.2816772460938,143.00148010253906,53.4768180847168,52.91023254394531,154.99642944335938,172.78817749023438,86.34154510498047,117.0810317993164,42.90415954589844,51.75545883178711,41.60335159301758,116.20589447021484,85.90672302246094,467.0299987792969
2026-02-10,688.4613037109375,142.20343017578125,53.09016799926758,52.85104751586914,154.0148162841797,172.9970703125,86.06503295898438,117.85791778564453,43.614627838134766,52.479515075683594,42.184326171875,116.90186309814453,86.89810180664062,462.3999938964844
2026-02-11,688.3021850585938,142.62240600585938,52.28712463378906,54.231998443603516,154.92701721191406,173.9221954345703,87.29946899414062,117.29019927978516,43.99946212768555,53.183738708496094,42.144935607910156,116.06670379638672,86.43675231933594,467.6300048828125
2026-02-12,677.668701171875,138.87155151367188,51.24613952636719,53.245601654052734,154.67913818359375,171.84315490722656,88.0993881225586,115.66669464111328,44.650718688964844,52.400169372558594,42.2138671875,113.97881317138672,87.58518981933594,451.3900146484375
2026-02-13,678.1461181640625,139.22068786621094,51.20648193359375,53.61056900024414,156.33499145507812,173.25570678710938,88.3956527709961,115.71649932861328,45.8841667175293,52.87626647949219,42.834224700927734,113.91915893554688,88.06616973876953,462.6199951171875
2026-02-17,679.2402954101562,139.14088439941406,51.75176239013672,53.018733978271484,156.03753662109375,174.1609344482422,87.10195922851562,115.57705688476562,45.76575469970703,52.2712287902832,43.267486572265625,113.74019622802734,88.2134017944336,448.20001220703125
2026-02-18,682.662109375,140.56741333007812,52.13841247558594,54.03472137451172,156.33499145507812,174.1211395263672,86.9439468383789,116.55313873291016,45.005950927734375,52.588626861572266,42.686519622802734,113.9291000366211,87.87966918945312,458.2799987792969
2026-02-19,680.8616333007812,139.86911010742188,51.70219039916992,54.42927932739258,155.928466796875,175.414306640625,86.57855987548828,115.77625274658203,45.49932861328125,52.400169372558594,42.538814544677734,114.4759292602539,87.96800994873047,459.55999755859375
2026-02-20,685.7855834960938,140.53749084472656,52.03927230834961,54.13336181640625,155.49220275878906,176.29965209960938,86.79581451416016,116.9814224243164,45.71641540527344,52.529109954833984,42.89330291748047,116.12635803222656,87.76187896728516,468.6199951171875
2026-02-23,678.7827758789062,138.1832275390625,50.29438400268555,54.399688720703125,157.1976318359375,173.9122314453125,87.86237335205078,114.53124237060547,46.0617790222168,52.529109954833984,42.942543029785156,114.69466400146484,88.08578491210938,481.2799987792969
2026-02-24,683.7164916992188,139.97885131835938,50.542236328125,54.350364685058594,156.53330993652344,176.05096435546875,88.62278747558594,116.27426147460938,46.574893951416016,52.92585754394531,43.060699462890625,115.49005126953125,88.24285125732422,474.6099853515625
2026-02-25,689.4859008789062,142.66229248046875,51.42459487915039,54.123497009277344,156.49365234375,174.67820739746094,87.9018783569336,116.62286376953125,46.73277282714844,52.628299713134766,42.775142669677734,115.82808685302734,88.2526626586914,473.4200134277344
2026-02-26,685.6561889648438,140.6671600341797,52.0491828918457,54.301048278808594,156.0871124267578,175.77243041992188,87.75374603271484,116.58302307128906,46.55515670776367,52.56878662109375,42.96223449707031,116.04681396484375,88.60601806640625,477.4800109863281
2026-02-27,682.3637084960938,138.42262268066406,50.988372802734375,55.159210205078125,158.84356689453125,176.21011352539062,88.8894271850586,116.39378356933594,47.09787368774414,52.97544860839844,43.16902160644531,117.36914825439453,89.14588928222656,483.75
2026-03-02,682.751708984375,139.2007293701172,50.8594856262207,56.26397705078125,157.18771362304688,177.96087646484375,87.6056137084961,114.95952606201172,46.74264144897461,52.81675338745117,43.24779510498047,117.190185546875,88.25067138671875,490.0
2026-03-03,676.7337036132812,137.1656951904297,50.770259857177734,55.75104904174805,155.4128875732422,174.51904296875,86.6476821899414,113.90375518798828,46.44661331176758,51.51741027832031,43.031166076660156,117.27967071533203,88.07341003417969,468.1400146484375
2026-03-04,681.5082397460938,139.5,51.057769775390625,55.425537109375,155.7202606201172,175.0462646484375,86.07491302490234,115.9256591796875,46.64396667480469,51.4975700378418,43.090240478515625,118.1048812866211,87.79765319824219,471.79998779296875
2026-03-05,677.70849609375,139.83917236328125,50.79009246826172,55.71159362792969,152.60684204101562,171.1567840576172,84.3467025756836,116.08502960205078,46.27886962890625,50.41644287109375,42.67667007446289,117.75689697265625,87.443115234375,466.1300048828125
2026-03-06,668.82568359375,136.95620727539062,50.1357536315918,55.80036926269531,151.40708923339844,169.04791259765625,84.71208190917969,113.98343658447266,46.12098693847656,49.4543342590332,42.233558654785156,116.78255462646484,87.11811828613281,473.510009765625
2026-03-09,674.6845703125,139.42019653320312,49.89781951904297,55.553768157958984,152.95387268066406,170.04266357421875,84.89972686767578,114.1328353881836,46.229530334472656,49.583274841308594,42.322181701660156,116.88197326660156,87.87644958496094,472.5299987792969
2026-03-10,673.6002807617188,139.42019653320312,49.6301383972168,54.843563079833984,151.853271484375,169.12750244140625,84.65283203125,113.98343658447266,45.9433708190918,49.47417068481445,42.263099670410156,116.70301055908203,86.94084167480469,477.8599853515625
2026-03-11,672.7548217773438,140.08856201171875,49.2137451171875,56.20478820800781,151.55581665039062,168.60028076171875,83.53689575195312,113.68463134765625,45.55853271484375,49.43449401855469,41.76090621948242,116.32520294189453,85.81815338134766,476.239990234375
2026-03-12,662.5390625,137.50486755371094,48.410701751708984,56.727577209472656,148.8885955810547,164.3726043701172,83.20113372802734,111.07508850097656,45.8841667175293,49.27579879760742,41.49503707885742,114.60517120361328,85.65072631835938,466.8800048828125
2026-03-13,658.7890014648438,136.4674072265625,48.470184326171875,56.91499328613281,148.52171325683594,163.78567504882812,83.68502807617188,110.417724609375,46.338069915771484,48.7897834777832,41.60335159301758,113.78990173339844,85.22724914550781,460.8399963378906
2026-03-16,665.493408203125,138.44259643554688,48.87666320800781,57.11227798461914,149.73138427734375,165.1882781982422,83.92205047607422,111.75237274169922,46.63409423828125,48.998077392578125,41.928306579589844,114.66483306884766,85.88707733154297,460.42999267578125
2026-03-17,667.2440185546875,139.2007293701172,49.13443374633789,57.71397399902344,148.3730010986328,165.6259765625,83.6455307006836,112.72846221923828,46.505821228027344,49.11709976196289,42.066162109375,114.70460510253906,86.12344360351562,459.2699890136719
2026-03-18,657.9335327148438,137.62457275390625,48.54949951171875,57.63506317138672,145.89414978027344,164.31289672851562,81.61117553710938,110.12887573242188,46.11111831665039,48.0855598449707,41.37687301635742,113.00447082519531,85.640869140625,444.739990234375
2026-03-19,656.3121948242188,138.0934295654297,48.5693244934082,58.55241012573242,145.36865234375,163.1987762451172,80.94951629638672,109.26234436035156,45.92363739013672,47.351585388183594,41.278404235839844,112.48746490478516,86.16283416748047,426.4100036621094
2026-03-20,646.9034423828125,134.96107482910156,48.65855407714844,58.503089904785156,144.0994873046875,160.82131958007812,80.27798461914062,107.31016540527344,44.05866622924805,46.5977668762207,39.9687614440918,111.58271789550781,84.52801513671875,413.3800048828125
2026-03-23,653.6959228515625,136.78689575195312,49.0980110168457,59.203041076660156,144.13433837890625,162.6498260498047,80.62060546875,109.90100860595703,44.495872497558594,47.372867584228516,40.26714324951172,112.41754150390625,85.07951354980469,404.0400085449219
2026-03-24,651.5015869140625,135.9878387451172,49.107975006103516,60.40437698364258,144.15423583984375,163.59750366210938,80.55108642578125,109.46187591552734,44.80390548706055,48.26951599121094,39.94001388549805,110.84164428710938,84.70528411865234,404.1300048828125
2026-03-25,655.1322021484375,136.5971221923828,49.16776657104492,60.13631057739258,145.59788513183594,164.69480895996094,80.94833374023438,110.50979614257812,44.962890625,49.2259407043457,39.92018508911133,111.15084075927734,85.52269744873047,416.2900085449219
2026-03-26,643.432373046875,132.34219360351562,48.87877655029297,61.07950973510742,145.10008239746094,160.87420654296875,80.58087921142578,108.61357116699219,45.04238510131836,48.90713119506836,39.94001388549805,108.52766418457031,84.80377197265625,400.6400146484375
2026-03-27,632.4606323242188,129.76527404785156,47.64310836791992,62.112064361572266,142.63095092773438,158.8092803955078,81.21646881103516,105.46983337402344,45.30073165893555,48.72780227661133,39.66244125366211,106.76226043701172,84.34089660644531,414.70001220703125
2026-03-30,630.3460693359375,127.34815216064453,48.19118881225586,61.516357421875,143.18850708007812,156.2256317138672,81.31578063964844,105.44987487792969,45.62863540649414,48.90713119506836,39.8607063293457,107.67987060546875,85.46360778808594,414.5799865722656
2026-03-31,648.6688842773438,132.74171447753906,49.197662353515625,60.82136917114258,145.96624755859375,161.33306884765625,81.41510009765625,108.76327514648438,45.59882736206055,49.78385543823242,40.47532272338867,110.57234191894531,85.37496948242188,430.2900085449219
2026-04-01,653.5562744140625,134.74932861328125,49.267417907714844,58.547767639160156,147.08132934570312,164.02642822265625,80.89867401123047,109.5816421508789,45.81743240356445,50.27202606201172,40.59428024291992,110.95135498046875,85.29093170166016,437.82000732421875
2026-04-02,654.144775390625,135.8280487060547,49.35710144042969,58.82576370239258,146.16537475585938,163.36807250976562,81.32571411132812,107.93492126464844,46.04597473144531,50.22221374511719,41.2485466003418,111.41016387939453,85.81497192382812,429.4100036621094
2026-04-06,657.23681640625,136.61709594726562,49.70588302612305,59.252685546875,145.6376953125,164.2060089111328,82.09041595458984,108.82315063476562,45.877052307128906,50.03292465209961,41.397239685058594,111.47000885009766,85.67654418945312,427.6499938964844
2026-04-07,657.5260009765625,137.2663116455078,49.70588302612305,59.729248046875,145.9264373779297,163.87681579589844,80.70005798339844,107.55567169189453,45.976417541503906,49.8934440612793,41.35758972167969,111.52985382080078,85.66665649414062,431.80999755859375
2026-04-08,674.27294921875,141.52125549316406,51.02127456665039,57.63435363769531,149.0128173828125,170.02169799804688,82.20957946777344,110.599609375,46.48318099975586,51.55722427368164,42.07133483886719,113.51468658447266,85.94351196289062,434.5299987792969
2026-04-09,678.162841796875,141.9008026123047,51.150821685791016,56.91950988769531,148.67431640625,171.76739501953125,82.87496185302734,112.51579284667969,46.85083770751953,51.47751998901367,42.35881423950195,113.97349548339844,85.7259750366211,437.9100036621094
2026-04-10,677.7140502929688,142.45013427734375,50.5927734375,56.53230285644531,146.66317749023438,171.0990447998047,81.80240631103516,112.66549682617188,46.66204071044922,51.76643753051758,42.448036193847656,113.6543197631836,85.51834106445312,437.1300048828125
2026-04-13,684.3369750976562,145.43658447265625,51.47966766357422,56.70108413696289,147.32028198242188,172.30606079101562,80.9880599975586,113.69344329833984,46.09565734863281,51.995582580566406,42.646297454833984,114.5220718383789,85.7754135131836,435.3599853515625
2026-04-14,692.675537109375,147.76380920410156,51.599246978759766,55.54939270019531,148.17649841308594,172.924560546875,80.90860748291016,116.20843505859375,46.17515182495117,51.816253662109375,43.052734375,116.25755310058594,86.2302474975586,445.0899963378906
2026-04-15,698.1414184570312,150.12100219726562,51.987884521484375,55.360748291015625,147.12115478515625,170.75987243652344,80.50143432617188,117.94497680664062,45.728004455566406,51.188602447509766,43.03290939331055,117.05548095703125,85.85452270507812,440.4599914550781
2026-04-16,699.8569946289062,151.83895874023438,51.84837341308594,56.17488098144531,145.96624755859375,169.91195678710938,80.86888122558594,117.39606475830078,46.055908203125,51.55722427368164,43.42943572998047,118.52166748046875,85.31069946289062,440.0799865722656
2026-04-17,708.3152465820312,154.1661834716797,52.246978759765625,54.62604904174805,148.14663696289062,173.0841522216797,81.89178466796875,120.17053985595703,45.86711502075195,51.68674087524414,44.09361267089844,118.79096221923828,86.09182739257812,445.92999267578125
2026-04-20,706.8988037109375,154.37591552734375,52.44628143310547,54.675689697265625,146.77268981933594,173.4731903076172,81.822265625,119.6316146850586,45.459716796875,52.03543472290039,44.25222396850586,118.4418716430664,86.07205200195312,442.0899963378906
2026-04-21,702.2708129882812,154.50576782226562,52.117431640625,55.46996307373047,145.27928161621094,171.0192413330078,81.27605438232422,118.73340606689453,44.664794921875,51.5771484375,43.39969253540039,116.85600280761719,85.59744262695312,429.57000732421875
2026-04-22,709.3825073242188,157.90171813964844,52.027748107910156,56.13516616821289,145.7372589111328,170.62020874023438,81.54419708251953,118.6934814453125,44.58530044555664,51.636924743652344,43.08247375488281,117.57412719726562,85.7655258178711,435.260009765625
2026-04-23,706.6295776367188,155.65440368652344,51.619178771972656,56.57201385498047,145.59788513183594,173.64279174804688,82.9047622680664,117.50584411621094,45.79756164550781,51.617000579833984,43.57813262939453,117.08539581298828,85.57766723632812,431.0400085449219
2026-04-24,712.10546875,160.02919006347656,51.24050521850586,56.46280288696289,143.5469207763672,172.0467071533203,82.65648651123047,118.45396423339844,45.88698959350586,51.726585388183594,43.44926452636719,115.24020385742188,85.73587036132812,433.25
2026-04-27,713.332275390625,160.37876892089844,51.629146575927734,56.363521575927734,142.83009338378906,172.08660888671875,81.77261352539062,117.60564422607422,45.89692306518555,51.58710861206055,43.11221694946289,115.5094985961914,85.31069946289062,429.8900146484375
2026-04-28,709.8612060546875,157.66201782226562,51.669002532958984,57.29678726196289,143.20840454101562,170.56036376953125,82.50751495361328,116.77730560302734,45.956546783447266,51.208526611328125,43.528564453125,115.44965362548828,85.39968872070312,421.9100036621094
2026-04-29,709.7515258789062,158.92050170898438,51.7387580871582,58.607337951660156,142.21279907226562,169.512939453125,82.34861755371094,116.60763549804688,45.39016342163086,50.770164489746094,43.26091003417969,114.99085235595703,84.73721313476562,417.4100036621094
2026-04-30,716.8132934570312,159.31004333496094,51.948028564453125,59.222900390625,145.34898376464844,174.1515350341797,83.72903442382812,118.11463165283203,46.552738189697266,51.27826690673828,44.014312744140625,116.20768737792969,84.65811157226562,423.6600036621094
2026-05-01,718.7982177734375,161.67721557617188,51.7387580871582,58.42862319946289,144.5226287841797,172.53550720214844,83.59000396728516,118.39407348632812,46.254642486572266,51.15871047973633,43.93500518798828,116.4171371459961,84.96080780029297,423.17999267578125
2026-05-04,716.1649780273438,161.8570098876953,51.39994812011719,58.964759826660156,144.09449768066406,170.56036376953125,82.96434783935547,117.48589324951172,46.075782775878906,50.46132278442383,43.69709014892578,115.79874420166016,84.31572723388672,414.7099914550781
2026-05-05,721.9102172851562,165.4327392578125,51.409912109375,59.024330139160156,144.66200256347656,171.9868621826172,83.48075866699219,117.83518981933594,46.075782775878906,51.33803939819336,43.78630447387695,115.32996368408203,84.78216552734375,418.2699890136719
2026-05-06,731.9443359375,169.82749938964844,51.65903854370117,56.59187316894531,144.7615509033203,176.4359130859375,83.65951538085938,119.6316146850586,45.41997146606445,52.21476364135742,44.351356506347656,117.04550170898438,85.42723846435547,430.9599914550781
2026-05-07,729.7001342773438,169.4879150390625,51.370052337646484,55.54939270019531,144.0845489501953,173.5729522705078,83.40131378173828,119.64159393310547,44.83371353149414,51.208526611328125,44.014312744140625,117.07542419433594,85.00049591064453,431.67999267578125
2026-05-08,735.724609375,175.31097412109375,51.061134338378906,55.30118179321289,142.85995483398438,172.77491760253906,83.59993743896484,119.96095275878906,44.43625259399414,51.39781951904297,44.02422332763672,116.6365737915039,85.42723846435547,433.7699890136719
2026-05-11,737.4002685546875,177.66815185546875,51.0013427734375,56.76065444946289,142.41192626953125,174.6103973388672,82.79551696777344,119.13261413574219,44.85358810424805,52.0653190612793,44.182830810546875,115.28009796142578,84.91117858886719,434.6499938964844
2026-05-12,736.2831420898438,174.99134826660156,51.39994812011719,57.15779113769531,145.2095947265625,173.92210388183594,83.85814666748047,118.05475616455078,44.90327072143555,51.945770263671875,44.1927490234375,115.55937194824219,84.34550476074219,432.92999267578125
2026-05-13,740.4025268554688,176.63938903808594,50.812007904052734,57.21736145019531,146.06581115722656,173.19387817382812,84.13621520996094,118.48390197753906,44.38656997680664,51.86606979370117,43.825958251953125,116.45703887939453,84.15695190429688,430.5
2026-05-14,746.2474975585938,179.28622436523438,51.1109619140625,57.654212951660156,145.9861602783203,174.08169555664062,84.39442443847656,118.43399810791016,44.6151123046875,51.47751998901367,43.528564453125,116.8061294555664,84.27603149414062,427.2099914550781
2026-05-15,737.2706298828125,176.05007934570312,50.92162322998047,59.014400482177734,144.462890625,170.9793243408203,84.0567626953125,116.29825592041016,43.591644287109375,50.11262130737305,42.85447311401367,115.77880096435547,83.02558898925781,417.2900085449219
2026-05-18,736.751953125,174.15234375,51.559391021728516,60.146240234375,145.0801544189453,170.3309326171875,85.3080825805664,116.08867645263672,43.66120147705078,50.03292465209961,43.369956970214844,116.67646789550781,82.92634582519531,418.42999267578125
2026-05-19,731.8446044921875,173.03367614746094,50.92162322998047,60.851158142089844,146.6731414794922,168.32586669921875,85.49677276611328,114.80123901367188,44.05866241455078,48.85731887817383,43.55830383300781,115.54939270019531,82.39044189453125,411.5
2026-05-20,739.3452758789062,176.9290313720703,51.47966766357422,59.371822357177734,146.48397827148438,170.31097412109375,84.93069458007812,117.70545196533203,44.22758483886719,49.534786224365234,44.04404830932617,115.79874420166016,83.27369689941406,417.3999938964844
2026-05-21,740.8114624023438,178.38729858398438,51.54942321777344,58.70662307739258,147.49948120117188,170.11146545410156,84.07662963867188,118.46393585205078,44.7144775390625,49.83366775512695,44.113441467285156,115.79874420166016,83.58133697509766,416.989990234375
2026-05-22,743.7239990234375,180.17515563964844,51.758689880371094,59.06404495239258,149.23184204101562,171.3484344482422,84.21566772460938,118.94298553466797,45.062252044677734,50.1026611328125,44.17292022705078,115.16040802001953,84.03784942626953,413.82000732421875
2026-05-26,748.6613159179688,184.9195098876953,51.669002532958984,57.43578338623047,147.85791015625,173.87222290039062,83.05371856689453,119.21244812011719,45.04238510131836,50.80005645751953,44.321617126464844,115.25017547607422,84.45466613769531,414.0
2026-05-27,748.5316162109375,184.21034240722656,51.24050521850586,56.581947326660156,148.1366729736328,173.87222290039062,83.99717712402344,121.30827331542969,44.85358810424805,50.98934555053711,44.242313385009766,115.95833587646484,84.65316009521484,408.489990234375
2026-05-28,752.6609497070312,186.62747192382812,51.09103012084961,56.542232513427734,150.21751403808594,173.37344360351562,83.84821319580078,121.81725311279297,44.346824645996094,51.16867446899414,44.02422332763672,116.36726379394531,85.08981323242188,412.7699890136719
2026-05-29,754.5361328125,190.79251098632812,51.39994812011719,55.886959075927734,148.81369018554688,172.70509338378906,82.33869171142578,120.62963104248047,44.138153076171875,50.95945739746094,43.607872009277344,115.38981628417969,85.10967254638672,417.1199951171875
2026-06-01,756.5908203125,195.52685546875,51.25047302246094,56.88972473144531,147.1908416748047,171.9768829345703,81.46475219726562,117.9549560546875,42.82653045654297,50.73031234741211,42.894126892089844,115.31002044677734,85.1554946899414,411.260009765625
2026-06-02,757.6182250976562,197.9739532470703,51.280364990234375,57.54499816894531,145.75717163085938,173.7624969482422,81.26612854003906,117.35614776611328,43.621456146240234,51.32807922363281,43.11221694946289,113.27531433105469,85.3348388671875,411.95001220703125
2026-06-03,752.3018798828125,195.9962921142578,50.69242477416992,58.28962707519531,146.90213012695312,173.62283325195312,81.59385681152344,116.49786376953125,43.43265914916992,51.43767166137695,43.13203811645508,111.78917694091797,84.99608612060547,407.8699951171875
2026-06-04,755.1445922851562,192.93994140625,52.007816314697266,58.329341888427734,151.4122314453125,175.7276611328125,81.47467803955078,117.02680969238281,43.66120147705078,51.427703857421875,44.014312744140625,112.8165054321289,85.18538665771484,411.2699890136719
2026-06-05,735.65478515625,180.08526611328125,52.117431640625,57.25707244873047,152.33815002441406,173.75250244140625,82.86503601074219,114.63157653808594,44.068599700927734,50.4413948059082,44.311702728271484,111.38024139404297,84.74700164794922,396.239990234375
2026-06-08,737.3204345703125,183.9606475830078,51.7885856628418,57.912349700927734,151.97972106933594,173.20387268066406,82.4975814819336,115.1605224609375,43.243865966796875,49.773887634277344,43.64752197265625,110.80174255371094,84.30862426757812,397.2699890136719
2026-06-09,735.1560668945312,180.55471801757812,52.27687454223633,56.97908020019531,153.8913116455078,175.16903686523438,83.5204849243164,115.63957214355469,43.70094680786133,50.580875396728516,44.57936096191406,111.19073486328125,84.8067855834961,390.7799987792969
2026-06-10,723.56591796875,176.41964721679688,52.04767608642578,57.832923889160156,152.17886352539062,169.2436065673828,84.90090942382812,113.26429748535156,43.720821380615234,49.41522979736328,44.599185943603516,110.72195434570312,84.56766510009766,374.5799865722656
2026-06-11,735.8642578125,182.99180603027344,52.436317443847656,56.71101379394531,153.4134063720703,174.72012329101562,84.68241882324219,116.06871795654297,43.770503997802734,51.029197692871094,44.529788970947266,111.8290786743164,85.66361999511719,386.32000732421875
2026-06-12,739.843994140625,184.5799102783203,53.153804779052734,57.137935638427734,153.13462829589844,175.7476043701172,85.22863006591797,116.36811828613281,44.24745559692383,51.98562240600586,44.96596908569336,111.36029815673828,85.45439147949219,386.5400085449219
2026-06-15,752.890380859375,191.56158447265625,53.3730354309082,55.15225601196289,152.2186737060547,178.241455078125,84.89098358154297,118.33419799804688,44.45612716674805,52.30442810058594,44.599185943603516,111.89889526367188,85.40457916259766,396.54998779296875
2026-06-16,748.4019775390625,186.21795654296875,54.1602783203125,54.96361541748047,152.26846313476562,179.40859985351562,85.00021362304688,118.22441864013672,44.77409744262695,52.52360916137695,44.708229064941406,112.02855682373047,85.87284851074219,397.6300048828125
2026-06-17,739.0560302734375,185.57872009277344,53.861324310302734,54.2785530090332,150.04824829101562,179.15921020507812,83.10337829589844,115.26032257080078,44.17790222167969,51.82621765136719,43.58804702758789,108.9166488647461,86.01233673095703,388.6000061035156
2026-06-18,746.739990234375,191.21200561523438,53.382999420166016,53.38500213623047,148.74398803710938,180.46600341796875,82.72599792480469,116.92700958251953,44.47599792480469,51.617000579833984,43.479000091552734,109.16600036621094,86.4307861328125,387.1199951171875
2026-06-22,744.3900146484375,192.14999389648438,53.70000076293945,54.060001373291016,150.05999755859375,181.8000030517578,82.18000030517578,114.94000244140625,44.720001220703125,51.619998931884766,44.02000045776367,106.86000061035156,85.77320861816406,384.5899963378906
2026-06-23,733.5800170898438,184.19000244140625,53.880001068115234,54.459999084472656,152.17999267578125,178.14999389648438,83.72000122070312,113.76000213623047,45.06999969482422,50.869998931884766,44.63999938964844,107.2699966430664,85.88280487060547,377.32000732421875
2026-06-24,733.239990234375,183.0500030517578,53.720001220703125,53.56999969482422,153.35000610351562,180.2100067138672,84.44000244140625,115.06999969482422,45.540000915527344,51.15999984741211,44.5099983215332,106.54000091552734,87.05846405029297,365.9200134277344
2026-06-25,734.2999877929688,184.57000732421875,53.45000076293945,54.09000015258789,155.6300048828125,184.1199951171875,83.94000244140625,113.3499984741211,45.849998474121094,51.84000015258789,44.59000015258789,105.58000183105469,87.02857971191406,369.4599914550781
2026-06-26,728.989990234375,181.11000061035156,53.56999969482422,53.84000015258789,160.33999633789062,181.1999969482422,84.70999908447266,114.37000274658203,46.20000076293945,51.599998474121094,45.2400016784668,106.18000030517578,87.03854370117188,373.6300048828125
2026-06-29,741.0,185.41000366210938,53.720001220703125,53.58000183105469,160.74000549316406,182.75999450683594,84.37000274658203,117.12000274658203,46.02000045776367,50.65999984741211,44.91999816894531,107.87999725341797,87.12820434570312,368.5799865722656
2026-06-30,746.77001953125,190.52000427246094,53.61000061035156,53.11000061035156,158.66000366210938,185.22999572753906,83.06999969482422,117.27999877929688,45.34000015258789,50.83000183105469,44.029998779296875,107.12999725341797,86.10199737548828,368.3800048828125
2026-07-01,745.760009765625,185.6199951171875,54.779998779296875,52.810001373291016,159.5399932861328,183.36000061035156,83.30000305175781,118.08999633789062,44.77000045776367,51.02000045776367,44.18000030517578,109.73999786376953,85.5199966430664,370.6000061035156
2026-07-02,744.780029296875,180.58999633789062,55.619998931884766,53.220001220703125,163.74000549316406,183.91000366210938,84.98999786376953,117.12000274658203,45.7599983215332,52.0099983215332,44.68000030517578,109.5999984741211,85.51000213623047,378.1300048828125
2026-07-06,751.280029296875,183.57000732421875,56.13999938964844,53.130001068115234,161.9600067138672,185.55999755859375,84.0999984741211,118.01000213623047,45.29999923706055,51.97999954223633,44.290000915527344,110.20999908447266,85.44999694824219,382.1300048828125
2026-07-07,747.7100219726562,179.17999267578125,56.04999923706055,54.63999938964844,164.44000244140625,182.3800048828125,84.86000061035156,117.38999938964844,45.70000076293945,51.5099983215332,44.88999938964844,111.0199966430664,84.55000305175781,377.489990234375
2026-07-08,745.4000244140625,181.39999389648438,54.970001220703125,55.599998474121094,162.3000030517578,180.4199981689453,84.38999938964844,115.30000305175781,45.36000061035156,50.15999984741211,44.150001525878906,109.45999908447266,84.36000061035156,374.45001220703125
2026-07-09,751.7100219726562,185.35000610351562,55.540000915527344,54.81999969482422,162.1699981689453,181.11000061035156,83.19999694824219,116.8499984741211,45.130001068115234,50.2599983215332,44.22999954223633,110.51000213623047,84.48999786376953,378.17999267578125
2026-07-10,754.9500122070312,185.77999877929688,55.709999084472656,55.08000183105469,160.83999633789062,181.9199981689453,84.12000274658203,117.23999786376953,45.40999984741211,50.88999938964844,44.45000076293945,111.63999938964844,84.47000122070312,377.010009765625
2026-07-13,749.1699829101562,181.27999877929688,56.06999969482422,56.7400016784668,161.41000366210938,180.3699951171875,84.58999633789062,116.04000091552734,45.720001220703125,50.58000183105469,44.70000076293945,111.58999633789062,83.97000122070312,367.1300048828125
2026-07-14,751.8300170898438,183.6199951171875,56.18000030517578,56.95000076293945,158.2899932861328,180.4499969482422,83.41999816894531,115.9000015258789,45.689998626708984,50.63999938964844,44.47999954223633,111.44999694824219,84.08000183105469,372.1499938964844
2026-07-15,754.8099975585938,181.5800018310547,56.560001373291016,56.5,158.2899932861328,180.05999755859375,83.47000122070312,117.0,45.220001220703125,50.5,44.560001373291016,113.37999725341797,84.23999786376953,372.3500061035156
2026-07-16,750.719970703125,177.52000427246094,56.75,57.02000045776367,161.8000030517578,180.14999389648438,85.80999755859375,117.33999633789062,45.470001220703125,50.88999938964844,45.459999084472656,112.6500015258789,84.20999908447266,364.9599914550781
2026-07-17,743.2899780273438,175.58999633789062,56.2599983215332,57.68000030517578,161.08999633789062,179.41000366210938,85.19000244140625,115.44000244140625,45.16999816894531,50.529998779296875,45.41999816894531,110.6500015258789,84.5199966430664,368.4100036621094
2026-07-20,742.0900268554688,175.7100067138672,56.040000915527344,57.939998626708984,159.25,178.1199951171875,84.86000061035156,114.61000061035156,44.939998626708984,50.029998779296875,45.22999954223633,110.80000305175781,83.88999938964844,367.6000061035156
2026-07-21,748.280029296875,180.77999877929688,56.11000061035156,58.5,160.25,178.66000366210938,84.05999755859375,114.87000274658203,44.91999816894531,50.099998474121094,45.20000076293945,110.02999877929688,83.66000366210938,374.80999755859375
2026-07-22,747.4099731445312,180.27000427246094,56.04999923706055,59.20000076293945,159.42999267578125,178.85000610351562,84.37999725341797,114.0199966430664,45.93000030517578,50.81999969482422,45.0099983215332,109.19999694824219,83.44000244140625,379.1199951171875
